{"type":"FeatureCollection","bbox":[97.843,7.412,114.149,23.514],"features":[{"type":"Feature","geometry":{"type":"MultiPolygon","coordinates":[[[[98.36589603000004,7.6111107440000865],[98.36858157600005,7.612941799000055],[98.37541751400005,7.6130638690000865],[98.37907962300005,7.615139065000051],[98.38054446700005,7.60610586100006],[98.37614993600005,7.599595445000091],[98.37232506600003,7.593898830000057],[98.36418704500005,7.585842190000051],[98.35906009200005,7.585842190000051],[98.36093183700007,7.6054955100000825],[98.36589603000004,7.6111107440000865]]],[[[98.39535566500007,7.850490627000056],[98.39812259200005,7.815008856000077],[98.36231530000003,7.832424221000053],[98.34392337300005,7.832912502000056],[98.33611087300005,7.8112653670000896],[98.33253014400003,7.785956122000073],[98.32309004000007,7.77094147300005],[98.30909264400003,7.767726955000057],[98.29184004000007,7.777492580000057],[98.28663170700003,7.791693427000041],[98.28142337300005,7.855943101000037],[98.27767988400007,7.863430080000057],[98.27295983200003,7.8706729190000715],[98.26905358200003,7.879136460000041],[98.26775149800005,7.89008209800005],[98.27198326900003,7.893459377000056],[98.28003991000003,7.896918036000045],[98.28532962300005,7.90375397300005],[98.28142337300005,7.91742584800005],[98.27572675900007,7.921047268000052],[98.25798587300005,7.92641836100006],[98.25416100400008,7.928290106000077],[98.25863691500007,7.938299872000073],[98.26758873800003,7.946275132000039],[98.27409915500004,7.953680731000077],[98.27149498800003,7.962103583000044],[98.26596113400007,7.973781643000052],[98.27003014400003,7.9839541690000715],[98.27759850400008,7.993557033000059],[98.28142337300005,8.003078518000052],[98.28044681100005,8.014227606000077],[98.27613366000003,8.03384023600006],[98.27442467500003,8.06932200700004],[98.27515709700003,8.075669664000088],[98.27759850400008,8.083156643000052],[98.28532962300005,8.098863023000092],[98.28825931100005,8.109198309000078],[98.29021243600005,8.130113023000092],[98.28891035200007,8.15180084800005],[98.28142337300005,8.191799221000053],[98.28598066500007,8.191148179000038],[98.28907311300003,8.18968333500004],[98.29566491000003,8.184963283000059],[98.30290774800005,8.188055731000077],[98.31153405000003,8.18553294500009],[98.32081139400003,8.179103908000059],[98.33008873800003,8.170477606000077],[98.33570397200003,8.156439520000049],[98.34351647200003,8.109198309000078],[98.34961998800003,8.109198309000078],[98.36011803500003,8.118841864000046],[98.37370853000004,8.110907294000071],[98.38917076900003,8.095445054000038],[98.40552819100003,8.082505601000037],[98.41285241000003,8.094305731000077],[98.42261803500003,8.099310614000046],[98.43213951900003,8.09593333500004],[98.43913821700005,8.082505601000037],[98.43848717500003,8.065741278000075],[98.43189537900008,8.04979075700004],[98.41863040500004,8.027289130000042],[98.41773522200003,8.019110419000071],[98.41993248800003,8.00104401200008],[98.41863040500004,7.993150132000039],[98.41431725400008,7.98891836100006],[98.40821373800003,7.9856631530000755],[98.40219160200007,7.981024481000077],[98.39812259200005,7.972642320000091],[98.39747155000003,7.955023505000042],[98.40154056100005,7.935777085000041],[98.40894616000003,7.917710679000038],[98.41863040500004,7.90375397300005],[98.42188561300003,7.908433335000041],[98.42798912900008,7.913234768000052],[98.43165123800003,7.91742584800005],[98.43962649800005,7.9019229190000715],[98.43978925900007,7.886623440000051],[98.43181399800005,7.874945380000042],[98.39966881600003,7.8645694030000755],[98.39535566500007,7.850490627000056]]],[[[98.25098717500003,8.918443101000037],[98.25570722700007,8.93976471600007],[98.25586998800003,8.966376044000071],[98.25220787900008,8.997015692000048],[98.26091556100005,9.012925523000092],[98.27930748800003,9.009344794000071],[98.28842207100007,9.004461981000077],[98.29908287900008,8.997381903000075],[98.31088300900007,8.978176174000055],[98.30697675900007,8.957912502000056],[98.29395592500003,8.93463776200008],[98.27051842500003,8.87718333500004],[98.26156660200007,8.878566799000055],[98.25310306100005,8.897853908000059],[98.25098717500003,8.918443101000037]]],[[[98.25424238400007,9.036810614000046],[98.24048912900008,9.048976955000057],[98.24000084700003,9.062689520000049],[98.24838300900007,9.143377997000073],[98.24822024800005,9.150091864000046],[98.25082441500007,9.154038804000038],[98.26091556100005,9.158148505000042],[98.27328535200007,9.159979559000078],[98.28223717500003,9.156724351000037],[98.29566491000003,9.14516836100006],[98.30787194100003,9.133002020000049],[98.31739342500003,9.117132880000042],[98.32276451900003,9.09796784100007],[98.32300866000003,9.076239325000074],[98.30201256600003,9.055161851000037],[98.30933678500003,9.048976955000057],[98.29444420700003,9.041571356000077],[98.27418053500003,9.035956122000073],[98.25424238400007,9.036810614000046]]],[[[98.29688561300003,9.21625397300005],[98.29379316500007,9.207953192000048],[98.29460696700005,9.202622789000088],[98.29737389400003,9.19725169500009],[98.29460696700005,9.191961981000077],[98.28109785200007,9.176052151000079],[98.26978600400008,9.16828034100007],[98.26514733200003,9.175604559000078],[98.26596113400007,9.196600653000075],[98.27149498800003,9.201931057000081],[98.30616295700003,9.257513739000046],[98.31446373800003,9.257595119000086],[98.31845136800007,9.249050197000088],[98.30876712300005,9.229641018000052],[98.29688561300003,9.21625397300005]]],[[[97.87614993600005,9.390204169000071],[97.87183678500003,9.379584052000041],[97.843,9.40196759168634],[97.843,9.424380576436215],[97.84359785200007,9.424953518000052],[97.85084069100003,9.42837148600006],[97.85726972700007,9.42869700700004],[97.86841881600003,9.420396226000037],[97.87468509200005,9.40570709800005],[97.87614993600005,9.390204169000071]]],[[[97.88697350400008,9.43821849200009],[97.87720787900008,9.442084052000041],[97.86988366000003,9.440741278000075],[97.86996504000007,9.42523834800005],[97.84961998800003,9.44212474200009],[97.85328209700003,9.461371161000045],[97.87183678500003,9.473049221000053],[97.89527428500003,9.467352606000077],[97.89942467500003,9.461127020000049],[97.90015709700003,9.453070380000042],[97.89820397200003,9.444973049000055],[97.89478600400008,9.438706773000092],[97.88697350400008,9.43821849200009]]],[[[97.97738691500007,9.624741929000038],[97.97836347700007,9.613633531000062],[97.96843509200005,9.597805080000057],[97.96257571700005,9.624579169000071],[97.95883222700007,9.62335846600007],[97.95573978000004,9.62913646000004],[97.96045983200003,9.638413804000038],[97.97527103000004,9.633937893000052],[97.97738691500007,9.624741929000038]]],[[[98.41163170700003,9.76829661700009],[98.41781660200007,9.74705638200004],[98.41667728000004,9.73346588700008],[98.39812259200005,9.706244208000044],[98.38493899800005,9.727932033000059],[98.38965905000003,9.74241771000004],[98.40211022200003,9.75584544500009],[98.41163170700003,9.774562893000052],[98.41163170700003,9.76829661700009]]],[[[98.03760826900003,9.790716864000046],[98.01832116000003,9.79490794500009],[98.00806725400008,9.807440497000073],[98.01539147200003,9.82640208500004],[98.03028405000003,9.833400783000059],[98.04607181100005,9.827948309000078],[98.05689537900008,9.81435781500005],[98.05746504000007,9.79686107000009],[98.03760826900003,9.790716864000046]]],[[[98.44247480600006,9.79588450700004],[98.43694095100005,9.80219147300005],[98.43433678500003,9.814642645000049],[98.43506920700003,9.823431708000044],[98.43685957100007,9.827297268000052],[98.43938235800005,9.827012437000064],[98.44393964900007,9.830471096000053],[98.44548587300005,9.84328847900008],[98.44239342500003,9.849880276000079],[98.44011478000004,9.854641018000052],[98.44532311300003,9.861151434000078],[98.44817142000005,9.861883856000077],[98.45199629000007,9.87010325700004],[98.46225019600007,9.859401760000083],[98.46753991000003,9.857530015000066],[98.47445722700007,9.858303127000056],[98.46607506600003,9.83893463700008],[98.46965579500005,9.827460028000075],[98.46941165500004,9.819199937000064],[98.46583092500003,9.812689520000049],[98.46119225400008,9.81517161700009],[98.45687910200007,9.78709544500009],[98.45004316500007,9.797145901000079],[98.44247480600006,9.79588450700004]]],[[[98.28825931100005,10.007961330000057],[98.26921634200005,10.00259023600006],[98.25814863400007,9.985988674000055],[98.25123131600003,9.968329169000071],[98.24390709700003,9.960109768000052],[98.22779381600003,9.954006252000056],[98.19353274800005,9.931463934000078],[98.17896569100003,9.932806708000044],[98.17546634200005,9.921454169000071],[98.17090905000003,9.912258205000057],[98.16846764400003,9.90460846600007],[98.17156009200005,9.898098049000055],[98.14576256600003,9.856838283000059],[98.13347415500004,9.84560781500005],[98.13119550900007,9.864488023000092],[98.12061608200003,9.86131419500009],[98.11719811300003,9.882025458000044],[98.11817467500003,9.90851471600007],[98.12037194100003,9.922552802000041],[98.12427819100003,9.931382554000038],[98.12745201900003,9.960109768000052],[98.14063561300003,9.963283596000053],[98.14820397200003,9.970363674000055],[98.15186608200003,9.977443752000056],[98.15447024800005,9.980617580000057],[98.16016686300003,9.984116929000038],[98.16431725400008,9.992254950000074],[98.16781660200007,10.00141022300005],[98.17156009200005,10.007961330000057],[98.17896569100003,10.014105536000045],[98.20573978000004,10.028998114000046],[98.23462975400008,10.054185289000088],[98.25440514400003,10.062689520000049],[98.27515709700003,10.05565013200004],[98.27963300900007,10.058661200000074],[98.28248131600003,10.059393622000073],[98.29566491000003,10.05565013200004],[98.29566491000003,10.048895575000074],[98.28003991000003,10.05101146000004],[98.27393639400003,10.048041083000044],[98.27369225400008,10.042181708000044],[98.27515709700003,10.035834052000041],[98.28101647200003,10.02838776200008],[98.28939863400007,10.024318752000056],[98.29411868600005,10.019110419000071],[98.28825931100005,10.007961330000057]]],[[[98.19605553500003,10.193182684000078],[98.22217858200003,10.177923895000049],[98.24048912900008,10.172349351000037],[98.24089603000004,10.167792059000078],[98.23951256600003,10.166489976000037],[98.23682701900003,10.166408596000053],[98.23365319100003,10.165513414000088],[98.23072350400008,10.159572658000059],[98.22779381600003,10.15525950700004],[98.22771243600005,10.150824286000045],[98.23365319100003,10.144476630000042],[98.21843509200005,10.13617584800005],[98.20777428500003,10.128648179000038],[98.20142662900008,10.118068752000056],[98.19532311300003,10.070502020000049],[98.18580162900008,10.04205963700008],[98.18580162900008,10.121161200000074],[98.18360436300003,10.127020575000074],[98.17383873800003,10.140122789000088],[98.17156009200005,10.148138739000046],[98.17530358200003,10.159409898000092],[98.18189537900008,10.16860586100006],[98.18523196700005,10.17682526200008],[98.17896569100003,10.18545156500005],[98.17896569100003,10.192857164000088],[98.19605553500003,10.193182684000078]]],[[[97.95850670700003,10.134100653000075],[97.96159915500004,10.148179429000038],[97.96713300900007,10.15342845300006],[97.97453860800005,10.161078192000048],[97.97706139400003,10.175197658000059],[97.98536217500003,10.171454169000071],[97.98568769600007,10.16307200700004],[97.98609459700003,10.144964911000045],[97.98080488400007,10.136013088000084],[97.97730553500003,10.140366929000038],[97.97250410200007,10.14443594000005],[97.96794681100005,10.139268296000068],[97.96688886800007,10.133734442000048],[97.96037845100005,10.126003322000088],[97.95850670700003,10.134100653000075]]],[[[97.93848717500003,10.43781159100007],[97.93336022200003,10.433742580000057],[97.92676842500003,10.432033596000053],[97.91773522200003,10.43305084800005],[97.92693118600005,10.417181708000044],[97.93189537900008,10.41201406500005],[97.91016686300003,10.401922919000071],[97.89380944100003,10.405991929000038],[97.88941491000003,10.419989325000074],[97.90406334700003,10.439276434000078],[97.89779707100007,10.452093817000048],[97.89340254000007,10.470770575000074],[97.89625084700003,10.487534898000092],[97.91146894600007,10.494533596000053],[97.90259850400008,10.479315497000073],[97.90870201900003,10.473456122000073],[97.91944420700003,10.473089911000045],[97.92505944100003,10.47406647300005],[97.93067467500003,10.468166408000059],[97.93531334700003,10.46116771000004],[97.94353274800005,10.443793036000045],[97.93848717500003,10.43781159100007]]],[[[98.23243248800003,10.526922919000071],[98.22982832100007,10.522406317000048],[98.22868899800005,10.519964911000045],[98.22185306100005,10.498114325000074],[98.20736738400007,10.48346588700008],[98.19271894600007,10.48240794500009],[98.18531334700003,10.501166083000044],[98.18970787900008,10.515570380000042],[98.20199629000007,10.524318752000056],[98.21794681100005,10.528550523000092],[98.23365319100003,10.529364325000074],[98.23243248800003,10.526922919000071]]],[[[97.98804772200003,10.53978099200009],[97.96843509200005,10.548976955000057],[97.96355228000004,10.552069403000075],[97.95891360800005,10.553005276000079],[97.94369550900007,10.55768463700008],[97.94141686300003,10.560288804000038],[97.94784589900007,10.564276434000078],[97.95362389400003,10.564072984000063],[97.95753014400003,10.560939846000053],[97.96314537900008,10.56736888200004],[97.96566816500007,10.571193752000056],[97.97527103000004,10.574489651000079],[97.98161868600005,10.573553778000075],[97.99000084700003,10.568101304000038],[98.00188235800005,10.565008856000077],[98.00985761800007,10.570095119000086],[98.00643964900007,10.578233140000066],[98.01514733200003,10.590114651000079],[98.02654056100005,10.59088776200008],[98.02442467500003,10.58071523600006],[98.02507571700005,10.570705471000053],[98.02947024800005,10.568101304000038],[98.03134199300007,10.56399160400008],[98.02572675900007,10.560817776000079],[98.01946048300005,10.56236399900007],[98.01636803500003,10.558172919000071],[98.00334720100005,10.552069403000075],[97.99960371200007,10.537665106000077],[97.99089603000004,10.537705796000068],[97.98804772200003,10.53978099200009]]],[[[98.29566491000003,10.73468659100007],[98.29053795700003,10.735256252000056],[98.28923587300005,10.733587958000044],[98.28931725400008,10.730617580000057],[98.28825931100005,10.72728099200009],[98.27662194100003,10.705145575000074],[98.26783287900008,10.696519273000092],[98.25074303500003,10.693101304000038],[98.23682701900003,10.697333075000074],[98.23218834700003,10.708319403000075],[98.23365319100003,10.74095286700009],[98.23780358200003,10.73818594000005],[98.24048912900008,10.73468659100007],[98.25554446700005,10.74640534100007],[98.25163821700005,10.756008205000057],[98.23365319100003,10.768255927000041],[98.23389733200003,10.782863674000055],[98.24195397200003,10.814398505000042],[98.24048912900008,10.830959377000056],[98.23658287900008,10.833644924000055],[98.22291100400008,10.83779531500005],[98.21998131600003,10.84088776200008],[98.21949303500003,10.84983958500004],[98.21851647200003,10.855617580000057],[98.21631920700003,10.859849351000037],[98.19874108200003,10.881659247000073],[98.17896569100003,10.898586330000057],[98.17676842500003,10.894029039000088],[98.17335045700003,10.88930898600006],[98.17156009200005,10.884955145000049],[98.16529381600003,10.919094143000052],[98.15577233200003,10.923976955000057],[98.14673912900008,10.924505927000041],[98.14014733200003,10.91990794500009],[98.13746178500003,10.909125067000048],[98.13103274800005,10.902899481000077],[98.10027103000004,10.882025458000044],[98.08961022200003,10.878119208000044],[98.07740319100003,10.888088283000059],[98.08619225400008,10.903957424000055],[98.11011803500003,10.929348049000055],[98.11296634200005,10.934027411000045],[98.12631269600007,10.942206122000073],[98.13119550900007,10.94635651200008],[98.13331139400003,10.952948309000078],[98.13672936300003,10.970648505000042],[98.14087975400008,10.977443752000056],[98.15349368600005,10.981146552000041],[98.17188561300003,10.978664455000057],[98.19117272200003,10.971177476000037],[98.20573978000004,10.96002838700008],[98.21558678500003,10.944525458000044],[98.22201582100007,10.926662502000056],[98.22559655000003,10.907416083000044],[98.22681725400008,10.888088283000059],[98.23178144600007,10.870266018000052],[98.24366295700003,10.85927969000005],[98.25733483200003,10.84992096600007],[98.26775149800005,10.837144273000092],[98.27068118600005,10.81867096600007],[98.27076256600003,10.798895575000074],[98.27637780000003,10.784491278000075],[98.29566491000003,10.781927802000041],[98.28687584700003,10.768947658000059],[98.28296959700003,10.756537177000041],[98.28532962300005,10.745062567000048],[98.29566491000003,10.73468659100007]]],[[[97.89063561300003,10.854722398000092],[97.89454186300003,10.86424388200004],[97.89454186300003,10.873968817000048],[97.89039147200003,10.884955145000049],[97.89633222700007,10.913275458000044],[97.91195722700007,10.924261786000045],[97.93197675900007,10.92405833500004],[97.95183353000004,10.919094143000052],[97.94125410200007,10.891546942000048],[97.92774498800003,10.871975002000056],[97.90919030000003,10.857245184000078],[97.88355553500003,10.844549872000073],[97.89063561300003,10.854722398000092]]],[[[98.43287194100003,10.99359772300005],[98.44255618600005,11.00299713700008],[98.45142662900008,11.00193919500009],[98.45289147200003,10.986273505000042],[98.44800866000003,10.974310614000046],[98.44027754000007,10.96556224200009],[98.43295332100007,10.965033270000049],[98.42953535200007,10.977728583000044],[98.43287194100003,10.99359772300005]]],[[[98.30868574300007,11.038560289000088],[98.31853274800005,11.038560289000088],[98.31918379000007,11.029649156000062],[98.32325280000003,11.026149807000081],[98.32536868600005,11.017360744000086],[98.31885826900003,11.007391669000071],[98.30925540500004,11.00617096600007],[98.29997806100005,11.016140041000085],[98.29688561300003,11.021063544000071],[98.30062910200007,11.025539455000057],[98.30868574300007,11.038560289000088]]],[[[98.24317467500003,11.242987372000073],[98.23218834700003,11.25381094000005],[98.22185306100005,11.261908270000049],[98.21998131600003,11.269110419000071],[98.23170006600003,11.273911851000037],[98.25245201900003,11.276068427000041],[98.28142337300005,11.275946356000077],[98.27466881600003,11.256293036000045],[98.27515709700003,11.24803294500009],[98.28101647200003,11.245835679000038],[98.29004967500003,11.248114325000074],[98.29835045700003,11.248602606000077],[98.30201256600003,11.24119700700004],[98.29509524800005,11.231146552000041],[98.27955162900008,11.223211981000077],[98.24732506600003,11.214504299000055],[98.24732506600003,11.22752513200004],[98.24317467500003,11.242987372000073]]],[[[98.11670983200003,11.398586330000057],[98.11296634200005,11.401068427000041],[98.10368899800005,11.407090562000064],[98.10084069100003,11.411769924000055],[98.10531660200007,11.412543036000045],[98.10670006600003,11.416612046000068],[98.11011803500003,11.419704494000086],[98.11939537900008,11.41982656500005],[98.12509199300007,11.413112697000088],[98.13192793100006,11.415065822000088],[98.13843834700003,11.41469961100006],[98.13770592500003,11.418565171000068],[98.13624108200003,11.423244533000059],[98.14047285200007,11.422390041000085],[98.14413496200007,11.424099026000079],[98.14844811300003,11.42218659100007],[98.14885501400005,11.41705963700008],[98.14682050900007,11.40774160400008],[98.14909915500004,11.386338609000063],[98.14844811300003,11.374294338000084],[98.14503014400003,11.378322658000059],[98.13876386800007,11.379258531000062],[98.13412519600007,11.37986888200004],[98.13038170700003,11.376166083000044],[98.12086022200003,11.401068427000041],[98.11670983200003,11.398586330000057]]],[[[98.30201256600003,11.714178778000075],[98.30030358200003,11.704779364000046],[98.30201256600003,11.673244533000059],[98.29004967500003,11.631659247000073],[98.28785241000003,11.610907294000071],[98.29566491000003,11.59125397300005],[98.28256269600007,11.566351630000042],[98.28353925900007,11.509426174000055],[98.27515709700003,11.48078034100007],[98.26775149800005,11.488226630000042],[98.26587975400008,11.48305898600006],[98.26351972700007,11.47882721600007],[98.26156660200007,11.474188544000071],[98.26091556100005,11.46775950700004],[98.25171959700003,11.476507880000042],[98.23764082100007,11.493801174000055],[98.23365319100003,11.501898505000042],[98.22673587300005,11.494289455000057],[98.22348066500007,11.488836981000077],[98.22364342500003,11.482977606000077],[98.22681725400008,11.473944403000075],[98.21013431100005,11.472723700000074],[98.20199629000007,11.46625397300005],[98.20460045700003,11.458482164000088],[98.21998131600003,11.453517971000053],[98.21029707100007,11.448919989000046],[98.19890384200005,11.446478583000044],[98.18702233200003,11.446437893000052],[98.17652428500003,11.449164130000042],[98.16529381600003,11.453517971000053],[98.16488691500007,11.458482164000088],[98.16529381600003,11.473944403000075],[98.17505944100003,11.470892645000049],[98.18409264400003,11.47264232000009],[98.19223066500007,11.478664455000057],[98.19947350400008,11.488226630000042],[98.19646243600005,11.49705638200004],[98.19263756600003,11.518011786000045],[98.18897545700003,11.525824286000045],[98.18751061300003,11.534979559000078],[98.19646243600005,11.542385158000059],[98.20753014400003,11.548407294000071],[98.21314537900008,11.553412177000041],[98.21094811300003,11.561468817000048],[98.20630944100003,11.56476471600007],[98.20167076900003,11.56907786700009],[98.19947350400008,11.580471096000053],[98.20264733200003,11.589178778000075],[98.21680748800003,11.598944403000075],[98.22291100400008,11.617580471000053],[98.22974694100003,11.62099844000005],[98.23658287900008,11.622259833000044],[98.24048912900008,11.624823309000078],[98.24089603000004,11.63617584800005],[98.23462975400008,11.655585028000075],[98.23365319100003,11.666408596000053],[98.23845462300005,11.687079169000071],[98.26775149800005,11.741441148000092],[98.27247155000003,11.786078192000048],[98.27833092500003,11.79979075700004],[98.29184004000007,11.798895575000074],[98.30665123800003,11.777411200000074],[98.31820722700007,11.74998607000009],[98.32300866000003,11.731268622000073],[98.32007897200003,11.721909898000092],[98.31348717500003,11.718695380000042],[98.30640709700003,11.717474677000041],[98.30201256600003,11.714178778000075]]],[[[98.54574629000007,11.609035549000055],[98.53158613400007,11.593329169000071],[98.52849368600005,11.580471096000053],[98.52955162900008,11.566799221000053],[98.53419030000003,11.542629299000055],[98.53532962300005,11.529242255000042],[98.52418053500003,11.53701406500005],[98.50855553500003,11.555894273000092],[98.50049889400003,11.563381252000056],[98.48975670700003,11.567206122000073],[98.47681725400008,11.570257880000042],[98.46517988400007,11.574896552000041],[98.45899498800003,11.583807684000078],[98.44190514400003,11.564113674000055],[98.43238366000003,11.56671784100007],[98.42920983200003,11.583156643000052],[98.43165123800003,11.60492584800005],[98.42383873800003,11.59906647300005],[98.41911868600005,11.599554755000042],[98.41570071700005,11.604437567000048],[98.41163170700003,11.611761786000045],[98.41863040500004,11.63226959800005],[98.41041100400008,11.646063544000071],[98.39771569100003,11.655462958000044],[98.39128665500004,11.662990627000056],[98.37940514400003,11.691107489000046],[98.38209069100003,11.70416901200008],[98.40552819100003,11.707953192000048],[98.39926191500007,11.716131903000075],[98.38135826900003,11.731350002000056],[98.37761478000004,11.738023179000038],[98.37989342500003,11.750921942000048],[98.38559004000007,11.755519924000055],[98.39242597700007,11.757310289000088],[98.39812259200005,11.76194896000004],[98.40259850400008,11.76390208500004],[98.41041100400008,11.76862213700008],[98.41309655000003,11.773382880000042],[98.40170332100007,11.775580145000049],[98.39087975400008,11.77537669500009],[98.38209069100003,11.776190497000073],[98.37533613400007,11.780096747000073],[98.37077884200005,11.789252020000049],[98.39372806100005,11.79401276200008],[98.43824303500003,11.787054755000042],[98.45281009200005,11.789252020000049],[98.44947350400008,11.79328034100007],[98.44760175900007,11.796087958000044],[98.44532311300003,11.803615627000056],[98.45834394600007,11.80337148600006],[98.48682701900003,11.796087958000044],[98.49887129000007,11.798041083000044],[98.52214603000004,11.804754950000074],[98.53532962300005,11.803615627000056],[98.54371178500003,11.798976955000057],[98.54900149800005,11.791571356000077],[98.55241946700005,11.781642971000053],[98.55518639400003,11.76943594000005],[98.55640709700003,11.758734442000048],[98.55551191500007,11.728094794000071],[98.54607181100005,11.69920482000009],[98.54900149800005,11.62173086100006],[98.54574629000007,11.609035549000055]]],[[[98.05738366000003,11.653143622000073],[98.05543053500003,11.659572658000059],[98.04932701900003,11.66469961100006],[98.03435306100005,11.686835028000075],[98.01661217500003,11.69749583500004],[98.01172936300003,11.704738674000055],[98.02442467500003,11.707953192000048],[98.02833092500003,11.717189846000053],[98.02857506600003,11.737005927000041],[98.02247155000003,11.755804755000042],[98.00709069100003,11.76194896000004],[98.01189212300005,11.787258205000057],[97.99976647200003,11.84178294500009],[98.01392662900008,11.864976304000038],[98.01197350400008,11.827378648000092],[98.01392662900008,11.816595770000049],[98.01929772200003,11.810492255000042],[98.04493248800003,11.789252020000049],[98.05225670700003,11.77602773600006],[98.05241946700005,11.749416408000059],[98.05795332100007,11.729071356000077],[98.08228600400008,11.73468659100007],[98.08073978000004,11.72264232000009],[98.07471764400003,11.713364976000037],[98.06568444100003,11.706366278000075],[98.05543053500003,11.701117255000042],[98.06348717500003,11.69725169500009],[98.06771894600007,11.691066799000055],[98.06755618600005,11.682928778000075],[98.06169681100005,11.673244533000059],[98.07911217500003,11.653794664000088],[98.08529707100007,11.644924221000053],[98.08961022200003,11.63226959800005],[98.06511478000004,11.64638906500005],[98.05738366000003,11.653143622000073]]],[[[98.26148522200003,11.853908596000053],[98.25416100400008,11.85814036700009],[98.25391686300003,11.88385651200008],[98.25652103000004,11.902533270000049],[98.26539147200003,11.90851471600007],[98.28484134200005,11.896063544000071],[98.28907311300003,11.882391669000071],[98.28419030000003,11.86546458500004],[98.27369225400008,11.853338934000078],[98.26148522200003,11.853908596000053]]],[[[98.26872806100005,11.942287502000056],[98.26775149800005,11.93390534100007],[98.26156660200007,11.926174221000053],[98.25375410200007,11.923081773000092],[98.24610436300003,11.925441799000055],[98.22706139400003,11.953924872000073],[98.23585045700003,11.968329169000071],[98.25220787900008,11.974758205000057],[98.26091556100005,11.971136786000045],[98.26270592500003,11.96165599200009],[98.26872806100005,11.942287502000056]]],[[[98.39022871200007,12.174709377000056],[98.39551842500003,12.178208726000037],[98.40113366000003,12.174180406000062],[98.40536543100006,12.170070705000057],[98.40577233200003,12.161891994000086],[98.40577233200003,12.15721263200004],[98.39836673300005,12.13735586100006],[98.38835696700005,12.13857656500005],[98.38086998800003,12.144273179000038],[98.38086998800003,12.16046784100007],[98.38607832100007,12.168768622000073],[98.39022871200007,12.174709377000056]]],[[[98.11670983200003,12.16547272300005],[98.10035241000003,12.16901276200008],[98.08228600400008,12.15916575700004],[98.07667076900003,12.161932684000078],[98.07471764400003,12.163397528000075],[98.07309004000007,12.164943752000056],[98.05933678500003,12.187974351000037],[98.03939863400007,12.20734284100007],[98.03435306100005,12.221258856000077],[98.03711998800003,12.239406643000052],[98.04615319100003,12.26203034100007],[98.05909264400003,12.281398830000057],[98.07252037900008,12.289536851000037],[98.09180748800003,12.288641669000071],[98.10824629000007,12.284654039000088],[98.11947675900007,12.275580145000049],[98.12378991000003,12.259466864000046],[98.12330162900008,12.249660549000055],[98.11988366000003,12.230129299000055],[98.11695397200003,12.221258856000077],[98.11150149800005,12.21393463700008],[98.10425866000003,12.20734284100007],[98.09815514400003,12.199286200000074],[98.09644616000003,12.187160549000055],[98.10580488400007,12.192206122000073],[98.11947675900007,12.19757721600007],[98.13184655000003,12.198553778000075],[98.13746178500003,12.190578518000052],[98.14014733200003,12.148382880000042],[98.13746178500003,12.138739325000074],[98.12964928500003,12.153713283000059],[98.11670983200003,12.16547272300005]]],[[[97.99097741000003,12.286525783000059],[97.98658287900008,12.289536851000037],[97.98243248800003,12.306382554000038],[97.96949303500003,12.30805084800005],[97.95508873800003,12.305487372000073],[97.94556725400008,12.310044664000088],[97.94841556100005,12.323797919000071],[97.96094811300003,12.334377346000053],[97.97103925900007,12.344875393000052],[97.96607506600003,12.35846588700008],[97.95297285200007,12.348944403000075],[97.94898522200003,12.344305731000077],[97.94556725400008,12.337958075000074],[97.93816165500004,12.337958075000074],[97.93995201900003,12.36627838700008],[97.95460045700003,12.377752997000073],[97.97575931100005,12.38385651200008],[98.00700931100005,12.401597398000092],[98.01783287900008,12.40265534100007],[98.02344811300003,12.39874909100007],[98.01758873800003,12.389146226000037],[98.00782311300003,12.380113023000092],[98.00359134200005,12.373724677000041],[98.00538170700003,12.367336330000057],[98.01392662900008,12.35846588700008],[98.02711022200003,12.361029364000046],[98.03248131600003,12.360541083000044],[98.04175866000003,12.35846588700008],[98.04135175900007,12.36912669500009],[98.04224694100003,12.380275783000059],[98.04558353000004,12.389064846000053],[98.06364993600005,12.397772528000075],[98.06934655000003,12.409369208000044],[98.07252037900008,12.421210028000075],[98.07593834700003,12.427394924000055],[98.09058678500003,12.422308661000045],[98.10124759200005,12.404771226000037],[98.10450280000003,12.38304271000004],[98.09644616000003,12.365301825000074],[98.08773847700007,12.360052802000041],[98.08155358200003,12.360581773000092],[98.07471764400003,12.36351146000004],[98.06527754000007,12.365301825000074],[98.06446373800003,12.359808661000045],[98.04802493600005,12.330511786000045],[98.03956139400003,12.32249583500004],[98.02947024800005,12.315985419000071],[98.01889082100007,12.311672268000052],[98.01050866000003,12.310044664000088],[98.00831139400003,12.304388739000046],[98.00025475400008,12.269029039000088],[97.99097741000003,12.286525783000059]]],[[[98.31560306100005,12.365301825000074],[98.31902103000004,12.386379299000055],[98.33301842500003,12.427394924000055],[98.33611087300005,12.450913804000038],[98.33423912900008,12.46002838700008],[98.32553144600007,12.47406647300005],[98.32113691500007,12.48704661700009],[98.31657962300005,12.490423895000049],[98.31560306100005,12.495591539000088],[98.31950931100005,12.501450914000088],[98.32740319100003,12.506740627000056],[98.33383222700007,12.51235586100006],[98.33301842500003,12.519232489000046],[98.31413821700005,12.553290106000077],[98.30274498800003,12.598578192000048],[98.30201256600003,12.646307684000078],[98.31560306100005,12.687445380000042],[98.33301842500003,12.671210028000075],[98.38746178500003,12.65766022300005],[98.40552819100003,12.63898346600007],[98.40552819100003,12.630031643000052],[98.39812259200005,12.587469794000071],[98.40121504000007,12.571682033000059],[98.42546634200005,12.529730536000045],[98.42920983200003,12.555487372000073],[98.43816165500004,12.587388414000088],[98.45093834700003,12.603989976000037],[98.46631920700003,12.583726304000038],[98.47071373800003,12.555975653000075],[98.47022545700003,12.517523505000042],[98.46534264400003,12.480658270000049],[98.45582116000003,12.45774974200009],[98.39128665500004,12.361517645000049],[98.34994550900007,12.325913804000038],[98.30201256600003,12.337958075000074],[98.31128991000003,12.359767971000053],[98.31560306100005,12.365301825000074]]],[[[98.23682701900003,12.50608958500004],[98.23023522200003,12.516994533000059],[98.22974694100003,12.527411200000074],[98.23365319100003,12.553656317000048],[98.23682701900003,12.55687083500004],[98.24390709700003,12.557806708000044],[98.25082441500007,12.560207424000055],[98.25416100400008,12.567613023000092],[98.25684655000003,12.57420482000009],[98.26246178500003,12.568793036000045],[98.26734459700003,12.560248114000046],[98.26775149800005,12.557074286000045],[98.28988691500007,12.526312567000048],[98.28288821700005,12.503851630000042],[98.26050866000003,12.495266018000052],[98.23682701900003,12.50608958500004]]],[[[97.84522545700003,12.54677969000005],[97.843,12.549645808022483],[97.843,12.597230920628517],[97.84571373800003,12.59796784100007],[97.84994550900007,12.594631252000056],[97.85401451900003,12.578192450000074],[97.86052493600005,12.570013739000046],[97.86182701900003,12.559800523000092],[97.84994550900007,12.537258205000057],[97.84961998800003,12.541815497000073],[97.84782962300005,12.544419664000088],[97.84522545700003,12.54677969000005]]],[[[98.34294681100005,12.757106838000084],[98.35222415500004,12.741115627000056],[98.36215254000007,12.704697984000063],[98.35206139400003,12.70799388200004],[98.34636478000004,12.713161526000079],[98.34140058700007,12.72483958500004],[98.33716881600003,12.746608791000085],[98.33611087300005,12.75657786700009],[98.33187910200007,12.768174546000068],[98.33920332100007,12.768581447000088],[98.34294681100005,12.757106838000084]]],[[[97.85279381600003,12.80654531500005],[97.86459394600007,12.790228583000044],[97.86801191500007,12.774807033000059],[97.86353600400008,12.766831773000092],[97.85254967500003,12.76626211100006],[97.843,12.770042190789423],[97.843,12.805892393814522],[97.85279381600003,12.80654531500005]]],[[[98.31104576900003,13.04482656500005],[98.30632571700005,13.04010651200008],[98.30201256600003,13.029445705000057],[98.30054772200003,13.019964911000045],[98.30201256600003,12.988470770000049],[98.31332441500007,12.94594961100006],[98.31430097700007,12.925523179000038],[98.30201256600003,12.913316148000092],[98.30128014400003,12.933539130000042],[98.28785241000003,12.95734284100007],[98.28825931100005,12.974798895000049],[98.28109785200007,12.99412669500009],[98.26775149800005,13.057318427000041],[98.24512780000003,13.118719794000071],[98.24048912900008,13.13930898600006],[98.23902428500003,13.158758856000077],[98.24203535200007,13.203924872000073],[98.24732506600003,13.215033270000049],[98.26148522200003,13.214341539000088],[98.26880944100003,13.198919989000046],[98.28891035200007,13.09870026200008],[98.29566491000003,13.084662177000041],[98.30347741000003,13.08299388200004],[98.31039472700007,13.088039455000057],[98.31853274800005,13.091376044000071],[98.32984459700003,13.084662177000041],[98.33643639400003,13.073879299000055],[98.33423912900008,13.06712474200009],[98.32300866000003,13.057318427000041],[98.31657962300005,13.04881419500009],[98.31104576900003,13.04482656500005]]],[[[97.93189537900008,13.85927969000005],[97.93816165500004,13.85179271000004],[97.93238366000003,13.840399481000077],[97.92847741000003,13.821112372000073],[97.92505944100003,13.783596096000053],[97.91773522200003,13.783596096000053],[97.91504967500003,13.800116278000075],[97.91431725400008,13.82843659100007],[97.91871178500003,13.853257554000038],[97.93189537900008,13.85927969000005]]],[[[99.07715905000003,7.480292059000078],[99.05713951900003,7.504055080000057],[99.03126061300003,7.561916408000059],[99.02808678500003,7.57172272300005],[99.02906334700003,7.6061872420000896],[99.02711022200003,7.622870184000078],[99.02068118600005,7.636867580000057],[99.02320397200003,7.639105536000045],[99.02442467500003,7.639837958000044],[99.02564537900008,7.64093659100007],[99.02808678500003,7.644273179000038],[99.03492272200003,7.644273179000038],[99.06568444100003,7.615057684000078],[99.07585696700005,7.6089541690000715],[99.07593834700003,7.573228257000039],[99.08611087300005,7.536525783000059],[99.10141035200007,7.503566799000055],[99.11744225400008,7.479193427000041],[99.09994550900007,7.467230536000045],[99.07715905000003,7.480292059000078]]],[[[99.08765709700003,7.6120466170000896],[99.08187910200007,7.616034247000073],[99.07520592500003,7.619126695000091],[99.06959069100003,7.622544664000088],[99.04460696700005,7.6633975280000755],[99.06706790500004,7.675197658000059],[99.10450280000003,7.66937897300005],[99.12427819100003,7.657375393000052],[99.12745201900003,7.644354559000078],[99.12745201900003,7.625189520000049],[99.12403405000003,7.606838283000059],[99.11744225400008,7.595892645000049],[99.10873457100007,7.594183661000045],[99.09986412900008,7.596625067000048],[99.09302819100003,7.601263739000046],[99.09017988400007,7.605861721000053],[99.08765709700003,7.6120466170000896]]],[[[98.99170983200003,7.7878278670000896],[98.98633873800003,7.784084377000056],[98.94540449300007,7.834947007000039],[98.94149824300007,7.836045640000066],[98.93783613400007,7.838039455000057],[98.93734785200007,7.8420677760000785],[98.94060306100005,7.848496812000064],[98.94483483200003,7.852687893000052],[98.94760175900007,7.853013414000088],[98.95150800900007,7.854885158000059],[98.96574954500005,7.852118231000077],[98.97803795700003,7.8433291690000715],[98.97966556100005,7.836127020000049],[98.98365319100003,7.835353908000059],[98.99097741000003,7.836859442000048],[98.99610436300003,7.8350690780000605],[98.99724368600005,7.832220770000049],[98.99642988400007,7.820746161000045],[98.99366295700003,7.816636460000041],[98.98902428500003,7.8147240260000785],[98.98617597700007,7.811306057000081],[98.98617597700007,7.805161851000037],[98.99048912900008,7.798081773000092],[98.99170983200003,7.7878278670000896]]],[[[98.57732181100005,7.919623114000046],[98.57081139400003,7.939357815000051],[98.56755618600005,7.963364976000037],[98.56283613400007,7.9780947940000715],[98.56324303500003,7.986314195000091],[98.56804446700005,7.993353583000044],[98.57455488400007,7.994126695000091],[98.58041425900007,7.996161200000074],[98.58301842500003,8.006781317000048],[98.58228600400008,8.015366929000038],[98.57960045700003,8.024562893000052],[98.57439212300005,8.031805731000077],[98.56592858200003,8.034735419000071],[98.55486087300005,8.036932684000078],[98.55111738400007,8.042547919000071],[98.54981530000003,8.050116278000075],[98.53687584700003,8.071193752000056],[98.53101647200003,8.088568427000041],[98.52816816500007,8.107082424000055],[98.52849368600005,8.123480536000045],[98.53296959700003,8.11945221600007],[98.53630618600005,8.11513906500005],[98.54053795700003,8.10492584800005],[98.54037519600007,8.105617580000057],[98.58692467500003,8.079291083000044],[98.60238691500007,8.06346263200004],[98.61036217500003,8.034735419000071],[98.61182701900003,7.92609284100007],[98.60352623800003,7.90375397300005],[98.58822675900007,7.90493398600006],[98.57732181100005,7.919623114000046]]],[[[98.60181725400008,8.16156647300005],[98.61589603000004,8.176174221000053],[98.62403405000003,8.191799221000053],[98.63209069100003,8.18976471600007],[98.63575280000003,8.18553294500009],[98.63705488400007,8.179348049000055],[98.63754316500007,8.171291408000059],[98.62142988400007,8.10252513200004],[98.62086022200003,8.089992580000057],[98.58765709700003,8.101752020000049],[98.57960045700003,8.106146552000041],[98.57007897200003,8.118882554000038],[98.57471764400003,8.12498607000009],[98.59669030000003,8.13031647300005],[98.59229576900003,8.14679596600007],[98.60181725400008,8.16156647300005]]],[[[104.84335371200007,8.423000393000052],[104.83155358200003,8.416815497000073],[104.82292728000004,8.425360419000071],[104.83090254000007,8.434841213000084],[104.84335371200007,8.44920482000009],[104.84799238400007,8.449367580000057],[104.84831790500004,8.43773021000004],[104.84213300900007,8.43235911700009],[104.84335371200007,8.423000393000052]]],[[[106.61109459700003,8.698879299000055],[106.60230553500003,8.694728908000059],[106.60043379000007,8.684963283000059],[106.60108483200003,8.673651434000078],[106.60043379000007,8.664740302000041],[106.60132897200003,8.66014232000009],[106.60303795700003,8.65570709800005],[106.59929446700005,8.652411200000074],[106.58334394600007,8.651068427000041],[106.57837975400003,8.655462958000044],[106.56275475400003,8.675726630000042],[106.55958092500003,8.681830145000049],[106.57097415500004,8.705959377000056],[106.59799238400007,8.73232656500005],[106.63062584700003,8.754584052000041],[106.65837649800005,8.76666901200008],[106.66260826900003,8.76508209800005],[106.66602623800003,8.763169664000088],[106.66822350400003,8.759711005000042],[106.66871178500003,8.753485419000071],[106.66586347700007,8.752875067000048],[106.65577233200003,8.753485419000071],[106.66081790500004,8.747381903000075],[106.66179446700005,8.74445221600007],[106.66260826900003,8.739813544000071],[106.63917076900003,8.737453518000052],[106.63949629000007,8.72646719000005],[106.64966881600003,8.711859442000048],[106.65577233200003,8.698879299000055],[106.64307701900003,8.703802802000041],[106.63257897200003,8.703273830000057],[106.62256920700003,8.700506903000075],[106.61109459700003,8.698879299000055]]],[[[103.49496504000007,9.304714260000083],[103.48381595100005,9.294256903000075],[103.47641035200007,9.284491278000075],[103.45728600400008,9.27830638200004],[103.45663496200007,9.295030015000066],[103.44768313900005,9.30459219000005],[103.48357181100005,9.309393622000073],[103.49496504000007,9.304714260000083]]],[[[100.02963300900007,9.443548895000049],[100.02881920700003,9.435695705000057],[100.02588951900003,9.42914459800005],[100.01929772200003,9.425726630000042],[100.01156660200007,9.425482489000046],[100.00359134200005,9.426214911000045],[99.95630944100003,9.421616929000038],[99.94662519600007,9.41819896000004],[99.94076582100007,9.43748607000009],[99.93669681100005,9.474554755000042],[99.92628014400003,9.493963934000078],[99.94117272200003,9.511867580000057],[99.93962649800005,9.53025950700004],[99.93116295700003,9.548570054000038],[99.92628014400003,9.565985419000071],[99.93628991000003,9.577704169000071],[99.95948326900003,9.580755927000041],[99.98471113400007,9.579006252000056],[100.04371178500003,9.564154364000046],[100.06234785200007,9.56736888200004],[100.07016035200007,9.586411851000037],[100.07585696700005,9.58502838700008],[100.08594811300003,9.57453034100007],[100.09066816500007,9.560939846000053],[100.08008873800003,9.549994208000044],[100.07178795700003,9.521673895000049],[100.06861412900008,9.489813544000071],[100.06088300900007,9.463812567000048],[100.03199303500003,9.45018138200004],[100.02963300900007,9.443548895000049]]],[[[99.69874108200003,9.542222398000092],[99.70346113400007,9.521307684000078],[99.68148847700007,9.512884833000044],[99.66814212300005,9.519191799000055],[99.69874108200003,9.542222398000092]]],[[[99.68425540500004,9.620021877000056],[99.68043053500003,9.612209377000056],[99.67807050900007,9.61041901200008],[99.67676842500003,9.614569403000075],[99.67530358200003,9.62445709800005],[99.67823326900003,9.62409088700008],[99.68018639400003,9.622544664000088],[99.68181399800005,9.620835679000038],[99.68425540500004,9.620021877000056]]],[[[106.24415123800003,9.541164455000057],[106.24919681100005,9.560126044000071],[106.23414147200003,9.581366278000075],[106.21241295700003,9.599758205000057],[106.19703209700003,9.610052802000041],[106.18962649800005,9.60382721600007],[106.20460045700003,9.585272528000075],[106.22144616000003,9.57249583500004],[106.22657311300003,9.56517161700009],[106.20704186300003,9.562892971000053],[106.19662519600007,9.571682033000059],[106.16236412900003,9.624335028000075],[106.13738040500004,9.654364325000074],[106.12598717500003,9.672430731000077],[106.12134850400003,9.689154364000046],[106.11768639400003,9.71092357000009],[106.10873457100007,9.726629950000074],[106.08716881600003,9.75462474200009],[106.09343509200005,9.760891018000052],[106.09571373800003,9.75576406500005],[106.09896894600007,9.75267161700009],[106.10710696700005,9.747219143000052],[106.15544681100005,9.678941148000092],[106.20337975400003,9.632147528000075],[106.21070397200003,9.620917059000078],[106.22339928500003,9.60846588700008],[106.27930748800003,9.59568919500009],[106.29200280000003,9.586411851000037],[106.29070071700005,9.561428127000056],[106.28443444100003,9.54368724200009],[106.27003014400003,9.534491278000075],[106.24415123800003,9.534979559000078],[106.24415123800003,9.541164455000057]]],[[[104.36491946700005,9.656358140000066],[104.35206139400003,9.668727932000081],[104.35564212300005,9.690008856000077],[104.35718834700003,9.700954494000086],[104.36394290500004,9.702500718000067],[104.36247806100005,9.688096421000068],[104.36516360800005,9.672552802000041],[104.36491946700005,9.664536851000037],[104.36491946700005,9.656358140000066]]],[[[99.98991946700005,9.74290599200009],[99.97055097700007,9.764593817000048],[99.97071373800003,9.771226304000038],[99.98357181100005,9.791937567000048],[99.98764082100007,9.80182526200008],[99.99789472700007,9.797267971000053],[100.00782311300003,9.796372789000088],[100.02613366000003,9.797756252000056],[100.03541100400008,9.795599677000041],[100.06723066500007,9.77562083500004],[100.07927493600005,9.74241771000004],[100.09009850400008,9.665269273000092],[100.07862389400003,9.67381419500009],[100.05404707100007,9.68773021000004],[99.99919681100005,9.710353908000059],[99.98764082100007,9.719916083000044],[99.99333743600005,9.731675523000092],[99.98991946700005,9.74290599200009]]],[[[104.65398196700005,9.81639232000009],[104.66155032600005,9.809597072000088],[104.65463300900007,9.795843817000048],[104.64136803500003,9.790838934000078],[104.63095136800007,9.79588450700004],[104.62623131600003,9.795111395000049],[104.61679121200007,9.795518296000068],[104.60979251400005,9.79873281500005],[104.61361738400007,9.800848700000074],[104.62029056100005,9.808661200000074],[104.62907962300005,9.816107489000046],[104.64014733200003,9.822007554000038],[104.64576256600003,9.819199937000064],[104.65398196700005,9.81639232000009]]],[[[106.42693118600005,9.936102606000077],[106.44288170700003,9.932806708000044],[106.48601321700005,9.90265534100007],[106.49805748800003,9.891180731000077],[106.53101647200003,9.857977606000077],[106.54411868600005,9.838039455000057],[106.53565514400003,9.82916901200008],[106.52100670700003,9.837713934000078],[106.49683678500003,9.87523021000004],[106.46851647200003,9.890285549000055],[106.42237389400003,9.932806708000044],[106.42237389400003,9.939032294000071],[106.42693118600005,9.936102606000077]]],[[[99.82488040500004,10.08112213700008],[99.83033287900008,10.09674713700008],[99.82943769600007,10.102077541000085],[99.82520592500003,10.10578034100007],[99.82382246200007,10.110825914000088],[99.82601972700007,10.12413157800006],[99.83904056100005,10.120428778000075],[99.84294681100005,10.12490469000005],[99.84831790500004,10.120428778000075],[99.84766686300003,10.117946682000081],[99.84896894600007,10.11546458500004],[99.85254967500003,10.11033763200004],[99.85092207100007,10.103623765000066],[99.85515384200005,10.101223049000055],[99.85694420700003,10.09983958500004],[99.85572350400008,10.094265041000085],[99.85832767000005,10.090196031000062],[99.85792076900003,10.086452541000085],[99.85466556100005,10.085109768000052],[99.85230553500003,10.08299388200004],[99.85043379000007,10.076198635000083],[99.84799238400007,10.07180410400008],[99.84392337300005,10.066555080000057],[99.84115644600007,10.062567450000074],[99.83464603000004,10.059881903000075],[99.83277428500003,10.05617910400008],[99.83033287900008,10.06553782800006],[99.82626386800007,10.063381252000056],[99.82178795700003,10.064846096000053],[99.81934655000003,10.074693101000037],[99.82488040500004,10.08112213700008]]],[[[104.04802493600005,10.02529531500005],[104.05128014400003,10.007961330000057],[104.03484134200005,10.016750393000052],[104.03093509200005,10.021551825000074],[104.01059004000007,10.030462958000044],[103.99724368600005,10.07453034100007],[103.98365319100003,10.158758856000077],[103.95704186300003,10.233791408000059],[103.93718509200005,10.266058661000045],[103.90845787900008,10.28904857000009],[103.87029056100005,10.308091539000088],[103.85743248800003,10.320868231000077],[103.84945722700007,10.360541083000044],[103.84603925900007,10.371283270000049],[103.85132897200003,10.374212958000044],[103.91423587300005,10.36522044500009],[103.93376712300005,10.366359768000052],[103.94214928500003,10.374741929000038],[103.94434655000003,10.379461981000077],[103.95508873800003,10.394964911000045],[103.95923912900008,10.39834219000005],[103.96810957100007,10.40232982000009],[103.97144616000003,10.411932684000078],[103.97299238400007,10.423325914000088],[103.97624759200005,10.43305084800005],[103.98340905000003,10.442206122000073],[103.99317467500003,10.450100002000056],[104.00473066500007,10.450995184000078],[104.01710045700003,10.439276434000078],[104.00977623800003,10.446112372000073],[104.08204186300003,10.37099844000005],[104.08545983200003,10.353949286000045],[104.08545983200003,10.248114325000074],[104.04664147200003,10.151068427000041],[104.03345787900008,10.09601471600007],[104.05128014400003,10.06932200700004],[104.04395592500003,10.048163153000075],[104.04420006600003,10.036078192000048],[104.04802493600005,10.02529531500005]]],[[[106.68995201900003,10.251776434000078],[106.55958092500003,10.27537669500009],[106.51172936300003,10.29588450700004],[106.52711022200003,10.29710521000004],[106.56088300900007,10.282863674000055],[106.58790123800003,10.276922919000071],[106.70281009200005,10.275580145000049],[106.72413170700003,10.26862213700008],[106.74683678500003,10.263169664000088],[106.75554446700005,10.257554429000038],[106.75879967500003,10.24437083500004],[106.75245201900003,10.236070054000038],[106.73829186300003,10.22915273600006],[106.72413170700003,10.226507880000042],[106.71778405000003,10.231024481000077],[106.70932050900007,10.24359772300005],[106.68995201900003,10.251776434000078]]],[[[103.75171959700003,10.48314036700009],[103.75586998800003,10.485988674000055],[103.76392662900008,10.494533596000053],[103.75733483200003,10.50649648600006],[103.76042728000004,10.513820705000057],[103.77027428500003,10.51658763200004],[103.78443444100003,10.515041408000059],[103.79859459700003,10.505438544000071],[103.80591881600003,10.484320380000042],[103.80486087300005,10.46320221600007],[103.79468834700003,10.453558661000045],[103.77833092500003,10.453802802000041],[103.76384524800005,10.456529039000088],[103.75196373800003,10.464585679000038],[103.74341881600003,10.480861721000053],[103.75171959700003,10.48314036700009]]],[[[103.29216556100005,10.583156643000052],[103.28516686300003,10.59906647300005],[103.28907311300003,10.61273834800005],[103.30250084700003,10.618109442000048],[103.31381269600007,10.61945221600007],[103.31950931100005,10.617336330000057],[103.32154381600003,10.61033763200004],[103.31185957100007,10.596625067000048],[103.31120853000004,10.59202708500004],[103.31080162900008,10.58698151200008],[103.31251061300003,10.57908763200004],[103.31755618600005,10.574408270000049],[103.32471764400003,10.573879299000055],[103.33155358200003,10.57953522300005],[103.33415774800005,10.583929755000042],[103.33594811300003,10.58344147300005],[103.33887780000003,10.579779364000046],[103.33887780000003,10.572414455000057],[103.33464603000004,10.564601955000057],[103.33008873800003,10.553534247000073],[103.32349694100003,10.54515208500004],[103.31275475400008,10.551662502000056],[103.29216556100005,10.583156643000052]]],[[[103.26872806100005,10.679632880000042],[103.26417076900003,10.691229559000078],[103.26172936300003,10.702053127000056],[103.26002037900008,10.706773179000038],[103.26075280000003,10.709173895000049],[103.22885175900007,10.721096096000053],[103.21363366000003,10.733343817000048],[103.20191491000003,10.747626044000071],[103.19849694100003,10.76235586100006],[103.20834394600007,10.77570221600007],[103.22852623800003,10.78266022300005],[103.24512780000003,10.77798086100006],[103.25879967500003,10.766791083000044],[103.27051842500003,10.754584052000041],[103.27271569100003,10.751288153000075],[103.27466881600003,10.744330145000049],[103.27735436300003,10.74095286700009],[103.28296959700003,10.739406643000052],[103.28939863400007,10.739894924000055],[103.29493248800003,10.738430080000057],[103.29712975400008,10.731024481000077],[103.30144290500004,10.72719961100006],[103.31006920700003,10.725897528000075],[103.31755618600005,10.721096096000053],[103.31820722700007,10.706773179000038],[103.30502363400007,10.70221588700008],[103.29322350400008,10.696600653000075],[103.28370201900003,10.687648830000057],[103.27735436300003,10.672674872000073],[103.26872806100005,10.679632880000042]]],[[[98.51295006600003,10.80955638200004],[98.52068118600005,10.809271552000041],[98.52637780000003,10.81085846600007],[98.52849368600005,10.820054429000038],[98.52556399800005,10.826849677000041],[98.51832116000003,10.829494533000059],[98.50912519600007,10.828314520000049],[98.50049889400003,10.823472398000092],[98.50049889400003,10.837144273000092],[98.49488366000003,10.851263739000046],[98.49146569100003,10.866685289000088],[98.49089603000004,10.880804755000042],[98.49366295700003,10.891099351000037],[98.51880944100003,10.879095770000049],[98.54224694100003,10.860052802000041],[98.55323326900003,10.832831122000073],[98.54151451900003,10.796210028000075],[98.52711022200003,10.786932684000078],[98.50953209700003,10.786607164000088],[98.49838300900007,10.79360586100006],[98.50416100400008,10.80609772300005],[98.51295006600003,10.80955638200004]]],[[[98.48682701900003,11.00844961100006],[98.50318444100003,11.021144924000055],[98.50953209700003,11.027736721000053],[98.51417076900003,11.03579336100006],[98.51587975400008,11.045355536000045],[98.51343834700003,11.063055731000077],[98.51417076900003,11.069891669000071],[98.52466881600003,11.08665599200009],[98.53191165500004,11.083807684000078],[98.53711998800003,11.068915106000077],[98.54460696700005,11.031195380000042],[98.54517662900008,11.01593659100007],[98.54151451900003,10.987982489000046],[98.54314212300005,10.960109768000052],[98.54151451900003,10.953802802000041],[98.53394616000003,10.950832424000055],[98.53003991000003,10.957180080000057],[98.52849368600005,10.966945705000057],[98.52849368600005,10.974310614000046],[98.51880944100003,10.971096096000053],[98.51205488400007,10.965236721000053],[98.50847415500004,10.956854559000078],[98.50798587300005,10.94635651200008],[98.48585045700003,10.955877997000073],[98.47706139400003,10.97370026200008],[98.47836347700007,10.993353583000044],[98.48682701900003,11.00844961100006]]],[[[98.53532962300005,11.317531643000052],[98.54338626400005,11.311672268000052],[98.55038496200007,11.303290106000077],[98.55046634200005,11.292629299000055],[98.55534915500004,11.28392161700009],[98.55551191500007,11.280829169000071],[98.55469811300003,11.272935289000088],[98.55355879000007,11.268377997000073],[98.54900149800005,11.262152411000045],[98.53842207100007,11.292792059000078],[98.52662194100003,11.31443919500009],[98.52881920700003,11.324977932000081],[98.53532962300005,11.317531643000052]]],[[[103.02344811300003,11.255194403000075],[103.00757897200003,11.255072333000044],[102.99805748800003,11.260199286000045],[103.00294030000003,11.269110419000071],[102.99195397200003,11.28001536700009],[102.98853600400008,11.300930080000057],[102.98926842500003,11.337388414000088],[102.98170006600003,11.380113023000092],[102.98145592500003,11.404689846000053],[102.98926842500003,11.426174221000053],[102.99089603000004,11.421820380000042],[102.99366295700003,11.41705963700008],[102.99545332100007,11.412543036000045],[103.00668379000007,11.422064520000049],[103.01636803500003,11.423081773000092],[103.02418053500003,11.417181708000044],[103.03663170700003,11.391994533000059],[103.03728274800005,11.38117096600007],[103.03614342500003,11.370835679000038],[103.03711998800003,11.357896226000037],[103.04175866000003,11.34666575700004],[103.04688561300003,11.33812083500004],[103.04867597700007,11.330877997000073],[103.04330488400007,11.323716539000088],[103.04859459700003,11.310126044000071],[103.04786217500003,11.291449286000045],[103.04330488400007,11.27342357000009],[103.03711998800003,11.261664130000042],[103.02344811300003,11.255194403000075]]],[[[103.02035566500007,11.426947333000044],[103.01954186300003,11.43695709800005],[103.02344811300003,11.460353908000059],[103.01441491000003,11.47654857000009],[103.00131269600007,11.495266018000052],[102.99586022200003,11.513739325000074],[103.00912519600007,11.529242255000042],[103.02637780000003,11.519110419000071],[103.03028405000003,11.515570380000042],[103.03248131600003,11.51040273600006],[103.03239993600005,11.505560614000046],[103.03126061300003,11.50226471600007],[103.03028405000003,11.501898505000042],[103.03532962300005,11.49249909100007],[103.04656009200005,11.476060289000088],[103.05079186300003,11.46775950700004],[103.05079186300003,11.460353908000059],[103.04615319100003,11.453314520000049],[103.03492272200003,11.431708075000074],[103.03028405000003,11.426174221000053],[103.02035566500007,11.426947333000044]]],[[[102.59831790500004,11.563381252000056],[102.59156334700003,11.563381252000056],[102.58472741000003,11.568833726000037],[102.57699629000007,11.58502838700008],[102.57162519600007,11.59125397300005],[102.56218509200005,11.595648505000042],[102.53003991000003,11.60492584800005],[102.53793379000007,11.615790106000077],[102.54249108200003,11.620672919000071],[102.54420006600003,11.62604401200008],[102.54371178500003,11.638495184000078],[102.54078209700003,11.64789459800005],[102.53093509200005,11.670355536000045],[102.53003991000003,11.680080471000053],[102.54981530000003,11.752346096000053],[102.55518639400003,11.759833075000074],[102.56413821700005,11.755113023000092],[102.56836998800003,11.74404531500005],[102.57081139400003,11.732814846000053],[102.56999759200005,11.72093333500004],[102.56413821700005,11.707953192000048],[102.58961022200003,11.71002838700008],[102.60596764400003,11.684515692000048],[102.60816491000003,11.64834219000005],[102.59156334700003,11.61859772300005],[102.59156334700003,11.611761786000045],[102.60572350400008,11.611761786000045],[102.59717858200003,11.598537502000056],[102.59457441500007,11.58885325700004],[102.59831790500004,11.563381252000056]]],[[[102.48853600400008,11.78929271000004],[102.48747806100005,11.793483791000085],[102.48015384200005,11.800034898000092],[102.47356204500005,11.80727773600006],[102.46583092500003,11.810248114000046],[102.45199629000007,11.807766018000052],[102.44979902400007,11.805283921000068],[102.44703209700003,11.80727773600006],[102.44695071700005,11.812445380000042],[102.45126386800007,11.81826406500005],[102.45639082100007,11.81663646000004],[102.45948326900003,11.817165432000081],[102.47323652400007,11.824977932000081],[102.47128339900007,11.833238023000092],[102.47616621200007,11.835313218000067],[102.48658287900008,11.827053127000056],[102.50586998800003,11.826605536000045],[102.51303144600007,11.825913804000038],[102.51156660200007,11.813706773000092],[102.51026451900003,11.810248114000046],[102.50619550900007,11.810695705000057],[102.49065188900005,11.804510809000078],[102.49374433700007,11.795355536000045],[102.49065188900005,11.786607164000088],[102.48853600400008,11.78929271000004]]],[[[98.53565514400003,11.908880927000041],[98.51587975400008,11.895900783000059],[98.49577884200005,11.888495184000078],[98.47803795700003,11.89093659100007],[98.46338951900003,11.920803127000056],[98.45972741000003,11.933661200000074],[98.45899498800003,11.94757721600007],[98.46168053500003,11.955511786000045],[98.47120201900003,11.970282294000071],[98.47315514400003,11.97797272300005],[98.47095787900008,11.988104559000078],[98.46583092500003,11.992661851000037],[98.45915774800005,11.996161200000074],[98.44825280000003,12.00771719000005],[98.44369550900007,12.010687567000048],[98.44027754000007,12.015366929000038],[98.43913821700005,12.025783596000053],[98.43913821700005,12.056789455000057],[98.43116295700003,12.087632554000038],[98.43091881600003,12.10065338700008],[98.43913821700005,12.112005927000041],[98.44556725400008,12.101385809000078],[98.47315514400003,12.077297268000052],[98.49366295700003,12.049302476000037],[98.50953209700003,12.016791083000044],[98.51986738400007,12.007025458000044],[98.54151451900003,11.995306708000044],[98.55958092500003,12.000799872000073],[98.57471764400003,11.992987372000073],[98.60352623800003,11.96743398600006],[98.64234459700003,11.957505601000037],[98.65919030000003,11.94867584800005],[98.65821373800003,11.93390534100007],[98.65821373800003,11.940130927000041],[98.63135826900003,11.932114976000037],[98.57260175900007,11.93162669500009],[98.55201256600003,11.923325914000088],[98.53565514400003,11.908880927000041]]],[[[102.37598717500003,11.991156317000048],[102.37794030000003,11.979641018000052],[102.37614993600005,11.970892645000049],[102.36215254000007,11.96743398600006],[102.34913170700003,11.968898830000057],[102.31088300900007,11.98110586100006],[102.31088300900007,11.97483958500004],[102.31381269600007,11.971380927000041],[102.31836998800003,11.96116771000004],[102.31226647200003,11.966131903000075],[102.30640709700003,11.96979401200008],[102.29948978000004,11.972479559000078],[102.29037519600007,11.97483958500004],[102.29037519600007,11.98110586100006],[102.29411868600005,11.994696356000077],[102.29420006600003,12.056789455000057],[102.28467858200003,12.066839911000045],[102.25635826900003,12.13190338700008],[102.27003014400003,12.13190338700008],[102.26596113400007,12.13890208500004],[102.26172936300003,12.14443594000005],[102.25635826900003,12.148993231000077],[102.24952233200003,12.153021552000041],[102.26628665500004,12.152411200000074],[102.29322350400008,12.145412502000056],[102.31088300900007,12.146185614000046],[102.34278405000003,12.123602606000077],[102.35523522200003,12.11131419500009],[102.36622155000003,12.097805080000057],[102.37810306100005,12.071844794000071],[102.38656660200007,12.058335679000038],[102.39966881600003,12.049302476000037],[102.39966881600003,12.043158270000049],[102.40650475400008,12.036322333000044],[102.41700280000003,12.017767645000049],[102.43213951900003,12.000392971000053],[102.44312584700003,11.983710028000075],[102.44117272200003,11.96743398600006],[102.42750084700003,11.961371161000045],[102.41098066500007,11.971502997000073],[102.37916100400008,12.002834377000056],[102.37598717500003,11.991156317000048]]],[[[98.43832441500007,12.351060289000088],[98.46306399800005,12.388820705000057],[98.47901451900003,12.390204169000071],[98.49236087300005,12.372381903000075],[98.49024498800003,12.35415273600006],[98.47909589900007,12.343329169000071],[98.46583092500003,12.335353908000059],[98.45305423300005,12.331773179000038],[98.44304446700005,12.334662177000041],[98.43751061300003,12.340725002000056],[98.43832441500007,12.351060289000088]]],[[[98.49984785200007,12.513088283000059],[98.51417076900003,12.495591539000088],[98.51685631600003,12.479437567000048],[98.51417076900003,12.423651434000078],[98.50855553500003,12.410305080000057],[98.49561608200003,12.405829169000071],[98.48210696700005,12.410589911000045],[98.47429446700005,12.424994208000044],[98.48853600400008,12.493312893000052],[98.49984785200007,12.513088283000059]]],[[[100.76750735800005,12.709865627000056],[100.77173912900008,12.70376211100006],[100.77580813900005,12.712225653000075],[100.78093509200005,12.716131903000075],[100.78956139400003,12.716579494000086],[100.80429121200007,12.716579494000086],[100.80518639400003,12.700995184000078],[100.80762780000003,12.693793036000045],[100.79802493600005,12.686712958000044],[100.79273522200003,12.675441799000055],[100.78077233200003,12.668646552000041],[100.77947024800005,12.674831447000088],[100.77637780000003,12.684759833000044],[100.76522871200007,12.702826239000046],[100.76750735800005,12.709865627000056]]],[[[98.50342858200003,13.233669338000084],[98.51587975400008,13.23069896000004],[98.52458743600005,13.221950588000084],[98.52865644600007,13.20571523600006],[98.52654056100005,13.19163646000004],[98.51758873800003,13.17373281500005],[98.50749759200005,13.16787344000005],[98.49935957100007,13.16787344000005],[98.49211673300005,13.178330796000068],[98.49065188900005,13.19476959800005],[98.48446699300007,13.215114651000079],[98.49065188900005,13.226304429000038],[98.50342858200003,13.233669338000084]]],[[[114.07911217500009,22.36595286700009],[114.07829837300005,22.36286041900007],[114.07040449300007,22.36286041900007],[114.06723066500001,22.358994859000063],[114.05795332100001,22.36131419500009],[114.050222201,22.358994859000063],[114.03988691500001,22.35500722900008],[114.02051842500009,22.35036855700008],[114.01498457100001,22.353461005000042],[114.01498457100001,22.358994859000063],[113.99862714900007,22.358994859000063],[113.99187259200005,22.364081122000073],[113.98267662900003,22.36676666900007],[113.97673587300005,22.37921784100007],[113.97291100400003,22.37999095300006],[113.9706323580001,22.387071031000062],[113.96436608200008,22.380682684000078],[113.97461998800009,22.37205638200004],[113.95492597700002,22.36985911700009],[113.94483483200008,22.36208730700008],[113.93067467500009,22.369086005000042],[113.92595462300005,22.369086005000042],[113.91439863400001,22.376125393000052],[113.91830488400001,22.387844143000052],[113.9105737640001,22.39866771000004],[113.89698326900009,22.408758856000077],[113.90943444100003,22.41860586100006],[113.93067467500009,22.41982656500005],[113.94100996200007,22.426784572000088],[113.95411217500009,22.44948965100008],[113.97754967500009,22.45884837400007],[113.99862714900007,22.48855215100008],[114.00489342500009,22.48855215100008],[114.01270592500009,22.486110744000086],[114.01172936300009,22.48004791900007],[114.011159701,22.47288646000004],[114.01498457100001,22.47520579600007],[114.026784701,22.478257554000038],[114.02987714900007,22.478257554000038],[114.03142337300005,22.482245184000078],[114.03060957100001,22.487656968000067],[114.03060957100001,22.49551015800006],[114.04224694100003,22.501003322000088],[114.05795332100001,22.50486888200004],[114.06177819100003,22.50877513200004],[114.06576582100001,22.51585521000004],[114.07349694100003,22.51817454600007],[114.07829837300005,22.51972077000005],[114.08529707100001,22.52293528900009],[114.08236738400001,22.529364325000074],[114.07911217500009,22.52757396000004],[114.07968183700007,22.52374909100007],[114.06723066500001,22.521918036000045],[114.05844160200002,22.51699453300006],[114.05526777400007,22.50694407800006],[114.04200280000009,22.506781317000048],[114.03874759200005,22.510565497000073],[114.03809655000009,22.511379299000055],[114.03581790500004,22.513820705000057],[114.03549238400001,22.514146226000037],[114.03541100400003,22.514227606000077],[114.01856530000009,22.52256907800006],[113.99927819100003,22.530625718000067],[113.98747806100005,22.53184642100007],[113.98438561300009,22.533718166000085],[113.9706323580001,22.533718166000085],[113.96379642000011,22.538112697000088],[113.96029707100001,22.528469143000052],[113.95193877700001,22.523841151000056],[113.94890085200007,22.51119979000009],[113.94881613900009,22.50034809500005],[113.9477577780001,22.490406454000038],[113.93580162900003,22.48891836100006],[113.92505944100003,22.48704661700009],[113.91529381600003,22.488674221000053],[113.91342207100001,22.487616278000075],[113.91032962300005,22.48582591400009],[113.90967858200008,22.47764720300006],[113.89034489800008,22.452712399000063],[113.88147873500009,22.47333294000009],[113.874362862,22.478184272000078],[113.86787329700007,22.49482860200004],[113.86615533000008,22.511493140000084],[113.88184655000009,22.514146226000037],[113.89389082100001,22.521144924000055],[113.87989342500009,22.53668854400007],[113.84376061300009,22.56195709800005],[113.83383222700002,22.571926174000055],[113.82235761800007,22.587225653000075],[113.81283613400001,22.604396877000056],[113.79915745100004,22.631001061000063],[113.79356800000005,22.661614499000052],[113.77293351100002,22.672447513000066],[113.76465905000009,22.734808661000045],[113.75806725400003,22.75340403900009],[113.74439537900003,22.76117584800005],[113.71216881600003,22.763332424000055],[113.69971764400009,22.76117584800005],[113.69507897200003,22.757473049000055],[113.69117272200003,22.751613674000055],[113.68458092500009,22.746893622000073],[113.67237389400009,22.746893622000073],[113.65357506600003,22.758734442000048],[113.65626061300009,22.77684153900009],[113.66260826900009,22.798081773000035],[113.65528405000009,22.819240627000056],[113.64356530000009,22.83417389500005],[113.63257897200003,22.85309479400007],[113.61719811300009,22.890285549000055],[113.61085045700008,22.87636953300006],[113.61011803500003,22.86204661700009],[113.61288496200007,22.84837474200009],[113.61719811300009,22.83624909100007],[113.60556074300007,22.84723541900007],[113.60230553500003,22.866359768000052],[113.60499108200008,22.887518622000073],[113.61036217500009,22.90452708500004],[113.60287519600001,22.897650458000044],[113.59799238400001,22.88963450700004],[113.59603925900001,22.880560614000046],[113.59229576900009,22.889064846000053],[113.61133873800009,22.93378327000005],[113.61719811300009,22.95604075700004],[113.61915123800009,22.979396877000056],[113.62435957100001,22.999212958000044],[113.63819420700008,23.034898179000038],[113.63070722700002,23.034898179000038],[113.61670983200008,23.007879950000074],[113.61207116000003,22.994696356000077],[113.60914147200003,22.96287669500009],[113.60181725400003,22.930609442000048],[113.59669030000009,22.91819896000004],[113.59498131600003,22.92959219000005],[113.59506269600001,22.94476959800005],[113.59799238400001,22.96051666900007],[113.60409589900007,22.973456122000073],[113.60263105600006,22.98773834800005],[113.60507246200007,23.00141022300005],[113.61719811300009,23.034898179000038],[113.59921308700007,23.00922272300005],[113.58668053500003,22.953558661000045],[113.57618248800009,22.938706773000035],[113.58204186300009,22.957464911000045],[113.58383222700002,22.978461005000042],[113.58301842500009,23.021226304000038],[113.56421959700003,22.996893622000073],[113.55396569100003,22.987616278000075],[113.54200280000009,22.98651764500005],[113.53272545700008,22.995754299000055],[113.52881920700008,23.01080963700008],[113.52833092500009,23.038031317000048],[113.53638756600003,23.06313711100006],[113.55640709700003,23.084133205000057],[113.58212324300007,23.098456122000073],[113.63721764400009,23.109116929000038],[113.69198652400007,23.132554429000038],[113.72022545700008,23.137925523000035],[113.73145592500009,23.13385651200008],[113.74423261800007,23.12604401200008],[113.75806725400003,23.121568101000037],[113.78443444100003,23.131740627000056],[113.80087324300007,23.12840403900009],[113.83008873800009,23.11749909100007],[113.81324303500003,23.129787502000056],[113.79794355600006,23.13434479400007],[113.76107832100001,23.137925523000035],[113.74537194100003,23.143011786000045],[113.71981855600006,23.15534088700008],[113.70313561300009,23.15778229400007],[113.67392011800007,23.150458075000074],[113.62647545700008,23.117987372000073],[113.59327233200008,23.110663153000075],[113.58765709700003,23.10610586100006],[113.55087324300007,23.08787669500009],[113.54200280000009,23.086411851000037],[113.53687584700003,23.075018622000073],[113.52466881600003,23.06659577000005],[113.50912519600001,23.062160549000055],[113.49423261800007,23.06281159100007],[113.44516035200002,23.08934153900009],[113.41749108200008,23.096991278000075],[113.39869225400003,23.083319403000075],[113.41928144600001,23.06549713700008],[113.45142662900003,23.062323309000078],[113.48121178500003,23.05149974200009],[113.50231200100006,23.02042368800005],[113.50384399300003,22.989832793000062],[113.49123164100001,22.953952883000056],[113.48096764400009,22.935695705000057],[113.48422285200002,22.929348049000055],[113.48397871200007,22.924261786000045],[113.47372480600006,22.91819896000004],[113.46786543100006,22.91901276200008],[113.44638105600006,22.92845286700009],[113.42994225400003,22.931341864000046],[113.33651777400007,22.897772528000075],[113.30762780000009,22.89411041900007],[113.21298261800007,22.91201406500005],[113.21298261800007,22.90452708500004],[113.23487389400009,22.899644273000035],[113.25806725400003,22.897772528000075],[113.26392662900003,22.894598700000074],[113.28305097700002,22.88043854400007],[113.29224694100003,22.87726471600007],[113.31259199300007,22.881008205000057],[113.33204186300009,22.887518622000073],[113.35043379000001,22.88971588700008],[113.36793053500003,22.880682684000078],[113.42587324300007,22.81582265800006],[113.44003339900007,22.80414459800005],[113.49423261800007,22.77484772300005],[113.46338951900009,22.76239655200004],[113.45191491000003,22.755113023000035],[113.43954511800007,22.739447333000044],[113.42603600400003,22.74941640800006],[113.37753339900007,22.767401434000078],[113.39503014400009,22.748195705000057],[113.45362389400009,22.725734768000052],[113.46631920700008,22.716498114000046],[113.47632897200003,22.69985586100006],[113.516277435,22.67141756600006],[113.55304258400008,22.63847230300007],[113.56384382800002,22.614443708000067],[113.59916999500001,22.575179846000083],[113.59473803000003,22.523389661000067],[113.56251061300009,22.480414130000042],[113.54635483700008,22.43758548800008],[113.5515710730001,22.395836745000054],[113.55811608200008,22.38076406500005],[113.58163496200007,22.37132396000004],[113.61036217500009,22.37018463700008],[113.59945722700002,22.350531317000048],[113.59725996200007,22.341538804000038],[113.59669030000009,22.32575104400007],[113.59229576900009,22.316148179000038],[113.58301842500009,22.309515692000048],[113.57357832100001,22.300726630000042],[113.57470248900006,22.28483152700005],[113.57720985200001,22.266637463000052],[113.58374784400007,22.26345862700009],[113.58998673000008,22.253415329000063],[113.58765470100002,22.237882255000045],[113.56119560400009,22.233730112000046],[113.55285748400001,22.21900641500008],[113.53858483200008,22.22174713700008],[113.52295983200008,22.213039455000057],[113.52947024800005,22.202866929000038],[113.52987714900007,22.20225657800006],[113.52808678500003,22.19993724200009],[113.52149498800009,22.19131094000005],[113.49722991400006,22.17164050200006],[113.48374549000005,22.155142169000044],[113.45921374300008,22.158004487000085],[113.42562910200002,22.18622467700004],[113.41903730600006,22.208807684000078],[113.41187584700003,22.225531317000048],[113.36451256600003,22.26776764500005],[113.36231530000009,22.27496979400007],[113.36019941500001,22.29315827000005],[113.35702558700007,22.301906643000052],[113.35157311300009,22.308335679000038],[113.30323326900009,22.34365469000005],[113.27637780000009,22.37205638200004],[113.25562584700003,22.40387604400007],[113.24268639400009,22.457464911000045],[113.23194420700008,22.479071356000077],[113.17758222700002,22.564113674000055],[113.16529381600003,22.57558828300006],[113.15845787900003,22.506740627000056],[113.16016686300009,22.487616278000075],[113.16561933700007,22.47874583500004],[113.18921959700003,22.462591864000046],[113.22730553500003,22.42527903900009],[113.30298912900003,22.309759833000044],[113.31815839500007,22.289166392000084],[113.32850605300007,22.268475656000078],[113.35401451900009,22.24355703300006],[113.36451256600003,22.230129299000055],[113.40197053000009,22.179574118000062],[113.36255944100003,22.17145416900007],[113.35084069100003,22.171535549000055],[113.32545006600003,22.183661200000074],[113.31299889400009,22.18577708500004],[113.30274498800009,22.183294989000046],[113.29794355600006,22.17682526200008],[113.29468834700003,22.16787344000005],[113.28565514400009,22.153265692000048],[113.28223717500009,22.145412502000056],[113.27816816500001,22.14052969000005],[113.27352949300007,22.138373114000046],[113.26343834700003,22.13703034100007],[113.25098717500009,22.115668036000045],[113.24659264400009,22.103461005000042],[113.25586998800009,22.08266836100006],[113.25497480600006,22.071112372000073],[113.25123131600003,22.06073639500005],[113.24716230600006,22.05426666900007],[113.23056074300007,22.04315827000005],[113.21412194100003,22.045314846000053],[113.19469215800007,22.04639504700009],[113.17831417500008,22.040914172000043],[113.15746661600008,22.024699645000055],[113.13962991200003,22.036851782000042],[113.11885684100002,22.065838498000062],[113.11060631600003,22.09918854400007],[113.11532636800007,22.11347077000005],[113.12452233200008,22.13108958500004],[113.11824435300002,22.14374555800009],[113.12745201900009,22.160956122000073],[113.11915123800009,22.171942450000074],[113.11329186300009,22.18740469000005],[113.11036217500009,22.20416901200008],[113.11060631600003,22.219305731000077],[113.08505293100006,22.207586981000077],[113.07729033400005,22.14726667700006],[113.05789313000002,22.12109389400007],[113.02661394800009,22.143212451000068],[113.02063776900002,22.125977567000064],[113.0221102810001,22.101146484000083],[113.01762046700003,22.08184254300005],[113.01610515000004,22.057711938000068],[113.018304285,22.034950080000044],[113.01828600200008,22.02115791600005],[113.022729088,22.002534256000047],[113.021213375,21.984604708000063],[113.01896882200003,21.97702006800006],[113.02119483900003,21.97219124700007],[113.02861834200007,21.961148361000085],[113.025620043,21.949425357000052],[113.016675856,21.94253333800009],[113.00147545700008,21.938706773000035],[112.99472089900007,21.938421942000048],[112.98934980600006,21.937323309000078],[112.98707116000003,21.928534247000073],[112.98593183700007,21.92055898600006],[112.98096764400009,21.907171942000048],[112.97958418100006,21.901190497000073],[112.97266686300009,21.89207591400009],[112.95708123400004,21.87565345900009],[112.92877957200005,21.86529893100004],[112.91158606600004,21.85629082400004],[112.87940514400009,21.87518952000005],[112.87110436300009,21.893744208000044],[112.85897871200007,21.932521877000056],[112.85157311300009,21.94830963700008],[112.84083092500009,21.96092357000009],[112.82601972700002,21.966131903000075],[112.81478925900001,21.96157461100006],[112.80770918100006,21.952826239000046],[112.80038496200007,21.94717031500005],[112.78858483200008,21.95180898600006],[112.74374433700007,21.93195221600007],[112.74024498800009,21.925441799000055],[112.73764082100001,21.896877346000053],[112.73047936300009,21.890326239000046],[112.70606530000009,21.891791083000044],[112.70045006600003,21.890326239000046],[112.69629967500009,21.88580963700008],[112.69092858200008,21.875148830000057],[112.68555748800009,21.86985911700009],[112.64511152400007,21.849351304000038],[112.64755293100006,21.822658596000053],[112.63306725400003,21.795803127000056],[112.60800214900007,21.775091864000046],[112.57911217500009,21.766831773000035],[112.55087324300007,21.77285390800006],[112.44320722700002,21.82843659100007],[112.42603600400003,21.84516022300005],[112.41504967500009,21.868475653000075],[112.41114342500009,21.901190497000073],[112.42416425900001,21.917792059000078],[112.48145592500009,21.944647528000075],[112.49366295700008,21.966131903000075],[112.48617597700002,21.966131903000075],[112.46884199300007,21.955959377000056],[112.43628991000003,21.94562409100007],[112.40479576900009,21.94285716400009],[112.39063561300009,21.955511786000045],[112.38843834700003,21.96312083500004],[112.37850996200007,21.97687409100007],[112.37631269600001,21.98655833500004],[112.37720787900003,21.994574286000045],[112.38168379000001,22.006740627000056],[112.39283287900003,22.056301174000055],[112.39747155000009,22.068508205000057],[112.37818444100003,22.058417059000078],[112.36483808700007,22.034491278000075],[112.35751386800007,22.00535716400009],[112.35653730600006,21.979722398000035],[112.37012780000009,21.938788153000075],[112.38770592500009,21.908758856000077],[112.39063561300009,21.901190497000073],[112.38778730600006,21.876166083000044],[112.38843834700003,21.862250067000048],[112.39405358200008,21.856268622000073],[112.39795983200008,21.85057200700004],[112.40113366000003,21.83746979400007],[112.40430748800009,21.81150950700004],[112.40211022200003,21.80141836100006],[112.39283287900003,21.78514232000009],[112.38795006600003,21.75608958500004],[112.38143964900007,21.748521226000037],[112.37256920700008,21.742621161000045],[112.36329186300009,21.733343817000048],[112.33212324300007,21.72406647300005],[112.28622480600006,21.708807684000078],[112.24488366000003,21.70652903900009],[112.22681725400003,21.729641018000052],[112.21664472700002,21.735541083000044],[112.19686933700007,21.742336330000057],[112.18238366000003,21.75299713700008],[112.18897545700008,21.77057526200008],[112.19898522200003,21.786810614000046],[112.20313561300009,21.806708075000074],[112.20093834700003,21.826727606000077],[112.19263756600003,21.84316640800006],[112.18222089900007,21.823146877000056],[112.17269941500001,21.81443919500009],[112.08554121200007,21.796087958000044],[112.04721113400001,21.794989325000074],[112.02816816500001,21.797349351000037],[112.01303144600001,21.804388739000046],[112.00709069100003,21.81867096600007],[112.01295006600003,21.83462148600006],[112.03736412900003,21.862494208000044],[112.04127037900003,21.88418203300006],[112.03443444100003,21.88418203300006],[112.01880944100003,21.859808661000045],[111.99317467500003,21.83417389500005],[111.96924889400003,21.824042059000078],[111.95167076900003,21.864976304000038],[111.93409264400003,21.890448309000078],[111.91187584700003,21.91356028900009],[111.89039147200003,21.925116278000075],[111.88892662900003,21.89911530200004],[111.89063561300003,21.86737702000005],[111.89576256600003,21.837062893000052],[111.90406334700003,21.815252997000073],[111.92066491000003,21.800034898000035],[111.94638105600006,21.78587474200009],[111.97510826900003,21.776190497000073],[112.00025475400003,21.774318752000056],[111.99195397200003,21.763820705000057],[111.91456139400003,21.71906159100007],[111.90577233200003,21.71588776200008],[111.90406334700003,21.708807684000078],[111.90414472700007,21.701727606000077],[111.90064537900003,21.698553778000075],[111.89576256600003,21.695868231000077],[111.88428795700003,21.682847398000035],[111.87671959700003,21.678127346000053],[111.86793053500003,21.676703192000048],[111.83887780000003,21.678127346000053],[111.83692467500003,21.685288804000038],[111.84229576900003,21.699042059000078],[111.85377037900003,21.707424221000053],[111.86988366000003,21.698553778000075],[111.87671959700003,21.698553778000075],[111.87533613400007,21.70970286700009],[111.86947675900007,21.716742255000042],[111.86060631600003,21.721502997000073],[111.84937584700003,21.725816148000035],[111.83619225400003,21.71698639500005],[111.82935631600003,21.72870514500005],[111.82894941500007,21.749212958000044],[111.83505293100006,21.766831773000035],[111.82227623800003,21.752101955000057],[111.80689537900003,21.743312893000052],[111.79395592500003,21.744533596000053],[111.78793379000007,21.75999583500004],[111.76978600400003,21.753607489000046],[111.75790449300007,21.75332265800006],[111.72584069100003,21.766831773000035],[111.72120201900003,21.762640692000048],[111.70093834700003,21.768377997000073],[111.67807050900007,21.78115469000005],[111.69556725400003,21.761419989000046],[111.76059004000007,21.725816148000035],[111.77247155000003,21.705471096000053],[111.77963300900007,21.675441799000055],[111.77369225400003,21.650132554000038],[111.74691816500007,21.64394765800006],[111.76034589900007,21.64020416900007],[111.77247155000003,21.635199286000045],[111.78207441500007,21.62759023600006],[111.78793379000007,21.616034247000073],[111.74813886800007,21.614447333000044],[111.72836347700007,21.616359768000052],[111.71290123800003,21.623439846000053],[111.69044030000003,21.60382721600007],[111.66578209700003,21.558661200000074],[111.65137780000003,21.54092031500005],[111.64047285200007,21.533148505000042],[111.63046308700007,21.529852606000077],[111.61972089900007,21.533026434000078],[111.60645592500003,21.544623114000046],[111.60092207100007,21.55414459800005],[111.59652754000007,21.56549713700008],[111.59107506600003,21.57575104400007],[111.58187910200007,21.581854559000078],[111.58082116000003,21.56834544500009],[111.58204186300003,21.555487372000073],[111.58643639400003,21.543768622000073],[111.59555097700007,21.534084377000056],[111.57772871200007,21.53001536700009],[111.55665123800003,21.522365627000056],[111.53785241000003,21.520453192000048],[111.52719160200007,21.534084377000056],[111.52100670700003,21.534084377000056],[111.51661217500003,21.524562893000052],[111.50448652400007,21.51821523600006],[111.48934980600006,21.51471588700008],[111.47608483200003,21.513617255000042],[111.46810957100007,21.51825592700004],[111.46713300900007,21.529445705000057],[111.47266686300003,21.55459219000005],[111.45533287900003,21.551174221000053],[111.44410241000003,21.563625393000052],[111.43222089900007,21.60297272300005],[111.42432701900003,21.590277411000045],[111.41211998800003,21.576320705000057],[111.41114342500003,21.56826406500005],[111.41553795700003,21.55768463700008],[111.43091881600003,21.54401276200008],[111.43799889400003,21.534084377000056],[111.38778730600006,21.541449286000045],[111.36280358200003,21.54120514500005],[111.34970136800007,21.526678778000075],[111.36304772200003,21.532416083000044],[111.37647545700003,21.53270091400009],[111.40430748800003,21.526678778000075],[111.39356530000003,21.519680080000057],[111.36280358200003,21.506781317000048],[111.35645592500003,21.501288153000075],[111.34433027400007,21.487494208000044],[111.29249108200003,21.45062897300005],[111.26734459700003,21.43935781500005],[111.25294030000003,21.44472890800006],[111.26905358200003,21.45213450700004],[111.28028405000003,21.465318101000037],[111.30128014400003,21.499335028000075],[111.27979576900003,21.506293036000045],[111.25562584700003,21.517279364000046],[111.23218834700003,21.524562893000052],[111.21265709700003,21.520453192000048],[111.20630944100003,21.532049872000073],[111.19239342500003,21.531195380000042],[111.15796959700003,21.520453192000048],[111.15796959700003,21.513617255000042],[111.17164147200003,21.513617255000042],[111.16757246200007,21.508612372000073],[111.16496829500005,21.506008205000057],[111.17164147200003,21.499335028000075],[111.18417402400007,21.50576406500005],[111.19882246200007,21.50779857000009],[111.21363366000003,21.505682684000078],[111.22632897200003,21.499335028000075],[111.18458092500003,21.485663153000075],[111.16163170700003,21.476385809000078],[111.14364668100006,21.46580638200004],[111.13404381600003,21.471625067000048],[111.11988366000003,21.47337474200009],[111.08838951900003,21.47264232000009],[111.08838951900003,21.480129299000055],[111.12997480600006,21.493109442000048],[111.12997480600006,21.499335028000075],[111.12671959700003,21.50259023600006],[111.12378991000003,21.506781317000048],[111.11670983200003,21.50096263200004],[111.10767662900003,21.495794989000046],[111.09791100400003,21.492661851000037],[111.08838951900003,21.493109442000048],[111.07935631600003,21.497870184000078],[111.07846113400007,21.502875067000048],[111.07935631600003,21.50812409100007],[111.07545006600003,21.513617255000042],[111.03443444100003,21.53148021000004],[111.02759850400003,21.54092031500005],[111.02328535200007,21.527818101000037],[111.01172936300003,21.521185614000046],[110.98593183700007,21.513617255000042],[110.99569746200007,21.507635809000078],[111.00220787900003,21.489935614000046],[111.01392662900003,21.485663153000075],[111.00131269600007,21.46287669500009],[110.99244225400003,21.45498281500005],[110.97974694100003,21.45213450700004],[110.97974694100003,21.44472890800006],[110.99537194100003,21.44529857000009],[111.00814863400007,21.44989655200004],[111.01693769600007,21.45807526200008],[111.02011152400007,21.469224351000037],[111.02686608200003,21.479315497000073],[111.04224694100003,21.48456452000005],[111.05860436300003,21.48309967700004],[111.06861412900003,21.47264232000009],[111.04371178500003,21.46938711100006],[111.02491295700003,21.45652903900009],[110.99293053500003,21.42487213700008],[110.96591230600006,21.432847398000035],[110.94117272200003,21.42206452000005],[110.91724694100003,21.405910549000055],[110.89332116000003,21.39752838700008],[110.88965905000003,21.39549388200004],[110.87728925900007,21.38613515800006],[110.86988366000003,21.383246161000045],[110.86939537900003,21.384711005000042],[110.85230553500003,21.389146226000037],[110.82984459700003,21.392238674000055],[110.80616295700003,21.401597398000035],[110.79053795700003,21.40375397300005],[110.76815839900007,21.39752838700008],[110.74398847700007,21.382554429000038],[110.70484459700003,21.348537502000056],[110.69003339900007,21.331000067000048],[110.67628014400003,21.30963776200008],[110.66488691500007,21.285630601000037],[110.65707441500007,21.26040273600006],[110.65088951900003,21.26040273600006],[110.65479576900003,21.314601955000057],[110.66285241000003,21.337225653000075],[110.67758222700007,21.348537502000056],[110.66456139400003,21.34837474200009],[110.65552819100003,21.34275950700004],[110.64893639400003,21.333319403000075],[110.64332116000003,21.32184479400007],[110.64185631600003,21.33730703300006],[110.63575280000003,21.34642161700009],[110.63184655000003,21.35537344000005],[110.63648522200003,21.370266018000052],[110.64478600400003,21.37457916900007],[110.67164147200003,21.381293036000045],[110.69239342500003,21.39915599200009],[110.72461998800003,21.403143622000073],[110.75538170700003,21.413397528000075],[110.76636803500003,21.44472890800006],[110.76002037900003,21.44472890800006],[110.72730553500003,21.418890692000048],[110.63559004000007,21.38104889500005],[110.61670983200003,21.345404364000046],[110.61573326900003,21.301214911000045],[110.61972089900007,21.290757554000038],[110.64332116000003,21.25291575700004],[110.63648522200003,21.230169989000046],[110.61695397200003,21.229681708000044],[110.57520592500003,21.24673086100006],[110.57715905000003,21.240383205000057],[110.58017011800007,21.23460521000004],[110.58407636800007,21.229681708000044],[110.58871504000007,21.22557200700004],[110.48145592500003,21.217189846000053],[110.46322675900007,21.212144273000035],[110.44760175900007,21.203599351000037],[110.43116295700003,21.191473700000074],[110.42432701900003,21.191473700000074],[110.42701256600003,21.206000067000048],[110.43555748800003,21.226304429000038],[110.43734785200007,21.23924388200004],[110.43344160200007,21.251288153000075],[110.42701256600003,21.261542059000078],[110.42579186300003,21.269232489000046],[110.43734785200007,21.273382880000042],[110.43580162900003,21.27920156500005],[110.43311608200003,21.282863674000055],[110.42929121200007,21.28534577000005],[110.42432701900003,21.287665106000077],[110.42733808700007,21.28856028900009],[110.42994225400003,21.28847890800006],[110.43148847700007,21.289496161000045],[110.43116295700003,21.293890692000048],[110.43734785200007,21.293890692000048],[110.44629967500003,21.289984442000048],[110.45663496200007,21.28774648600006],[110.46631920700003,21.28343333500004],[110.47266686300003,21.273382880000042],[110.47885175900007,21.273382880000042],[110.48031660200007,21.281683661000045],[110.48218834700003,21.28656647300005],[110.48633873800003,21.293890692000048],[110.48633873800003,21.301336981000077],[110.47885175900007,21.301336981000077],[110.47315514400003,21.295477606000077],[110.46607506600003,21.296087958000044],[110.45704186300003,21.299302476000037],[110.44483483200003,21.301336981000077],[110.44483483200003,21.307562567000048],[110.48633873800003,21.328680731000077],[110.48633873800003,21.33551666900007],[110.47803795700003,21.336371161000045],[110.47266686300003,21.334906317000048],[110.46876061300003,21.33201732000009],[110.46534264400003,21.328680731000077],[110.46534264400003,21.348537502000056],[110.45118248800003,21.331976630000042],[110.44190514400003,21.31435781500005],[110.43392988400007,21.30878327000005],[110.42432701900003,21.328680731000077],[110.42392011800007,21.341620184000078],[110.43734785200007,21.39752838700008],[110.43116295700003,21.39752838700008],[110.41952558700007,21.377427476000037],[110.40097089900007,21.38703034100007],[110.36898847700007,21.42487213700008],[110.37867272200003,21.43748607000009],[110.38314863400007,21.441473700000074],[110.38949629000007,21.44472890800006],[110.38949629000007,21.45213450700004],[110.35849043100006,21.43573639500005],[110.37208092500003,21.40302155200004],[110.39437910200007,21.36399974200009],[110.38949629000007,21.328680731000077],[110.38583418100006,21.33148834800005],[110.37647545700003,21.33551666900007],[110.38266035200007,21.32184479400007],[110.36817467500003,21.325344143000052],[110.34498131600003,21.33885325700004],[110.32813561300003,21.342271226000037],[110.32813561300003,21.33551666900007],[110.34140058700007,21.330023505000042],[110.35670006600003,21.319159247000073],[110.36630293100006,21.30609772300005],[110.36280358200003,21.293890692000048],[110.36280358200003,21.287665106000077],[110.37378991000003,21.280585028000075],[110.38485761800007,21.27106354400007],[110.39340254000007,21.26040273600006],[110.39698326900003,21.249823309000078],[110.39901777400007,21.24555084800005],[110.40821373800003,21.238023179000038],[110.41065514400003,21.232367255000042],[110.40992272200003,21.223781643000052],[110.40748131600003,21.21698639500005],[110.40455162900003,21.212062893000052],[110.40316816500007,21.20848216400009],[110.40235436300003,21.19367096600007],[110.39942467500003,21.176581122000073],[110.39405358200003,21.162543036000045],[110.38607832100007,21.156724351000037],[110.37533613400007,21.15265534100007],[110.34742272200003,21.133205471000053],[110.33375084700003,21.116359768000052],[110.31527754000007,21.10765208500004],[110.28028405000003,21.09589264500005],[110.26929772200003,21.089178778000075],[110.22177168100006,21.03266022300005],[110.21884199300007,21.02757396000004],[110.21021569100003,21.03457265800006],[110.20557701900003,21.049383856000077],[110.20386803500003,21.066961981000077],[110.20460045700003,21.08222077000005],[110.19556725400003,21.07127513200004],[110.19068444100003,21.059068101000037],[110.18409264400003,21.03384023600006],[110.17782636800007,21.020086981000077],[110.15674889400003,20.986029364000046],[110.14307701900003,20.992254950000074],[110.14307701900003,20.986029364000046],[110.15479576900003,20.97728099200009],[110.15512129000007,20.96198151200008],[110.15097089900007,20.943182684000078],[110.14926191500007,20.923976955000057],[110.15414472700007,20.90643952000005],[110.17164147200003,20.877020575000074],[110.17725670700003,20.862494208000044],[110.16724694100003,20.872992255000042],[110.16415449300007,20.876776434000078],[110.15674889400003,20.876776434000078],[110.16065514400003,20.86790599200009],[110.16187584700003,20.862209377000056],[110.16065514400003,20.856675523000035],[110.15674889400003,20.848863023000035],[110.16073652400007,20.84784577000005],[110.16293379000007,20.84788646000004],[110.16391035200007,20.84674713700008],[110.16415449300007,20.84202708500004],[110.16871178500003,20.842678127000056],[110.16944420700003,20.84393952000005],[110.16879316500007,20.846096096000053],[110.17042076900003,20.848863023000035],[110.17750084700003,20.847479559000078],[110.18018639400003,20.84601471600007],[110.18336022200003,20.846096096000053],[110.19149824300007,20.848863023000035],[110.19149824300007,20.83584219000005],[110.21168053500003,20.84052155200004],[110.28711998800003,20.84202708500004],[110.30079186300003,20.852118231000077],[110.31967207100007,20.859930731000077],[110.33578535200007,20.85883209800005],[110.34180748800003,20.84202708500004],[110.34864342500003,20.848863023000035],[110.35523522200003,20.839667059000078],[110.36109459700003,20.835882880000042],[110.36581464900007,20.83856842700004],[110.36898847700007,20.848863023000035],[110.38624108200003,20.825995184000078],[110.40267988400007,20.79010651200008],[110.40943444100003,20.75096263200004],[110.39698326900003,20.718491929000038],[110.38355553500003,20.713446356000077],[110.36898847700007,20.719671942000048],[110.35645592500003,20.73232656500005],[110.34864342500003,20.74640534100007],[110.34725996200007,20.761786200000074],[110.34815514400003,20.80304596600007],[110.34180748800003,20.821519273000035],[110.33375084700003,20.80573151200008],[110.32862389400003,20.799750067000048],[110.32129967500003,20.794256903000075],[110.33301842500003,20.77875397300005],[110.33212324300007,20.76788971600007],[110.32252037900003,20.75995514500005],[110.30762780000003,20.753241278000075],[110.31446373800003,20.74640534100007],[110.31063886800007,20.745062567000048],[110.30884850400003,20.74510325700004],[110.30811608200003,20.743963934000078],[110.30762780000003,20.73895905200004],[110.33749433700007,20.725816148000035],[110.32943769600007,20.70722077000005],[110.30884850400003,20.683986721000053],[110.30079186300003,20.657049872000073],[110.30770918100006,20.66038646000004],[110.31348717500003,20.664862372000073],[110.31796308700007,20.67059967700004],[110.32129967500003,20.677557684000078],[110.32813561300003,20.677557684000078],[110.32960045700003,20.664455471000053],[110.32837975400003,20.65265534100007],[110.32374108200003,20.643052476000037],[110.31446373800003,20.636542059000078],[110.32593834700003,20.63076406500005],[110.33936608200003,20.63153717700004],[110.35214277400007,20.636542059000078],[110.36280358200003,20.643377997000073],[110.36280358200003,20.622300523000035],[110.37183678500003,20.63434479400007],[110.38062584700003,20.63377513200004],[110.38917076900003,20.625921942000048],[110.39698326900003,20.616115627000056],[110.39193769600007,20.606756903000075],[110.39747155000003,20.595445054000038],[110.40853925900007,20.58592357000009],[110.42514082100007,20.58006419500009],[110.44296308700007,20.570868231000077],[110.45167076900003,20.567694403000075],[110.45801842500003,20.56736888200004],[110.47266686300003,20.56858958500004],[110.47885175900007,20.567694403000075],[110.49520918100006,20.553168036000045],[110.51148522200003,20.527899481000077],[110.53419030000003,20.478257554000038],[110.51539147200003,20.434759833000044],[110.50228925900007,20.41274648600006],[110.48267662900003,20.403225002000056],[110.47535241000003,20.397650458000044],[110.45850670700003,20.362250067000048],[110.40683027400007,20.305161851000037],[110.39999433700007,20.30076732000009],[110.37671959700003,20.305243231000077],[110.36207116000003,20.30487702000005],[110.35547936300003,20.297349351000037],[110.34433027400007,20.279242255000042],[110.31967207100007,20.26972077000005],[110.29403730600006,20.262925523000035],[110.28028405000003,20.25299713700008],[110.26563561300003,20.264146226000037],[110.25635826900003,20.269354559000078],[110.24561608200003,20.27342357000009],[110.23715254000007,20.27496979400007],[110.20801842500003,20.27342357000009],[110.19662519600007,20.27024974200009],[110.19263756600003,20.26325104400007],[110.19117272200003,20.25617096600007],[110.18775475400003,20.25299713700008],[110.12753339900007,20.247992255000042],[110.10962975400003,20.25299713700008],[110.09310957100007,20.27057526200008],[110.08570397200003,20.27342357000009],[110.07764733200003,20.274562893000052],[110.06983483200003,20.277777411000045],[110.06373131600003,20.283026434000078],[110.06112714900007,20.290228583000044],[110.05762780000003,20.29637278900009],[110.04892011800007,20.30023834800005],[110.03785241000003,20.301703192000048],[110.02711022200003,20.30076732000009],[110.02157636800007,20.297023830000057],[110.01181074300007,20.283677476000037],[110.00595136800007,20.28034088700008],[110.00098717500003,20.28082916900007],[109.99520918100006,20.28278229400007],[109.99146569100003,20.284979559000078],[109.99227949300007,20.28652578300006],[109.96583092500003,20.280951239000046],[109.95093834700003,20.27216217700004],[109.94442793100006,20.25608958500004],[109.94141686300003,20.25185781500005],[109.93392988400007,20.24412669500009],[109.92489668100006,20.23826732000009],[109.91724694100003,20.23932526200008],[109.91456139400003,20.248480536000045],[109.91724694100003,20.25995514500005],[109.92172285200007,20.269680080000057],[109.92408287900003,20.27342357000009],[109.92855879000007,20.294582424000055],[109.93091881600003,20.31781647300005],[109.92872155000003,20.32636139500005],[109.91944420700003,20.342230536000045],[109.91724694100003,20.35228099200009],[109.88575280000003,20.366359768000052],[109.87411543100006,20.376288153000075],[109.88990319100003,20.38271719000005],[109.86280358200003,20.406317450000074],[109.86573326900003,20.41006094000005],[109.87891686300003,20.41087474200009],[109.88803144600007,20.41404857000009],[109.89380944100003,20.420477606000077],[109.89608808700007,20.43109772300005],[109.90357506600003,20.43109772300005],[109.91488691500007,20.41864655200004],[109.94581139400003,20.395738023000035],[109.95809980600006,20.38271719000005],[109.97486412900003,20.354641018000052],[109.98243248800003,20.35154857000009],[109.98544355600006,20.37213776200008],[109.99244225400003,20.38495514500005],[110.00611412900003,20.401190497000073],[110.01547285200007,20.418402411000045],[110.00977623800003,20.43423086100006],[109.98397871200007,20.453192450000074],[109.97225996200007,20.464544989000046],[109.96493574300007,20.478257554000038],[109.96298261800007,20.471991278000075],[109.96045983200003,20.46625397300005],[109.95850670700003,20.459906317000048],[109.95809980600006,20.451605536000045],[109.94361412900003,20.460679429000038],[109.93921959700003,20.473863023000035],[109.93751061300003,20.48965078300006],[109.93091881600003,20.506252346000053],[109.92994225400003,20.47138092700004],[109.92701256600003,20.454901434000078],[109.91724694100003,20.44476959800005],[109.91480553500003,20.45701732000009],[109.90951582100007,20.471177476000037],[109.90292402400007,20.484198309000078],[109.89608808700007,20.492580471000053],[109.88282311300003,20.497748114000046],[109.84970136800007,20.500921942000048],[109.83521569100003,20.506252346000053],[109.82748457100007,20.511460679000038],[109.82211347700007,20.516546942000048],[109.81959069100003,20.523504950000074],[109.82105553500003,20.534125067000048],[109.82569420700003,20.542792059000078],[109.83179772200003,20.544582424000055],[109.83749433700007,20.54437897300005],[109.84140058700007,20.54718659100007],[109.84376061300003,20.557074286000045],[109.84522545700003,20.58112213700008],[109.84823652400007,20.595648505000042],[109.84140058700007,20.595648505000042],[109.82772871200007,20.554632880000042],[109.82105553500003,20.554632880000042],[109.81885826900003,20.589097398000035],[109.80201256600003,20.61627838700008],[109.77588951900003,20.631333726000037],[109.74586022200003,20.629787502000056],[109.75171959700003,20.645412502000056],[109.75025475400003,20.66046784100007],[109.75155683700007,20.67373281500005],[109.76571699300007,20.684393622000073],[109.77515709700003,20.68618398600006],[109.77979576900003,20.683539130000042],[109.78524824300007,20.67959219000005],[109.79712975400003,20.677557684000078],[109.80591881600003,20.679510809000078],[109.81275475400003,20.684515692000048],[109.82772871200007,20.69798411700009],[109.83065839900007,20.69367096600007],[109.83700605600006,20.689154364000046],[109.84140058700007,20.684393622000073],[109.84424889400003,20.68968333500004],[109.84888756600003,20.69627513200004],[109.85409589900007,20.70184967700004],[109.85873457100007,20.704250393000052],[109.86190839900007,20.708156643000052],[109.86044355600006,20.71548086100006],[109.85474694100003,20.719916083000044],[109.82943769600007,20.707912502000056],[109.81397545700003,20.70844147300005],[109.80103600400003,20.706284898000035],[109.79371178500003,20.691148179000038],[109.78687584700003,20.691148179000038],[109.76026451900003,20.72996653900009],[109.75643964900007,20.749701239000046],[109.77320397200003,20.766913153000075],[109.76343834700003,20.776556708000044],[109.75814863400007,20.792792059000078],[109.76026451900003,20.807806708000044],[109.77320397200003,20.814113674000055],[109.77320397200003,20.821519273000035],[109.75204511800007,20.84202708500004],[109.75204511800007,20.848863023000035],[109.75953209700003,20.848863023000035],[109.75953209700003,20.85504791900007],[109.75302168100006,20.863714911000045],[109.74537194100003,20.867661851000037],[109.73780358200003,20.865383205000057],[109.73153730600006,20.85504791900007],[109.73902428500003,20.807847398000035],[109.72836347700007,20.81513092700004],[109.71387780000003,20.833685614000046],[109.70435631600003,20.84202708500004],[109.70679772200003,20.831854559000078],[109.71786543100006,20.807847398000035],[109.68946373800003,20.83539459800005],[109.66561933700007,20.880926825000074],[109.66122480600006,20.927557684000078],[109.69125410200007,20.958726304000038],[109.67896569100003,20.973863023000035],[109.68067467500003,20.99445221600007],[109.69752037900003,21.04059479400007],[109.70077558700007,21.03856028900009],[109.70850670700003,21.03587474200009],[109.71168053500003,21.03384023600006],[109.70980879000007,21.057196356000077],[109.69996178500003,21.08299388200004],[109.68555748800003,21.106594143000052],[109.67017662900003,21.12323639500005],[109.67660566500007,21.138495184000078],[109.69589277400007,21.17011139500005],[109.70435631600003,21.17845286700009],[109.72022545700003,21.183417059000078],[109.72836347700007,21.177883205000057],[109.73642011800007,21.16901276200008],[109.75204511800007,21.164129950000074],[109.74667402400007,21.17967357000009],[109.75489342500003,21.19293854400007],[109.76710045700003,21.20453522300005],[109.77320397200003,21.215399481000077],[109.77027428500003,21.271307684000078],[109.76571699300007,21.28082916900007],[109.76571699300007,21.287665106000077],[109.77352949300007,21.299709377000056],[109.77393639400003,21.31867096600007],[109.76571699300007,21.355943101000037],[109.77637780000003,21.353664455000057],[109.78370201900003,21.34829336100006],[109.78736412900003,21.339911200000074],[109.78687584700003,21.328680731000077],[109.79981530000003,21.332912502000056],[109.80347741000003,21.34121328300006],[109.80396569100003,21.350043036000045],[109.80738366000003,21.355943101000037],[109.81625410200007,21.357570705000057],[109.84140058700007,21.355943101000037],[109.92408287900003,21.36277903900009],[109.92408287900003,21.370266018000052],[109.90479576900003,21.390692450000074],[109.91757246200007,21.413804429000038],[109.94052168100006,21.437201239000046],[109.95126386800007,21.45840078300006],[109.93344160200007,21.45380280200004],[109.92457116000003,21.46503327000005],[109.92725670700003,21.479803778000075],[109.94442793100006,21.485663153000075],[109.94442793100006,21.493109442000048],[109.91797936300003,21.489406643000052],[109.88697350400003,21.48151276200008],[109.85897871200007,21.482814846000053],[109.84140058700007,21.506781317000048],[109.82772871200007,21.493109442000048],[109.82772871200007,21.485663153000075],[109.83521569100003,21.485663153000075],[109.83521569100003,21.480129299000055],[109.82691491000003,21.470526434000078],[109.82374108200003,21.46503327000005],[109.82105553500003,21.45840078300006],[109.81421959700003,21.45840078300006],[109.80274498800003,21.47333405200004],[109.79908287900003,21.498602606000077],[109.80054772200003,21.55459219000005],[109.78329511800007,21.54637278900009],[109.77011152400007,21.551581122000073],[109.76514733200003,21.563381252000056],[109.77320397200003,21.575100002000056],[109.77320397200003,21.581854559000078],[109.74805748800003,21.57493724200009],[109.74805748800003,21.574611721000053],[109.74781334700003,21.54523346600007],[109.76026451900003,21.51162344000005],[109.77320397200003,21.493109442000048],[109.77320397200003,21.485663153000075],[109.76571699300007,21.485663153000075],[109.76571699300007,21.493109442000048],[109.75953209700003,21.493109442000048],[109.74146569100003,21.47402578300006],[109.70858808700007,21.483303127000056],[109.64966881600003,21.520453192000048],[109.65992272200003,21.52806224200009],[109.66822350400003,21.55963776200008],[109.67701256600003,21.575100002000056],[109.67335045700003,21.582098700000074],[109.67172285200007,21.596625067000048],[109.67017662900003,21.60297272300005],[109.67367597700007,21.606390692000048],[109.67676842500003,21.61005280200004],[109.67798912900003,21.615301825000074],[109.67701256600003,21.623439846000053],[109.65878339900007,21.614935614000046],[109.63721764400003,21.601629950000074],[109.62525475400003,21.58539459800005],[109.63599694100003,21.56826406500005],[109.62891686300003,21.566839911000045],[109.62232506600003,21.56781647300005],[109.61581464900007,21.570705471000053],[109.60800214900007,21.575100002000056],[109.60800214900007,21.581854559000078],[109.61280358200003,21.589789130000042],[109.61353600400003,21.601223049000055],[109.61085045700003,21.61151764500005],[109.60499108200003,21.616034247000073],[109.60303795700003,21.62059153900009],[109.61548912900003,21.650132554000038],[109.59449303500003,21.63418203300006],[109.58529707100007,21.63084544500009],[109.58139082100007,21.64020416900007],[109.57992597700007,21.650458075000074],[109.57593834700003,21.659369208000044],[109.56942793100006,21.666489976000037],[109.56088300900007,21.67129140800006],[109.56421959700003,21.691229559000078],[109.56771894600007,21.698553778000075],[109.56080162900003,21.70726146000004],[109.56788170700003,21.719956773000035],[109.58155358200003,21.732367255000042],[109.59449303500003,21.740179755000042],[109.59449303500003,21.74640534100007],[109.58334394600007,21.744533596000053],[109.57496178500003,21.74567291900007],[109.56942793100006,21.75063711100006],[109.56771894600007,21.75999583500004],[109.49268639400003,21.698553778000075],[109.49805748800003,21.695379950000074],[109.50098717500003,21.691880601000037],[109.50326582100007,21.688381252000056],[109.50619550900007,21.68496328300006],[109.50302168100006,21.684515692000048],[109.49594160200007,21.68500397300005],[109.49268639400003,21.68496328300006],[109.49268639400003,21.678127346000053],[109.49927819100003,21.680161851000037],[109.51343834700003,21.68268463700008],[109.51986738400007,21.68496328300006],[109.52100670700003,21.665757554000038],[109.50635826900003,21.65766022300005],[109.48471113400007,21.658026434000078],[109.46469160200007,21.664455471000053],[109.46469160200007,21.65761953300006],[109.52987714900007,21.635687567000048],[109.54053795700003,21.626898505000042],[109.54322350400003,21.619574286000045],[109.57276451900003,21.581732489000046],[109.57105553500003,21.576239325000074],[109.56495201900003,21.572739976000037],[109.56088300900007,21.56826406500005],[109.56226647200003,21.536932684000078],[109.56088300900007,21.526678778000075],[109.55697675900007,21.521551825000074],[109.54330488400007,21.508246161000045],[109.54053795700003,21.503078518000052],[109.53077233200003,21.49164459800005],[109.48585045700003,21.474310614000046],[109.47217858200003,21.46580638200004],[109.46688886800007,21.47483958500004],[109.46583092500003,21.482896226000037],[109.46786543100006,21.49087148600006],[109.47217858200003,21.499335028000075],[109.46387780000003,21.492987372000073],[109.45460045700003,21.48183828300006],[109.44727623800003,21.47011953300006],[109.44418379000007,21.462103583000044],[109.43824303500003,21.45506419500009],[109.42440839900007,21.452378648000035],[109.34376061300003,21.453517971000053],[109.33521569100003,21.458156643000052],[109.32081139400003,21.480129299000055],[109.31552168100006,21.459051825000074],[109.29892011800007,21.44326406500005],[109.27759850400003,21.43699778900009],[109.25863691500007,21.44472890800006],[109.25375410200007,21.440334377000056],[109.25025475400003,21.438299872000073],[109.24765058700007,21.43626536700009],[109.24496504000007,21.43162669500009],[109.23878014400003,21.43162669500009],[109.23715254000007,21.458685614000046],[109.23878014400003,21.485663153000075],[109.22706139400003,21.47223541900007],[109.21973717500003,21.44912344000005],[109.21461022200003,21.41742584800005],[109.17196699300007,21.41754791900007],[109.15707441500007,21.423529364000046],[109.14942467500003,21.43854401200008],[109.14429772200003,21.427557684000078],[109.14462324300007,21.41795482000009],[109.14893639400003,21.409979559000078],[109.15626061300003,21.40375397300005],[109.13868248800003,21.401597398000035],[109.09644616000003,21.42519765800006],[109.07740319100003,21.43162669500009],[109.05014082100007,21.437160549000055],[109.03980553500003,21.45026276200008],[109.04371178500003,21.46625397300005],[109.06006920700003,21.480129299000055],[109.08253014400003,21.486029364000046],[109.10987389400003,21.489569403000075],[109.13282311300003,21.495917059000078],[109.14258873800003,21.510199286000045],[109.14210045700003,21.55345286700009],[109.13575280000003,21.60297272300005],[109.12891686300003,21.60297272300005],[109.12435957100007,21.590969143000052],[109.11605879000007,21.59056224200009],[109.10718834700003,21.59796784100007],[109.10108483200003,21.609198309000078],[109.09481855600006,21.609198309000078],[109.08741295700003,21.599554755000042],[109.07764733200003,21.596991278000075],[109.06967207100007,21.60224030200004],[109.06674238400007,21.616034247000073],[109.06006920700003,21.616034247000073],[109.05665123800003,21.61155833500004],[109.04639733200003,21.60297272300005],[109.04981530000003,21.614081122000073],[109.05469811300003,21.62205638200004],[109.06674238400007,21.636542059000078],[109.06674238400007,21.64394765800006],[109.04843183700007,21.63690827000005],[109.01376386800007,21.615383205000057],[108.99244225400003,21.609198309000078],[108.97022545700003,21.606350002000056],[108.95899498800003,21.606594143000052],[108.94459069100003,21.609198309000078],[108.92798912900003,21.615057684000078],[108.92074629000007,21.622015692000048],[108.90650475400003,21.650824286000045],[108.90170332100007,21.665187893000052],[108.89747155000003,21.67129140800006],[108.89161217500003,21.672674872000073],[108.87549889400003,21.67015208500004],[108.86947675900007,21.67129140800006],[108.85726972700007,21.683417059000078],[108.85523522200003,21.68496328300006],[108.85523522200003,21.694281317000048],[108.86036217500003,21.69790273600006],[108.86646569100003,21.70018138200004],[108.86947675900007,21.70538971600007],[108.86426842500003,21.73187897300005],[108.86142011800007,21.733343817000048],[108.86548912900003,21.73973216400009],[108.86744225400003,21.741400458000044],[108.86996504000007,21.742336330000057],[108.87574303500003,21.74640534100007],[108.88599694100003,21.750433661000045],[108.91659589900007,21.75381094000005],[108.92237389400003,21.762884833000044],[108.92408287900003,21.766831773000035],[108.91684004000007,21.76434967700004],[108.90430748800003,21.76276276200008],[108.89747155000003,21.75999583500004],[108.90308678500003,21.774318752000056],[108.89380944100003,21.771551825000074],[108.88632246200007,21.76715729400007],[108.88062584700003,21.76117584800005],[108.87574303500003,21.75381094000005],[108.86947675900007,21.75381094000005],[108.86142011800007,21.75999583500004],[108.86142011800007,21.766831773000035],[108.86695397200003,21.77415599200009],[108.87574303500003,21.80097077000005],[108.86947675900007,21.80097077000005],[108.85824629000007,21.78729889500005],[108.85523522200003,21.78115469000005],[108.84986412900003,21.79169342700004],[108.85067793100006,21.800523179000038],[108.85523522200003,21.80817291900007],[108.86142011800007,21.815252997000073],[108.84083092500003,21.81159088700008],[108.80136152400007,21.81834544500009],[108.77955162900003,21.815252997000073],[108.78891035200007,21.810939846000053],[108.82105553500003,21.80097077000005],[108.81739342500003,21.796576239000046],[108.81625410200007,21.793361721000053],[108.81592858200003,21.789007880000042],[108.81421959700003,21.78115469000005],[108.83261152400007,21.78384023600006],[108.84253991000003,21.768052476000037],[108.84351647200003,21.745021877000056],[108.83472741000003,21.725816148000035],[108.82894941500007,21.720038153000075],[108.82211347700007,21.71503327000005],[108.81666100400003,21.71637604400007],[108.81421959700003,21.729641018000052],[108.81405683700007,21.741115627000056],[108.81210371200007,21.752427476000037],[108.80591881600003,21.75844961100006],[108.79306074300007,21.75381094000005],[108.79859459700003,21.74827708500004],[108.80054772200003,21.74481842700004],[108.79989668100006,21.733343817000048],[108.79664147200003,21.73696523600006],[108.79517662900003,21.737982489000046],[108.79281660200007,21.738430080000057],[108.78687584700003,21.740179755000042],[108.79306074300007,21.733343817000048],[108.78980553500003,21.72915273600006],[108.78638756600003,21.727850653000075],[108.78296959700003,21.727443752000056],[108.77955162900003,21.725816148000035],[108.79989668100006,21.725816148000035],[108.79989668100006,21.71906159100007],[108.79306074300007,21.71906159100007],[108.79306074300007,21.712836005000042],[108.81666100400003,21.699693101000037],[108.83432050900007,21.68573639500005],[108.83863366000003,21.668036200000074],[108.82105553500003,21.64394765800006],[108.84237714900007,21.64638906500005],[108.85181725400003,21.64598216400009],[108.86142011800007,21.64394765800006],[108.84994550900007,21.62596263200004],[108.83399498800003,21.62799713700008],[108.81544030000003,21.637925523000035],[108.79647871200007,21.64394765800006],[108.78736412900003,21.641424872000073],[108.78207441500007,21.63548411700009],[108.77808678500003,21.628729559000078],[108.77271569100003,21.623439846000053],[108.76278730600006,21.62055084800005],[108.74594160200007,21.620266018000052],[108.73853600400003,21.616034247000073],[108.74537194100003,21.60297272300005],[108.73349043100006,21.61273834800005],[108.73129316500007,21.629461981000077],[108.72754967500003,21.64476146000004],[108.71119225400003,21.650132554000038],[108.71119225400003,21.65761953300006],[108.73316491000003,21.66242096600007],[108.74032636800007,21.66014232000009],[108.74537194100003,21.650132554000038],[108.75155683700007,21.650132554000038],[108.75155683700007,21.69171784100007],[108.74244225400003,21.684149481000077],[108.74024498800003,21.67999909100007],[108.73853600400003,21.67129140800006],[108.73170006600003,21.67129140800006],[108.71265709700003,21.688421942000048],[108.71542402400007,21.709133205000057],[108.72470136800007,21.729722398000035],[108.72486412900003,21.74640534100007],[108.71786543100006,21.74315013200004],[108.71119225400003,21.74640534100007],[108.70045006600003,21.722479559000078],[108.69410241000003,21.712144273000035],[108.68319746200007,21.70538971600007],[108.67457116000003,21.715399481000077],[108.65430748800003,21.723537502000056],[108.64918053500003,21.733343817000048],[108.65878339900007,21.733221747000073],[108.66700280000003,21.734849351000037],[108.68319746200007,21.740179755000042],[108.68319746200007,21.74640534100007],[108.66537519600007,21.75185781500005],[108.65259850400003,21.74998607000009],[108.64633222700007,21.75136953300006],[108.64918053500003,21.766831773000035],[108.65560957100007,21.778225002000056],[108.66480553500003,21.787176825000074],[108.67310631600003,21.798000393000052],[108.67701256600003,21.815252997000073],[108.66968834700003,21.815252997000073],[108.66700280000003,21.809515692000048],[108.66016686300003,21.801336981000077],[108.65601647200003,21.79482656500005],[108.64975019600007,21.814154364000046],[108.64918053500003,21.822088934000078],[108.64234459700003,21.822088934000078],[108.64307701900003,21.809393622000073],[108.64218183700007,21.79686107000009],[108.63965905000003,21.784979559000078],[108.63550866000003,21.774318752000056],[108.62867272200003,21.774318752000056],[108.62330162900003,21.78351471600007],[108.62183678500003,21.787909247000073],[108.61500084700003,21.787909247000073],[108.62501061300003,21.76780833500004],[108.62916100400003,21.75608958500004],[108.62867272200003,21.74640534100007],[108.59449303500003,21.740179755000042],[108.59376061300003,21.754828192000048],[108.59750410200007,21.766546942000048],[108.60751386800007,21.787909247000073],[108.58057701900003,21.781317450000074],[108.56942793100006,21.79437897300005],[108.57138105600006,21.81281159100007],[108.58423912900003,21.822088934000078],[108.60059655000003,21.830633856000077],[108.62208092500003,21.87107982000009],[108.63550866000003,21.88418203300006],[108.63550866000003,21.890326239000046],[108.62256920700003,21.896226304000038],[108.59449303500003,21.917669989000046],[108.59408613400007,21.91120026200008],[108.59229576900003,21.906805731000077],[108.58969160200007,21.902899481000077],[108.58765709700003,21.89785390800006],[108.58334394600007,21.900539455000057],[108.57960045700003,21.90180084800005],[108.56714928500003,21.90460846600007],[108.57089277400007,21.901271877000056],[108.57398522200003,21.89996979400007],[108.57699629000007,21.899359442000048],[108.58082116000003,21.89785390800006],[108.57032311300003,21.893377997000073],[108.56031334700003,21.89549388200004],[108.55372155000003,21.90375397300005],[108.55298912900003,21.917669989000046],[108.55811608200003,21.923651434000078],[108.56690514400003,21.927801825000074],[108.57382246200007,21.93545156500005],[108.57333418100006,21.95180898600006],[108.56714928500003,21.95180898600006],[108.56698652400007,21.948553778000075],[108.56739342500003,21.941961981000077],[108.56714928500003,21.938788153000075],[108.55982506600003,21.938788153000075],[108.55836022200003,21.942572333000044],[108.55298912900003,21.95180898600006],[108.55054772200003,21.93545156500005],[108.54566491000003,21.92381419500009],[108.53768964900007,21.914496161000045],[108.52564537900003,21.90460846600007],[108.52149498800003,21.906724351000037],[108.50513756600003,21.91083405200004],[108.50513756600003,21.90460846600007],[108.51075280000003,21.901597398000035],[108.51319420700003,21.898504950000074],[108.51539147200003,21.894924221000053],[108.51880944100003,21.890326239000046],[108.50171959700003,21.88580963700008],[108.48487389400003,21.877101955000057],[108.47836347700007,21.866400458000044],[108.49146569100003,21.856268622000073],[108.46314537900003,21.862982489000046],[108.46070397200003,21.887111721000053],[108.47779381600003,21.945013739000046],[108.47022545700003,21.940252997000073],[108.46469160200007,21.93431224200009],[108.46070397200003,21.926947333000044],[108.45801842500003,21.917669989000046],[108.45728600400003,21.888332424000055],[108.44874108200003,21.865790106000077],[108.45565839900007,21.848781643000052],[108.46957441500007,21.832953192000048],[108.48462975400003,21.822088934000078],[108.48153730600006,21.821478583000044],[108.47095787900003,21.822088934000078],[108.47201582100007,21.817531643000052],[108.47388756600003,21.81443919500009],[108.47608483200003,21.811712958000044],[108.47779381600003,21.807806708000044],[108.48829186300003,21.81476471600007],[108.49708092500003,21.809027411000045],[108.50294030000003,21.79759349200009],[108.50513756600003,21.787909247000073],[108.50196373800003,21.776678778000075],[108.49610436300003,21.76825592700004],[108.49130293100006,21.75771719000005],[108.49146569100003,21.740179755000042],[108.48218834700003,21.74359772300005],[108.47592207100007,21.74433014500005],[108.47046959700003,21.743068752000056],[108.46347089900007,21.740179755000042],[108.47543379000007,21.736761786000045],[108.48682701900003,21.73187897300005],[108.49691816500007,21.725897528000075],[108.50513756600003,21.71906159100007],[108.50513756600003,21.712836005000042],[108.49146569100003,21.712836005000042],[108.49170983200003,21.708685614000046],[108.49390709700003,21.705877997000073],[108.49504642000005,21.705633856000077],[108.49765058700007,21.70538971600007],[108.49634850400003,21.704779364000046],[108.49382571700005,21.70538971600007],[108.47779381600003,21.70538971600007],[108.47779381600003,21.698553778000075],[108.48642011800007,21.69725169500009],[108.49634850400003,21.69293854400007],[108.50513756600003,21.69171784100007],[108.50513756600003,21.68496328300006],[108.50147545700003,21.68036530200004],[108.50082441500007,21.68032461100006],[108.50228925900007,21.67914459800005],[108.50513756600003,21.67129140800006],[108.51303144600007,21.70018138200004],[108.52011152400007,21.712632554000038],[108.53305097700007,21.71906159100007],[108.53052819100003,21.710191148000035],[108.52597089900007,21.70538971600007],[108.52149498800003,21.702297268000052],[108.51880944100003,21.698553778000075],[108.51791425900007,21.689276434000078],[108.52076256600003,21.680568752000056],[108.51880944100003,21.67129140800006],[108.52401777400007,21.675604559000078],[108.52792402400007,21.677679755000042],[108.53101647200003,21.67987702000005],[108.53305097700007,21.68496328300006],[108.53711998800003,21.685370184000078],[108.53858483200003,21.684027411000045],[108.53931725400003,21.678127346000053],[108.54224694100003,21.68382396000004],[108.55298912900003,21.698553778000075],[108.55982506600003,21.698553778000075],[108.56544030000003,21.678534247000073],[108.55722089900007,21.671616929000038],[108.54517662900003,21.666083075000074],[108.53931725400003,21.650132554000038],[108.54883873800003,21.656195380000042],[108.55298912900003,21.65761953300006],[108.54688561300003,21.643052476000037],[108.53598066500007,21.638006903000075],[108.52344811300003,21.63930898600006],[108.51197350400003,21.64394765800006],[108.51197350400003,21.636542059000078],[108.51734459700003,21.63495514500005],[108.52100670700003,21.63300202000005],[108.52540123800003,21.63117096600007],[108.53305097700007,21.63031647300005],[108.53052819100003,21.62051015800006],[108.52686608200003,21.61424388200004],[108.52100670700003,21.61078522300005],[108.51197350400003,21.609198309000078],[108.51661217500003,21.59918854400007],[108.51880944100003,21.595526434000078],[108.49048912900003,21.583685614000046],[108.48121178500003,21.581854559000078],[108.48007246200007,21.587836005000042],[108.48178144600007,21.59951406500005],[108.48910566500007,21.60761139500005],[108.50513756600003,21.60297272300005],[108.50513756600003,21.609198309000078],[108.49146569100003,21.623439846000053],[108.47852623800003,21.60614655200004],[108.47177168100006,21.600490627000056],[108.46347089900007,21.595526434000078],[108.46998131600003,21.58690013200004],[108.47120201900003,21.581203518000052],[108.46713300900007,21.57754140800006],[108.45801842500003,21.575100002000056],[108.45801842500003,21.56826406500005],[108.46102949300007,21.56785716400009],[108.47095787900003,21.56826406500005],[108.47095787900003,21.56199778900009],[108.42001386800007,21.55687083500004],[108.40211022200003,21.559800523000035],[108.38965905000003,21.575100002000056],[108.39063561300003,21.595363674000055],[108.40674889400003,21.60024648600006],[108.42090905000003,21.594224351000037],[108.41635175900007,21.581854559000078],[108.43189537900003,21.583238023000035],[108.43873131600003,21.594183661000045],[108.44369550900007,21.623439846000053],[108.43751061300003,21.623439846000053],[108.43246504000007,21.618109442000048],[108.42758222700007,21.61668528900009],[108.42237389400003,21.61871979400007],[108.41635175900007,21.623439846000053],[108.41635175900007,21.63031647300005],[108.42123457100007,21.635158596000053],[108.42733808700007,21.639146226000037],[108.43482506600003,21.64215729400007],[108.44369550900007,21.64394765800006],[108.44141686300003,21.652085679000038],[108.44809004000007,21.65810781500005],[108.45948326900003,21.66209544500009],[108.47095787900003,21.664455471000053],[108.47095787900003,21.67129140800006],[108.42343183700007,21.663275458000044],[108.40967858200003,21.664455471000053],[108.42359459700003,21.679388739000046],[108.42701256600003,21.68773021000004],[108.42383873800003,21.698553778000075],[108.42090905000003,21.693182684000078],[108.41358483200003,21.684800523000035],[108.40967858200003,21.678127346000053],[108.40805097700007,21.683294989000046],[108.40699303500003,21.683294989000046],[108.40333092500003,21.68496328300006],[108.39795983200003,21.67283763200004],[108.38599694100003,21.67291901200008],[108.33765709700003,21.69745514500005],[108.33594811300003,21.706854559000078],[108.34131920700003,21.725816148000035],[108.32154381600003,21.70966217700004],[108.31137129000007,21.681708075000074],[108.31275475400003,21.65184153900009],[108.32764733200003,21.63031647300005],[108.30648847700007,21.63031647300005],[108.31112714900007,21.619940497000073],[108.31397545700003,21.616034247000073],[108.30640709700003,21.61273834800005],[108.30079186300003,21.607245184000078],[108.29664147200003,21.599432684000078],[108.29346764400003,21.58930084800005],[108.30909264400003,21.58893463700008],[108.31397545700003,21.58930084800005],[108.31397545700003,21.581854559000078],[108.30713951900003,21.57811107000009],[108.28956139400003,21.56403229400007],[108.28598066500007,21.558294989000046],[108.28378339900007,21.544745184000078],[108.27784264400003,21.54010651200008],[108.26913496200007,21.53864166900007],[108.25863691500007,21.534084377000056],[108.22641035200007,21.50800202000005],[108.21102949300007,21.50063711100006],[108.21029707100007,21.513617255000042],[108.21933027400007,21.529364325000074],[108.24496504000007,21.56435781500005],[108.25196373800003,21.581854559000078],[108.25277754000007,21.58852773600006],[108.25253339900007,21.59528229400007],[108.24935957100007,21.60309479400007],[108.24170983200003,21.612616278000075],[108.22681725400003,21.625555731000077],[108.22787519600007,21.632066148000035],[108.23829186300003,21.64394765800006],[108.21688886800007,21.63540273600006],[108.21029707100007,21.63031647300005],[108.20980879000007,21.63349030200004],[108.21029707100007,21.64394765800006],[108.20606530000003,21.64256419500009],[108.20093834700003,21.638617255000042],[108.19727623800003,21.636542059000078],[108.20468183700007,21.631008205000057],[108.20883222700007,21.623928127000056],[108.20883222700007,21.61619700700004],[108.20411217500003,21.609198309000078],[108.20411217500003,21.60297272300005],[108.21029707100007,21.60297272300005],[108.17636152400007,21.57575104400007],[108.15796959700003,21.571519273000035],[108.13526451900003,21.581854559000078],[108.12842858200003,21.575100002000056],[108.13233483200003,21.565375067000048],[108.12826582100007,21.56273021000004],[108.12094160200007,21.56631094000005],[108.11475670700003,21.575100002000056],[108.10580488400007,21.559068101000037],[108.09278405000003,21.558661200000074],[108.07846113400007,21.56321849200009],[108.06625410200007,21.56199778900009],[108.07699629000007,21.545477606000077],[108.07105553500003,21.53656647300005],[108.05689537900003,21.536037502000056],[108.03199303500003,21.551906643000052],[108.01710045700003,21.555243231000077],[108.00228925900007,21.55426666900007],[107.99122155000003,21.54840729400007],[108.02735436300003,21.52334219000005],[108.03956139400003,21.520453192000048],[108.01864668100006,21.51894765800006],[108.01124108200003,21.50653717700004],[108.01368248800003,21.49241771000004],[108.02222741000003,21.485663153000075],[108.03622480600006,21.488226630000042],[108.04761803500003,21.49315013200004],[108.06104576900003,21.496161200000074],[108.08057701900003,21.493109442000048],[108.08057701900003,21.485663153000075],[108.04322350400003,21.481634833000044],[108.01661217500003,21.470363674000055],[107.97071373800003,21.43162669500009],[107.96387780000003,21.43162669500009],[107.96534264400003,21.447333075000074],[107.97266686300003,21.460272528000075],[107.99122155000003,21.480129299000055],[107.99122155000003,21.485663153000075],[107.96998131600003,21.475775458000044],[107.94857832100007,21.45498281500005],[107.92969811300003,21.442613023000035],[107.91602623800003,21.45840078300006],[107.91627037900003,21.46824778900009],[107.92123457100007,21.47479889500005],[107.92701256600003,21.479315497000073],[107.92969811300003,21.482855536000045],[107.92855879000007,21.49054596600007],[107.92603600400003,21.495917059000078],[107.92343183700007,21.499945380000042],[107.92221113400007,21.503078518000052],[107.91871178500003,21.517523505000042],[107.90967858200003,21.526516018000052],[107.89673912900003,21.53156159100007],[107.88192793100006,21.534084377000056],[107.88379967500003,21.52676015800006],[107.88266035200007,21.52252838700008],[107.87509199300007,21.513617255000042],[107.86841881600003,21.513617255000042],[107.86280358200003,21.530218817000048],[107.85596764400003,21.52094147300005],[107.84791100400003,21.493109442000048],[107.83594811300003,21.488348700000074],[107.82886803500003,21.494940497000073],[107.82593834700003,21.508978583000044],[107.82667076900003,21.526678778000075],[107.82056725400003,21.526678778000075],[107.81299889400003,21.520453192000048],[107.81299889400003,21.513617255000042],[107.81739342500003,21.50934479400007],[107.81893964900007,21.506252346000053],[107.82056725400003,21.493109442000048],[107.81299889400003,21.493109442000048],[107.80689537900003,21.506781317000048],[107.80005944100003,21.499335028000075],[107.79623457100007,21.519476630000042],[107.78345787900003,21.524318752000056],[107.76685631600003,21.52020905200004],[107.75220787900003,21.513617255000042],[107.75220787900003,21.506781317000048],[107.76832116000003,21.50690338700008],[107.78036543100006,21.503078518000052],[107.78858483200003,21.49445221600007],[107.79257246200007,21.480129299000055],[107.77890058700007,21.485663153000075],[107.78109785200007,21.47915273600006],[107.78394616000003,21.464911200000074],[107.78638756600003,21.45840078300006],[107.77564537900003,21.45856354400007],[107.76758873800003,21.45571523600006],[107.76181074300007,21.45075104400007],[107.75855553500003,21.44472890800006],[107.76522871200007,21.43854401200008],[107.74854576900003,21.41120026200008],[107.73031660200007,21.411810614000046],[107.72144616000003,21.41087474200009],[107.71737714900007,21.407456773000035],[107.71151777400007,21.398911851000037],[107.69809004000007,21.398382880000042],[107.68417402400007,21.403265692000048],[107.67652428500003,21.41120026200008],[107.66903730600006,21.41120026200008],[107.66602623800003,21.406805731000077],[107.66285241000003,21.40375397300005],[107.66285241000003,21.39752838700008],[107.66944420700003,21.38544342700004],[107.66342207100007,21.378078518000052],[107.65023847700007,21.37685781500005],[107.63502037900003,21.383246161000045],[107.63729902400007,21.377752997000073],[107.63721764400003,21.375433661000045],[107.63778730600006,21.37372467700004],[107.64234459700003,21.370266018000052],[107.64234459700003,21.36277903900009],[107.63412519600007,21.358587958000044],[107.63119550900007,21.35447825700004],[107.63388105600006,21.349351304000038],[107.64234459700003,21.342271226000037],[107.63575280000003,21.34137604400007],[107.62134850400003,21.33551666900007],[107.62533613400007,21.333726304000038],[107.62671959700003,21.33388906500005],[107.62720787900003,21.333156643000052],[107.62875410200007,21.328680731000077],[107.62411543100006,21.33071523600006],[107.60816491000003,21.33551666900007],[107.60352623800003,21.310492255000042],[107.59921308700007,21.298773505000042],[107.59058678500003,21.293890692000048],[107.57374108200003,21.294745184000078],[107.56226647200003,21.298041083000044],[107.55404707100007,21.304510809000078],[107.54688561300003,21.315008856000077],[107.54257246200007,21.326564846000053],[107.54037519600007,21.33734772300005],[107.53516686300003,21.345363674000055],[107.52230879000007,21.348537502000056],[107.52198326900003,21.344305731000077],[107.52597089900007,21.334418036000045],[107.52881920700003,21.32322825700004],[107.52515709700003,21.315008856000077],[107.52515709700003,21.307562567000048],[107.53744550900007,21.301947333000044],[107.52662194100003,21.298773505000042],[107.50448652400007,21.29840729400007],[107.48414147200003,21.301336981000077],[107.48178144600007,21.301336981000077],[107.47217858200003,21.30369700700004],[107.46168053500003,21.30927155200004],[107.45679772200003,21.31834544500009],[107.45093834700003,21.32050202000005],[107.41529381600003,21.328680731000077],[107.40902754000007,21.315008856000077],[107.41602623800003,21.308539130000042],[107.44312584700003,21.293890692000048],[107.44312584700003,21.287665106000077],[107.42359459700003,21.27960846600007],[107.39161217500003,21.280422268000052],[107.36744225400003,21.273382880000042],[107.36744225400003,21.26658763200004],[107.37330162900003,21.258978583000044],[107.37086022200003,21.25336334800005],[107.36483808700007,21.24762604400007],[107.36060631600003,21.23924388200004],[107.35889733200003,21.203070380000042],[107.35434004000007,21.191473700000074],[107.36207116000003,21.185614325000074],[107.37069746200007,21.18162669500009],[107.37964928500003,21.180975653000075],[107.38843834700003,21.18463776200008],[107.38233483200003,21.139797268000052],[107.37549889400003,21.116156317000048],[107.36060631600003,21.102118231000077],[107.36630293100006,21.093491929000038],[107.36744225400003,21.08787669500009],[107.36353600400003,21.084418036000045],[107.35434004000007,21.08222077000005],[107.35824629000007,21.067328192000048],[107.36036217500003,21.052435614000046],[107.36434980600006,21.040350653000075],[107.37427819100003,21.03384023600006],[107.37427819100003,21.02757396000004],[107.35767662900003,21.01520416900007],[107.34774824300007,21.00995514500005],[107.33383222700007,21.00584544500009],[107.31104576900003,21.00527578300006],[107.29232832100007,21.00462474200009],[107.27955162900003,20.999701239000046],[107.26644941500007,21.004299221000053],[107.24529056100005,21.003078518000052],[107.22413170700003,20.99823639500005],[107.21119225400003,20.992254950000074],[107.21631920700003,20.99022044500009],[107.21957441500007,20.988226630000042],[107.22380618600005,20.98663971600007],[107.23113040500004,20.986029364000046],[107.23113040500004,20.97919342700004],[107.21485436300003,20.97524648600006],[107.19336998800003,20.95270416900007],[107.19703209700003,20.937648830000057],[107.18189537900003,20.936753648000035],[107.17090905000003,20.93357982000009],[107.16089928500003,20.932440497000073],[107.14918053500003,20.937648830000057],[107.14918053500003,20.930812893000052],[107.13379967500003,20.94481028900009],[107.08497155000003,20.95140208500004],[107.06609134200005,20.958726304000038],[107.06609134200005,20.964911200000074],[107.09522545700003,21.000474351000037],[107.14918053500003,21.03384023600006],[107.14918053500003,21.04059479400007],[107.13599694100003,21.03974030200004],[107.12305748800003,21.037258205000057],[107.11117597700007,21.03310781500005],[107.10132897200003,21.02757396000004],[107.09685306100005,21.02106354400007],[107.09538821700005,21.014064846000053],[107.09245853000004,21.008246161000045],[107.08375084700003,21.00584544500009],[107.07976321700005,21.009100653000075],[107.08106530000003,21.01630280200004],[107.08472741000003,21.02366771000004],[107.08716881600003,21.02757396000004],[107.08277428500003,21.030178127000056],[107.08236738400007,21.030991929000038],[107.08033287900003,21.03384023600006],[107.07227623800003,21.01707591400009],[107.06324303500003,21.00934479400007],[107.05762780000003,21.01386139500005],[107.05982506600003,21.03384023600006],[107.05298912900003,21.03384023600006],[107.05347741000003,21.02301666900007],[107.05250084700003,21.01365794500009],[107.05014082100007,21.005926825000074],[107.04615319100003,20.999701239000046],[107.04688561300003,21.01398346600007],[107.04460696700005,21.025091864000046],[107.03793379000007,21.032171942000048],[107.02564537900003,21.03384023600006],[107.02564537900003,21.02757396000004],[107.02914472700007,21.024562893000052],[107.03467858200003,21.01780833500004],[107.03931725400003,21.013373114000046],[107.03614342500003,21.013006903000075],[107.02564537900003,21.013373114000046],[107.03931725400003,20.999701239000046],[107.02515709700003,20.999823309000078],[107.01563561300003,21.004339911000045],[106.99781334700003,21.02016836100006],[106.99545332100007,21.006415106000077],[107.02084394600007,20.986395575000074],[107.02564537900003,20.972357489000046],[107.01677493600005,20.95766836100006],[107.00098717500003,20.95107656500005],[106.98210696700005,20.94993724200009],[106.96363366000003,20.951239325000074],[106.94695071700005,20.954291083000044],[106.93189537900003,20.959418036000045],[106.91920006600003,20.965765692000048],[106.90894616000003,20.972357489000046],[106.88461347700007,20.99323151200008],[106.87338300900007,20.99713776200008],[106.86744225400003,20.986029364000046],[106.86353600400003,20.99160390800006],[106.86019941500007,20.993109442000048],[106.85377037900003,20.992254950000074],[106.88282311300003,20.96051666900007],[106.89527428500003,20.951239325000074],[106.91635175900007,20.941107489000046],[106.92204837300005,20.937648830000057],[106.92611738400007,20.930975653000075],[106.92823326900003,20.922756252000056],[106.93238366000003,20.915187893000052],[106.94312584700003,20.910305080000057],[106.94312584700003,20.903509833000044],[106.91724694100003,20.904038804000038],[106.90170332100007,20.907863674000055],[106.89144941500007,20.918036200000074],[106.88160241000003,20.937648830000057],[106.87427819100003,20.937648830000057],[106.87549889400003,20.92869700700004],[106.87842858200003,20.921210028000075],[106.88233483200003,20.91510651200008],[106.88795006600003,20.910305080000057],[106.86793053500003,20.88271719000005],[106.85987389400003,20.88939036700009],[106.85222415500004,20.909979559000078],[106.83326256600003,20.923976955000057],[106.83668053500003,20.92914459800005],[106.83545983200003,20.930609442000048],[106.83326256600003,20.937648830000057],[106.82642662900003,20.937648830000057],[106.80600019600007,20.932074286000045],[106.78321373800003,20.942572333000044],[106.77247155000003,20.957424221000053],[106.78882897200003,20.964911200000074],[106.80689537900003,20.966009833000044],[106.81690514400003,20.96946849200009],[106.82064863400007,20.97601959800005],[106.81959069100003,20.986029364000046],[106.81283613400007,20.990627346000053],[106.80241946700005,20.99518463700008],[106.79867597700007,21.00193919500009],[106.81218509200005,21.013373114000046],[106.80567467500003,21.01984284100007],[106.79810631600003,21.02480703300006],[106.78931725400003,21.02753327000005],[106.77857506600003,21.02757396000004],[106.78077233200003,21.02411530200004],[106.78321373800003,21.01666901200008],[106.78541100400003,21.013373114000046],[106.76238040500004,21.015326239000046],[106.74610436300003,21.024562893000052],[106.73080488400007,21.029852606000077],[106.71029707100007,21.02016836100006],[106.71029707100007,21.013373114000046],[106.71778405000003,21.013373114000046],[106.71778405000003,21.00584544500009],[106.68034915500004,21.020453192000048],[106.65870201900003,21.02484772300005],[106.64210045700003,21.02016836100006],[106.65072675900007,21.018011786000045],[106.65267988400007,21.017523505000042],[106.68295332100007,21.00584544500009],[106.68295332100007,20.999701239000046],[106.67628014400003,21.001898505000042],[106.65577233200003,21.00584544500009],[106.65577233200003,20.999701239000046],[106.66553795700003,20.99054596600007],[106.66911868600005,20.97996653900009],[106.67107181100005,20.96906159100007],[106.67628014400003,20.958726304000038],[106.68669681100005,20.95270416900007],[106.71192467500003,20.951564846000053],[106.73373457100007,20.942206122000073],[106.74610436300003,20.942328192000048],[106.75513756600003,20.93854401200008],[106.75879967500003,20.920843817000048],[106.75668379000007,20.907904364000046],[106.74724368600005,20.89472077000005],[106.74447675900007,20.88300202000005],[106.73829186300003,20.88300202000005],[106.71778405000003,20.903509833000044],[106.69996178500003,20.882757880000042],[106.70753014400003,20.870754299000055],[106.72689863400007,20.861395575000074],[106.74447675900007,20.848863023000035],[106.75294030000003,20.82575104400007],[106.74919681100005,20.804348049000055],[106.73658287900003,20.794989325000074],[106.71778405000003,20.807847398000035],[106.72461998800003,20.79002513200004],[106.73845462300005,20.76972077000005],[106.75562584700003,20.751206773000035],[106.77247155000003,20.73895905200004],[106.77857506600003,20.74640534100007],[106.78882897200003,20.730536200000074],[106.80591881600003,20.677557684000078],[106.78516686300003,20.692287502000056],[106.77613366000003,20.701117255000042],[106.77247155000003,20.707953192000048],[106.76710045700003,20.713446356000077],[106.75562584700003,20.70929596600007],[106.74488366000003,20.701971747000073],[106.74146569100003,20.69798411700009],[106.73267662900003,20.696600653000075],[106.72559655000003,20.693752346000053],[106.71697024800005,20.69131094000005],[106.70411217500003,20.691148179000038],[106.67554772200003,20.69863515800006],[106.66260826900003,20.69798411700009],[106.66260826900003,20.691148179000038],[106.68751061300003,20.681341864000046],[106.70289147200003,20.671576239000046],[106.70313561300003,20.65965403900009],[106.68295332100007,20.643377997000073],[106.66968834700003,20.636460679000038],[106.65406334700003,20.630804755000042],[106.63754316500007,20.628078518000052],[106.62094160200007,20.629787502000056],[106.61231530000003,20.63548411700009],[106.59815514400003,20.655096747000073],[106.58676191500007,20.663275458000044],[106.59262129000007,20.648098049000055],[106.59359785200007,20.64671458500004],[106.59937584700003,20.638413804000038],[106.61426842500003,20.622300523000035],[106.61939537900003,20.61859772300005],[106.62403405000003,20.618801174000055],[106.62720787900003,20.61660390800006],[106.62842858200003,20.605861721000053],[106.62745201900003,20.600083726000037],[106.62476647200003,20.594631252000056],[106.62134850400003,20.590399481000077],[106.60474694100003,20.584418036000045],[106.58253014400003,20.56517161700009],[106.51856530000003,20.540961005000042],[106.53614342500003,20.531642971000053],[106.55062910200007,20.532416083000044],[106.57992597700007,20.54718659100007],[106.57992597700007,20.540961005000042],[106.56771894600007,20.52488841400009],[106.57488040500004,20.51072825700004],[106.58448326900003,20.496039130000042],[106.57992597700007,20.478257554000038],[106.57374108200003,20.477118231000077],[106.54542076900003,20.467596747000073],[106.54249108200003,20.465277411000045],[106.53695722700007,20.462062893000052],[106.52979576900003,20.454413153000075],[106.52320397200003,20.44521719000005],[106.51856530000003,20.437323309000078],[106.52475019600007,20.437323309000078],[106.53809655000003,20.446234442000048],[106.56169681100005,20.45506419500009],[106.58423912900003,20.457831122000073],[106.59424889400003,20.448187567000048],[106.59058678500003,20.404730536000045],[106.58415774800005,20.38182200700004],[106.57309004000007,20.368475653000075],[106.56804446700005,20.378078518000052],[106.56641686300003,20.38271719000005],[106.56674238400007,20.37889232000009],[106.56568444100003,20.37645091400009],[106.56332441500007,20.375474351000037],[106.55958092500003,20.375921942000048],[106.57764733200003,20.35895416900007],[106.57977615200008,20.350215994000052],[106.58376585600007,20.337974617000043],[106.58548873800004,20.32229206900007],[106.58847454900007,20.303275170000063],[106.59259316400005,20.275410718000046],[106.58165895500008,20.26417738400005],[106.55958092500003,20.28652578300006],[106.54997806100005,20.298976955000057],[106.53695722700007,20.309149481000077],[106.52165774800005,20.31346263200004],[106.50440514400003,20.308254299000055],[106.49805748800003,20.308254299000055],[106.50294030000003,20.300523179000038],[106.50489342500003,20.297430731000077],[106.51295006600003,20.29441966400009],[106.52051842500003,20.29840729400007],[106.52475019600007,20.308254299000055],[106.54851321700005,20.291449286000045],[106.55274498800003,20.28652578300006],[106.55600019600007,20.277736721000053],[106.56630784100003,20.261077346000036],[106.57232505600007,20.24667693500004],[106.56961489300005,20.231993895000073],[106.55426760200004,20.22465383100007],[106.54102661100006,20.226066152000044],[106.52929125100007,20.22239346300006],[106.50491461700005,20.21702498600007],[106.47315514400003,20.21515534100007],[106.46021569100003,20.21198151200008],[106.39503014400003,20.20457591400009],[106.39503014400003,20.21198151200008],[106.40186608200003,20.21198151200008],[106.40186608200003,20.21820709800005],[106.39470462300005,20.21751536700009],[106.39014733200003,20.21629466400009],[106.38070722700007,20.21198151200008],[106.38070722700007,20.20457591400009],[106.38795006600003,20.19749583500004],[106.38111412900003,20.19208405200004],[106.36019941500007,20.184068101000037],[106.35328209700003,20.17682526200008],[106.34034264400003,20.14996979400007],[106.30551191500007,20.108587958000044],[106.28370201900003,20.094631252000056],[106.25928795700003,20.06126536700009],[106.23617597700007,20.048000393000052],[106.21192467500003,20.021185614000046],[106.19703209700003,20.01276276200008],[106.20639082100007,20.034979559000078],[106.21070397200003,20.04010651200008],[106.20329837300005,20.04751211100006],[106.19597415500004,20.03343333500004],[106.18409264400003,20.003607489000046],[106.17603600400003,19.992336330000057],[106.16089928500003,19.984076239000046],[106.12403405000003,19.975002346000053],[106.10710696700005,19.964992580000057],[106.10141035200007,19.97996653900009],[106.10450280000003,19.995917059000078],[106.11085045700003,20.013413804000038],[106.11451256600003,20.033270575000074],[106.10710696700005,20.033270575000074],[106.10401451900003,20.017238674000055],[106.08887780000003,19.973863023000035],[106.08350670700003,19.964992580000057],[106.06885826900003,19.968491929000038],[106.05274498800003,19.97728099200009],[106.03907311300003,19.988430080000057],[106.03191165500004,19.999172268000052],[106.02515709700003,19.999172268000052],[106.01978600400003,19.986029364000046],[106.00831139400003,19.973456122000073],[105.96436608200003,19.935288804000038],[105.95557701900003,19.925482489000046],[105.94947350400003,19.91034577000005],[105.94947350400003,19.900824286000045],[105.95655358200003,19.885199286000045],[105.95679772200003,19.87563711100006],[105.93580162900003,19.84829336100006],[105.93213951900003,19.83344147300005],[105.93230228000004,19.80540599200009],[105.92888431100005,19.79364655200004],[105.92579186300003,19.797430731000077],[105.91529381600003,19.80731842700004],[105.90894616000003,19.79686107000009],[105.89470462300005,19.78729889500005],[105.86744225400003,19.773179429000038],[105.87370853000004,19.765692450000074],[105.88697350400003,19.771633205000057],[105.91553795700003,19.77448151200008],[105.92888431100005,19.78001536700009],[105.92335045700003,19.766791083000044],[105.90544681100005,19.743801174000055],[105.90162194100003,19.728216864000046],[105.89527428500003,19.72134023600006],[105.88111412900003,19.72215403900009],[105.86695397200003,19.721096096000053],[105.86060631600003,19.70799388200004],[105.85596764400003,19.69163646000004],[105.83350670700003,19.658148505000042],[105.82593834700003,19.642238674000055],[105.82406660200007,19.626613674000055],[105.82390384200005,19.598944403000075],[105.81902103000004,19.587591864000046],[105.81755618600005,19.61001211100006],[105.80388431100005,19.613023179000038],[105.79086347700007,19.603461005000042],[105.79175866000003,19.587591864000046],[105.79574629000007,19.594549872000073],[105.80298912900003,19.60293203300006],[105.80543053500003,19.608710028000075],[105.81055748800003,19.59959544500009],[105.81316165500004,19.58974844000005],[105.81373131600003,19.579046942000048],[105.81470787900003,19.57440827000005],[105.81902103000004,19.573919989000046],[105.81934655000003,19.53668854400007],[105.80811608200003,19.460760809000078],[105.81275475400003,19.423163153000075],[105.79859459700003,19.430568752000056],[105.78492272200003,19.403265692000048],[105.77125084700003,19.409491278000075],[105.77125084700003,19.403265692000048],[105.78256269600007,19.394354559000078],[105.78687584700003,19.38304271000004],[105.79175866000003,19.35488515800006],[105.81006920700003,19.321478583000044],[105.81275475400003,19.307033596000053],[105.79175866000003,19.320705471000053],[105.79420006600003,19.310939846000053],[105.79859459700003,19.299627997000073],[105.80591881600003,19.30215078300006],[105.81080162900003,19.299627997000073],[105.80876712300005,19.280178127000056],[105.80624433700007,19.274318752000056],[105.80543053500003,19.272284247000073],[105.79753665500004,19.267320054000038],[105.78858483200003,19.266831773000035],[105.78101647200003,19.264878648000035],[105.77230879000007,19.235988674000055],[105.75953209700003,19.23533763200004],[105.74577884200005,19.237250067000048],[105.74341881600003,19.23191966400009],[105.73121178500003,19.17023346600007],[105.72982832100007,19.13385651200008],[105.73707116000003,19.10846588700008],[105.71176191500007,19.096625067000048],[105.70199629000007,19.09048086100006],[105.69556725400003,19.08112213700008],[105.66830488400007,19.089544989000046],[105.64380944100003,19.065375067000048],[105.62484785200007,19.028469143000052],[105.61426842500003,18.998602606000077],[105.61329186300003,18.985541083000044],[105.61866295700003,18.976304429000038],[105.62110436300003,18.96784088700008],[105.62224368600005,18.95453522300005],[105.62964928500003,18.922308661000045],[105.63477623800003,18.909816799000055],[105.64828535200007,18.892726955000057],[105.66993248800003,18.874945380000042],[105.69450931100005,18.86078522300005],[105.71664472700007,18.85455963700008],[105.71664472700007,18.84833405200004],[105.70289147200003,18.834133205000057],[105.69874108200003,18.843003648000035],[105.69288170700003,18.849554755000042],[105.68490644600007,18.853461005000042],[105.67505944100003,18.85455963700008],[105.68580162900003,18.831284898000035],[105.68873131600003,18.826646226000037],[105.69532311300003,18.824693101000037],[105.71265709700003,18.826320705000057],[105.72006269600007,18.823553778000075],[105.74097741000003,18.801581122000073],[105.75196373800003,18.786322333000044],[105.75757897200003,18.772040106000077],[105.74268639400003,18.73078034100007],[105.74708092500003,18.724269924000055],[105.75611412900003,18.715969143000052],[105.75766035200007,18.696966864000046],[105.75473066500007,18.676255601000037],[105.75074303500003,18.66278717700004],[105.77003014400003,18.671576239000046],[105.76986738400007,18.695054429000038],[105.76677493600005,18.755601304000038],[105.76441491000003,18.758978583000044],[105.78345787900003,18.747259833000044],[105.78972415500004,18.71873607000009],[105.79086347700007,18.68968333500004],[105.79517662900003,18.67645905200004],[105.80201256600003,18.66543203300006],[105.82593834700003,18.593898830000057],[105.87924238400007,18.510931708000044],[105.91529381600003,18.473089911000045],[105.94947350400003,18.47101471600007],[105.95215905000003,18.452378648000092],[105.95883222700007,18.432562567000048],[105.96778405000003,18.41474030200004],[105.97730553500003,18.402085679000038],[106.00049889400003,18.38540273600006],[106.00806725400003,18.37848541900007],[106.04574629000007,18.33226146000004],[106.09815514400003,18.29002513200004],[106.11011803500003,18.275539455000057],[106.11215254000007,18.262884833000044],[106.09343509200005,18.258734442000048],[106.10328209700003,18.25153229400007],[106.12012780000003,18.254828192000048],[106.14177493600005,18.261786200000074],[106.16578209700003,18.265570380000042],[106.18116295700003,18.259711005000042],[106.23365319100003,18.220851955000057],[106.24057050900007,18.21710846600007],[106.26221764400003,18.209458726000037],[106.27084394600007,18.20408763200004],[106.29883873800003,18.16933828300006],[106.33228600400003,18.14520905200004],[106.34603925900007,18.13271719000005],[106.35401451900003,18.11469147300005],[106.34669030000003,18.11469147300005],[106.33692467500003,18.12067291900007],[106.32406660200007,18.118068752000056],[106.31251061300003,18.110174872000073],[106.30632571700005,18.100490627000056],[106.31934655000003,18.094224351000037],[106.32374108200003,18.097357489000046],[106.32740319100003,18.098781643000052],[106.34034264400003,18.100490627000056],[106.33448326900003,18.08860911700009],[106.33643639400003,18.079006252000056],[106.34669030000003,18.059475002000056],[106.34693444100003,18.07184479400007],[106.34986412900003,18.083644924000055],[106.35450280000003,18.09365469000005],[106.36019941500007,18.100490627000056],[106.37077884200005,18.105617580000057],[106.37728925900007,18.103461005000042],[106.38412519600007,18.09983958500004],[106.39503014400003,18.100490627000056],[106.40349368600005,18.10618724200009],[106.42237389400003,18.12836334800005],[106.43482506600003,18.123521226000037],[106.43336022200003,18.11326732000009],[106.42237389400003,18.094224351000037],[106.42774498800003,18.07290273600006],[106.43897545700003,18.051988023000092],[106.51856530000003,17.95701732000009],[106.52475019600007,17.949611721000053],[106.52475019600007,17.943426825000074],[106.50407962300005,17.93065013200004],[106.48438561300003,17.91547272300005],[106.47429446700005,17.902899481000077],[106.46607506600003,17.89020416900007],[106.45508873800003,17.88182200700004],[106.43604576900003,17.881984768000052],[106.43604576900003,17.87449778900009],[106.44703209700003,17.87213776200008],[106.45101972700007,17.865708726000037],[106.44947350400003,17.856634833000044],[106.44288170700003,17.846584377000056],[106.45183353000004,17.828192450000074],[106.46070397200003,17.799383856000077],[106.47006269600007,17.748195705000057],[106.47510826900003,17.73700592700004],[106.49537194100003,17.717962958000044],[106.49805748800003,17.710638739000046],[106.48951256600003,17.70258209800005],[106.47852623800003,17.703517971000053],[106.44874108200003,17.716009833000044],[106.43555748800003,17.739447333000044],[106.42579186300003,17.74477773600006],[106.41065514400003,17.747015692000048],[106.37452233200003,17.765285549000055],[106.30665123800003,17.771918036000045],[106.29200280000003,17.778265692000048],[106.28516686300003,17.77212148600006],[106.29948978000004,17.762274481000077],[106.32276451900003,17.75348541900007],[106.34693444100003,17.747219143000052],[106.38062584700003,17.743394273000092],[106.42920983200003,17.73114655200004],[106.42920983200003,17.72370026200008],[106.42237389400003,17.72370026200008],[106.40259850400003,17.73151276200008],[106.38306725400003,17.719183661000045],[106.37964928500003,17.69879791900007],[106.40870201900003,17.682766018000052],[106.40300540500004,17.69481028900009],[106.40023847700007,17.699164130000042],[106.39503014400003,17.703192450000074],[106.41749108200003,17.712958075000074],[106.44996178500003,17.708644924000055],[106.48226972700007,17.696437893000052],[106.50440514400003,17.682766018000052],[106.51490319100003,17.66990794500009],[106.53907311300003,17.627508856000077],[106.56592858200003,17.598049221000053],[106.61475670700003,17.518703518000052],[106.62598717500003,17.48663971600007],[106.63461347700007,17.470404364000046],[106.63843834700003,17.468898830000057],[106.65821373800003,17.45376211100006],[106.65919030000003,17.44993724200009],[106.66358483200003,17.44725169500009],[106.67628014400003,17.429510809000078],[106.76392662900003,17.33551666900007],[106.94662519600007,17.20538971600007],[107.00749759200005,17.162217515000066],[107.11182701900003,17.088283596000053],[107.12720787900003,17.059759833000044],[107.12126712300005,17.01854075700004],[107.13257897200003,17.009833075000074],[107.18653405000003,16.934393622000073],[107.20069420700003,16.926255601000037],[107.20386803500003,16.919256903000075],[107.20069420700003,16.91429271000004],[107.19361412900003,16.911078192000048],[107.18653405000003,16.90656159100007],[107.18336022200003,16.898138739000046],[107.17741946700005,16.89394765800006],[107.14177493600005,16.87457916900007],[107.14177493600005,16.867743231000077],[107.16724694100003,16.867621161000045],[107.17896569100003,16.869533596000053],[107.19019616000003,16.87457916900007],[107.19141686300003,16.87921784100007],[107.18995201900003,16.88617584800005],[107.18946373800003,16.892320054000038],[107.20753014400003,16.90497467700004],[107.21648196700005,16.907945054000038],[107.22339928500003,16.90135325700004],[107.22934004000007,16.892238674000055],[107.23454837300005,16.887640692000048],[107.24927819100003,16.880031643000052],[107.37867272200003,16.773382880000042],[107.41163170700003,16.750026760000083],[107.49781334700003,16.68903229400007],[107.60466556100005,16.59568919500009],[107.63526451900003,16.587225653000075],[107.63526451900003,16.579779364000046],[107.59603925900007,16.59052155200004],[107.47364342500003,16.653143622000073],[107.44336998800003,16.64801666900007],[107.51978600400003,16.60643138200004],[107.54395592500003,16.60057200700004],[107.55494225400003,16.596625067000048],[107.56397545700003,16.58270905200004],[107.57455488400007,16.580023505000042],[107.58619225400003,16.581691799000055],[107.59424889400003,16.587225653000075],[107.60157311300003,16.576564846000053],[107.61109459700003,16.569281317000048],[107.63526451900003,16.55927155200004],[107.63526451900003,16.55182526200008],[107.62452233200003,16.557114976000037],[107.62159264400003,16.55927155200004],[107.61459394600007,16.55927155200004],[107.61247806100005,16.555894273000092],[107.61085045700003,16.55263906500005],[107.60840905000003,16.544989325000074],[107.62305748800003,16.54441966400009],[107.63672936300003,16.54588450700004],[107.66309655000003,16.55182526200008],[107.65699303500003,16.545477606000077],[107.65259850400003,16.538723049000055],[107.64975019600007,16.530910549000055],[107.64893639400003,16.521429755000042],[107.65259850400003,16.52244700700004],[107.65984134200005,16.51312897300005],[107.66529381600003,16.50185781500005],[107.66309655000003,16.497219143000052],[107.67286217500003,16.497259833000044],[107.67798912900003,16.50136953300006],[107.68165123800003,16.50771719000005],[107.68669681100005,16.514593817000048],[107.69711347700007,16.520086981000077],[107.70313561300003,16.51439036700009],[107.70720462300005,16.50454336100006],[107.71143639400003,16.497219143000052],[107.74952233200003,16.47223541900007],[107.75879967500003,16.46308014500005],[107.78174889400003,16.427557684000078],[107.79997806100005,16.415716864000046],[107.82162519600007,16.387518622000073],[107.84115644600007,16.379787502000056],[107.83887780000003,16.37685781500005],[107.83350670700003,16.374212958000044],[107.82691491000003,16.37368398600006],[107.82048587300005,16.37653229400007],[107.81421959700003,16.38117096600007],[107.80689537900003,16.38544342700004],[107.79656009200005,16.38735586100006],[107.79444420700003,16.37921784100007],[107.80713951900003,16.322739976000037],[107.81226647200003,16.31317780200004],[107.82406660200007,16.304836330000057],[107.84815514400003,16.29169342700004],[107.85499108200003,16.29169342700004],[107.86402428500003,16.297796942000048],[107.87256920700003,16.29588450700004],[107.87891686300003,16.28856028900009],[107.88217207100007,16.27806224200009],[107.89136803500003,16.28416575700004],[107.89649498800003,16.27806224200009],[107.93311608200003,16.30540599200009],[107.93751061300003,16.31207916900007],[107.93091881600003,16.343410549000055],[107.92994225400003,16.353216864000046],[107.94516035200007,16.35683828300006],[107.99040774800005,16.324774481000077],[108.01197350400003,16.31903717700004],[108.02051842500003,16.32518138200004],[108.02515709700003,16.334377346000053],[108.03101647200003,16.342718817000048],[108.04297936300003,16.34638092700004],[108.04379316500007,16.339911200000074],[108.05347741000003,16.30540599200009],[108.06177819100003,16.288234768000052],[108.09449303500003,16.23651764500005],[108.06592858200003,16.25722890800006],[108.05201256600003,16.262111721000053],[108.04607181100005,16.247381903000075],[108.05396569100003,16.235988674000055],[108.07195071700005,16.228949286000045],[108.09066816500007,16.22687409100007],[108.10132897200003,16.230292059000078],[108.10816491000003,16.230292059000078],[108.12631269600007,16.222479559000078],[108.15121504000007,16.21698639500005],[108.17872155000003,16.21474844000005],[108.20435631600003,16.21670156500005],[108.20012454500005,16.21157461100006],[108.18921959700003,16.198472398000092],[108.15447024800005,16.170843817000048],[108.14226321700005,16.148382880000042],[108.14283287900003,16.11937083500004],[108.15992272200003,16.10374583500004],[108.18197675900007,16.09137604400007],[108.19752037900003,16.072007554000038],[108.21306399800005,16.086818752000056],[108.22095787900003,16.091620184000078],[108.22828209700003,16.08974844000005],[108.23666425900007,16.055121161000045],[108.23853600400003,16.05219147300005],[108.23324629000007,16.03709544500009],[108.22291100400003,16.02289459800005],[108.21013431100005,16.01129791900007],[108.19752037900003,16.003729559000078],[108.21631920700003,16.009466864000046],[108.23462975400003,16.019354559000078],[108.24984785200007,16.023260809000078],[108.25896243600005,16.010565497000073],[108.24919681100005,16.06191640800006],[108.24195397200003,16.07575104400007],[108.24089603000004,16.09052155200004],[108.24773196700005,16.108710028000075],[108.24732506600003,16.12323639500005],[108.22486412900003,16.12726471600007],[108.22486412900003,16.134711005000042],[108.23275800900007,16.140326239000046],[108.23861738400007,16.14671458500004],[108.24268639400003,16.153957424000055],[108.24537194100003,16.16201406500005],[108.25269616000003,16.15892161700009],[108.25416100400003,16.156642971000053],[108.25489342500003,16.15696849200009],[108.25896243600005,16.16201406500005],[108.26579837300005,16.16201406500005],[108.27458743600005,16.153469143000052],[108.28630618600005,16.14451732000009],[108.30054772200003,16.137518622000073],[108.31739342500003,16.134711005000042],[108.31820722700007,16.139553127000056],[108.32447350400003,16.148871161000045],[108.33139082100007,16.15534088700008],[108.33472741000003,16.151516018000052],[108.33659915500004,16.147772528000075],[108.34839928500003,16.134711005000042],[108.33716881600003,16.125392971000053],[108.32618248800003,16.11904531500005],[108.31763756600003,16.111761786000045],[108.31421959700003,16.09992096600007],[108.30494225400003,16.107163804000038],[108.27955162900003,16.102036851000037],[108.26579837300005,16.10740794500009],[108.25855553500003,16.07099030200004],[108.26531009200005,16.03156159100007],[108.27914472700007,15.995672919000071],[108.28231855600006,15.990057684000078],[108.29371178500003,15.969631252000056],[108.30591881600003,15.955226955000057],[108.35865319100003,15.915432033000059],[108.37427819100003,15.908270575000074],[108.38819420700003,15.898382880000042],[108.39616946700005,15.88084544500009],[108.38526451900003,15.87889232000009],[108.37712649800005,15.874212958000044],[108.37517337300005,15.86945221600007],[108.38249759200005,15.86717357000009],[108.38835696700005,15.87055084800005],[108.39535566500007,15.87726471600007],[108.40267988400007,15.882391669000071],[108.40992272200003,15.88084544500009],[108.41480553500003,15.86741771000004],[108.42408287900003,15.80573151200008],[108.45533287900003,15.747015692000048],[108.61866295700003,15.529242255000042],[108.64625084700003,15.513861395000049],[108.68344160200007,15.517767645000049],[108.67448978000004,15.489406643000052],[108.66773522200003,15.48265208500004],[108.65626061300003,15.496649481000077],[108.64454186300003,15.493109442000048],[108.62940514400003,15.486517645000049],[108.62094160200007,15.474758205000057],[108.62891686300003,15.45571523600006],[108.65251712300005,15.438788153000075],[108.66846764400003,15.447821356000077],[108.69092858200003,15.490423895000049],[108.69711347700007,15.490423895000049],[108.70264733200003,15.469916083000044],[108.70394941500007,15.445135809000078],[108.70948326900003,15.437689520000049],[108.73340905000003,15.417914130000042],[108.73878014400003,15.411322333000044],[108.74350019600007,15.40729401200008],[108.76156660200007,15.396551825000074],[108.76596113400007,15.393866278000075],[108.77295983200003,15.386786200000074],[108.77458743600005,15.375067450000074],[108.77328535200007,15.36318594000005],[108.77361087300005,15.351263739000046],[108.77979576900003,15.339585679000038],[108.77613366000003,15.334458726000037],[108.77475019600007,15.331366278000075],[108.77295983200003,15.325344143000052],[108.77979576900003,15.325344143000052],[108.78126061300003,15.331000067000048],[108.78711998800003,15.345851955000057],[108.79411868600005,15.344671942000048],[108.80225670700003,15.344305731000077],[108.82129967500003,15.345851955000057],[108.82129967500003,15.352687893000052],[108.79623457100007,15.356390692000048],[108.78858483200003,15.374172268000052],[108.79558353000004,15.395086981000077],[108.81446373800003,15.407904364000046],[108.81446373800003,15.414740302000041],[108.80844160200007,15.417669989000046],[108.80567467500003,15.42055898600006],[108.80014082100007,15.429022528000075],[108.80795332100007,15.42523834800005],[108.81470787900003,15.423570054000038],[108.82081139400003,15.424750067000048],[108.82748457100007,15.429022528000075],[108.83269290500004,15.413885809000078],[108.83904056100005,15.374335028000075],[108.84546959700003,15.36627838700008],[108.85328209700003,15.362616278000075],[108.87745201900003,15.34398021000004],[108.88282311300003,15.33616771000004],[108.88103274800005,15.29913971600007],[108.88656660200007,15.28620026200008],[108.91211998800003,15.263495184000078],[108.92432701900003,15.256415106000077],[108.93213951900003,15.253973700000074],[108.94548587300005,15.25291575700004],[108.95167076900003,15.25023021000004],[108.94361412900003,15.236883856000077],[108.93295332100007,15.22719961100006],[108.91976972700007,15.22211334800005],[108.90333092500003,15.22288646000004],[108.90333092500003,15.21548086100006],[108.91334069100003,15.216376044000071],[108.91960696700005,15.215236721000053],[108.92286217500003,15.210760809000078],[108.92432701900003,15.20180898600006],[108.91000410200007,15.20929596600007],[108.90544681100005,15.197943427000041],[108.90235436300003,15.168646552000041],[108.89771569100003,15.153998114000046],[108.88160241000003,15.160630601000037],[108.86817467500003,15.159654039000088],[108.86247806100005,15.152492580000057],[108.86980228000004,15.140366929000038],[108.87598717500003,15.140366929000038],[108.88412519600007,15.143947658000059],[108.89226321700005,15.14134349200009],[108.89747155000003,15.133205471000053],[108.89771569100003,15.11985911700009],[108.90333092500003,15.11985911700009],[108.90381920700003,15.128159898000092],[108.90528405000003,15.134344794000071],[108.91000410200007,15.146633205000057],[108.91920006600003,15.057806708000044],[108.94263756600003,14.97955963700008],[109.00562584700003,14.838771877000056],[108.98552493600005,14.836615302000041],[108.99024498800003,14.830633856000077],[109.01246178500003,14.821966864000046],[109.01677493600005,14.813055731000077],[109.03695722700007,14.783636786000045],[109.04346764400003,14.777289130000042],[109.08082116000003,14.72947825700004],[109.08611087300005,14.715318101000037],[109.09506269600007,14.66742584800005],[109.08668053500003,14.67133209800005],[109.08057701900003,14.677476304000038],[109.07642662900003,14.685614325000074],[109.07732181100005,14.672471421000068],[109.08179772200003,14.606390692000048],[109.08708743600005,14.596096096000053],[109.08822675900007,14.589260158000059],[109.08611087300005,14.585272528000075],[109.07667076900003,14.585679429000038],[109.07105553500003,14.575100002000056],[109.06446373800003,14.570379950000074],[109.06104576900003,14.563706773000092],[109.06706790500004,14.550726630000042],[109.07357832100007,14.570502020000049],[109.07447350400003,14.578599351000037],[109.10816491000003,14.488714911000045],[109.12574303500003,14.465399481000077],[109.13021894600007,14.451605536000045],[109.12916100400003,14.397406317000048],[109.13119550900007,14.38344961100006],[109.13648522200003,14.366848049000055],[109.14966881600003,14.338446356000077],[109.18140709700003,14.304754950000074],[109.19060306100005,14.29124583500004],[109.19459069100003,14.277492580000057],[109.20118248800003,14.236029364000046],[109.19092858200003,14.220526434000078],[109.20525149800005,14.186102606000077],[109.23902428500003,14.133002020000049],[109.22022545700003,14.135239976000037],[109.21265709700003,14.144680080000057],[109.20777428500003,14.15696849200009],[109.19752037900003,14.167792059000078],[109.17448978000004,14.172064520000049],[109.17261803500003,14.15656159100007],[109.18409264400003,14.136297919000071],[109.21509850400003,14.119574286000045],[109.22543379000007,14.103989976000037],[109.25269616000003,14.032619533000059],[109.26636803500003,13.920721747000073],[109.27515709700003,13.906724351000037],[109.30160566500007,13.88580963700008],[109.30738366000003,13.876369533000059],[109.30046634200005,13.797796942000048],[109.30396569100003,13.759263414000088],[109.29574629000007,13.755601304000038],[109.26978600400003,13.755601304000038],[109.26742597700007,13.766302802000041],[109.27320397200003,13.82453034100007],[109.25953209700003,13.87400950700004],[109.25147545700003,13.89093659100007],[109.23902428500003,13.879787502000056],[109.23617597700007,13.869614976000037],[109.23218834700003,13.831976630000042],[109.22185306100005,13.81321849200009],[109.22071373800003,13.806138414000088],[109.23218834700003,13.81085846600007],[109.23951256600003,13.787665106000077],[109.24610436300003,13.77960846600007],[109.25896243600005,13.77732982000009],[109.24781334700003,13.765448309000078],[109.23536217500003,13.75608958500004],[109.22624759200005,13.74359772300005],[109.22478274800005,13.72211334800005],[109.23682701900003,13.699611721000053],[109.23707116000003,13.698594468000067],[109.23902428500003,13.69139232000009],[109.23902428500003,13.663763739000046],[109.24138431100005,13.644029039000088],[109.24756920700003,13.622707424000055],[109.25717207100007,13.605617580000057],[109.26978600400003,13.598578192000048],[109.27051842500003,13.594183661000045],[109.28248131600003,13.585150458000044],[109.29574629000007,13.577704169000071],[109.30046634200005,13.57811107000009],[109.30388431100005,13.568793036000045],[109.30347741000003,13.562201239000046],[109.29810631600003,13.55849844000005],[109.28679446700005,13.55760325700004],[109.28679446700005,13.55076732000009],[109.29118899800005,13.546576239000046],[109.29273522200003,13.543524481000077],[109.29420006600003,13.53034088700008],[109.28565514400003,13.539007880000042],[109.26343834700003,13.577053127000056],[109.25294030000003,13.601629950000074],[109.22608483200003,13.63190338700008],[109.21851647200003,13.646958726000037],[109.21119225400003,13.646958726000037],[109.21013431100005,13.630804755000042],[109.21558678500003,13.62368398600006],[109.22413170700003,13.619533596000053],[109.23218834700003,13.612250067000048],[109.23715254000007,13.601385809000078],[109.24122155000003,13.581529039000088],[109.24529056100005,13.571234442000048],[109.25831139400003,13.559759833000044],[109.26742597700007,13.55467357000009],[109.26636803500003,13.54873281500005],[109.26246178500003,13.54393138200004],[109.25896243600005,13.544623114000046],[109.26587975400003,13.533880927000041],[109.28679446700005,13.50922272300005],[109.29420006600003,13.50922272300005],[109.29802493600005,13.51471588700008],[109.30176842500003,13.517523505000042],[109.31421959700003,13.52289459800005],[109.31080162900003,13.51312897300005],[109.30225670700003,13.501532294000071],[109.30046634200005,13.492743231000077],[109.30372155000003,13.479885158000059],[109.31218509200005,13.471625067000048],[109.32325280000003,13.46979401200008],[109.33464603000004,13.475734768000052],[109.33969160200007,13.46548086100006],[109.33130944100003,13.452093817000048],[109.33464603000004,13.440904039000088],[109.32496178500003,13.422308661000045],[109.31853274800005,13.413763739000046],[109.30738366000003,13.406805731000077],[109.29916425900007,13.417466539000088],[109.27751712300005,13.421616929000038],[109.27320397200003,13.431057033000059],[109.27808678500003,13.437933661000045],[109.28858483200003,13.442206122000073],[109.29818769600007,13.448431708000044],[109.30046634200005,13.461371161000045],[109.29444420700003,13.468166408000059],[109.26254316500007,13.48932526200008],[109.25294030000003,13.488674221000053],[109.24512780000003,13.485174872000073],[109.23853600400003,13.476752020000049],[109.23218834700003,13.461371161000045],[109.23755944100003,13.453192450000074],[109.23511803500003,13.445379950000074],[109.23462975400003,13.437079169000071],[109.24529056100005,13.427232164000088],[109.23755944100003,13.420070705000057],[109.23414147200003,13.41006094000005],[109.23218834700003,13.393133856000077],[109.24935957100007,13.384711005000042],[109.26636803500003,13.361802476000037],[109.28003991000003,13.352769273000092],[109.29102623800003,13.363104559000078],[109.29932701900003,13.36469147300005],[109.30738366000003,13.352769273000092],[109.30884850400003,13.341457424000055],[109.30567467500003,13.33388906500005],[109.29802493600005,13.330267645000049],[109.28679446700005,13.33104075700004],[109.28679446700005,13.324896552000041],[109.29175866000003,13.320379950000074],[109.29428144600007,13.314642645000049],[109.29509524800005,13.30727773600006],[109.29420006600003,13.297552802000041],[109.28931725400003,13.301174221000053],[109.27808678500003,13.30687083500004],[109.27320397200003,13.310614325000074],[109.26856530000003,13.30182526200008],[109.26636803500003,13.301214911000045],[109.25896243600005,13.297552802000041],[109.27263431100005,13.263251044000071],[109.28150475400003,13.248968817000048],[109.29420006600003,13.235500393000052],[109.29273522200003,13.266791083000044],[109.29623457100007,13.278876044000071],[109.30738366000003,13.283880927000041],[109.30738366000003,13.29010651200008],[109.30298912900003,13.297796942000048],[109.30372155000003,13.303168036000045],[109.30795332100007,13.30377838700008],[109.31421959700003,13.297552802000041],[109.31812584700003,13.288885809000078],[109.32007897200003,13.27952708500004],[109.32105553500003,13.259019273000092],[109.31885826900003,13.25141022300005],[109.30738366000003,13.228664455000057],[109.30762780000003,13.21865469000005],[109.31421959700003,13.197943427000041],[109.31177819100003,13.181708075000074],[109.30697675900007,13.16632721600007],[109.30420983200003,13.15062083500004],[109.30738366000003,13.13304271000004],[109.31560306100005,13.11945221600007],[109.32536868600005,13.10687897300005],[109.33139082100007,13.093573309000078],[109.32837975400003,13.084662177000041],[109.34115644600007,13.076605536000045],[109.34945722700007,13.06826406500005],[109.37012780000003,13.031805731000077],[109.39665774800005,13.002752997000073],[109.41635175900007,12.97174713700008],[109.45826256600003,12.92405833500004],[109.46501712300005,12.913316148000092],[109.46729576900003,12.897691148000092],[109.46631920700003,12.878973700000074],[109.46290123800003,12.862127997000073],[109.45818118600005,12.85187409100007],[109.45362389400003,12.84992096600007],[109.43588300900007,12.844875393000052],[109.43091881600003,12.845119533000059],[109.42839603000004,12.852118231000077],[109.43360436300003,12.856838283000059],[109.44076582100007,12.860663153000075],[109.44450931100005,12.864935614000046],[109.44678795700003,12.86904531500005],[109.45004316500007,12.873236395000049],[109.44898522200003,12.876695054000038],[109.43824303500003,12.878607489000046],[109.41724694100003,12.864935614000046],[109.41407311300003,12.859767971000053],[109.40788821700005,12.844142971000053],[109.40349368600005,12.83820221600007],[109.39527428500003,12.834906317000048],[109.38656660200007,12.834418036000045],[109.38461347700007,12.83397044500009],[109.37769616000003,12.832424221000053],[109.36882571700005,12.824611721000053],[109.37549889400003,12.816351630000042],[109.37647545700003,12.804348049000055],[109.37566165500004,12.790350653000075],[109.37623131600003,12.776190497000073],[109.42074629000007,12.69131094000005],[109.43620853000004,12.674221096000053],[109.45134524800005,12.673773505000042],[109.46949303500003,12.660345770000049],[109.47242272200003,12.656398830000057],[109.46998131600003,12.648627020000049],[109.46412194100003,12.645900783000059],[109.45728600400003,12.644110419000071],[109.45134524800005,12.63898346600007],[109.44898522200003,12.62409088700008],[109.45240319100003,12.583238023000092],[109.45134524800005,12.570746161000045],[109.44027754000007,12.564601955000057],[109.42994225400003,12.575873114000046],[109.41724694100003,12.60545482000009],[109.41334069100003,12.610256252000056],[109.40886478000004,12.613104559000078],[109.40512129000007,12.617987372000073],[109.40349368600005,12.62881094000005],[109.40658613400007,12.630682684000078],[109.42408287900003,12.646429755000042],[109.42408287900003,12.65265534100007],[109.40349368600005,12.687445380000042],[109.40162194100003,12.67796458500004],[109.39600670700003,12.673081773000092],[109.38738040500004,12.67186107000009],[109.37623131600003,12.673773505000042],[109.38013756600003,12.664862372000073],[109.38152103000004,12.656398830000057],[109.38013756600003,12.64789459800005],[109.37623131600003,12.63898346600007],[109.37037194100003,12.649115302000041],[109.36353600400003,12.65623607000009],[109.35425866000003,12.66006094000005],[109.34205162900003,12.660101630000042],[109.36011803500003,12.685288804000038],[109.36255944100003,12.69049713700008],[109.36687259200005,12.693426825000074],[109.37623131600003,12.696926174000055],[109.38559004000007,12.702460028000075],[109.38990319100003,12.711615302000041],[109.38640384200005,12.72752513200004],[109.36890709700003,12.75023021000004],[109.36255944100003,12.762518622000073],[109.36255944100003,12.792914130000042],[109.35889733200003,12.797308661000045],[109.34782962300005,12.79482656500005],[109.34441165500004,12.788641669000071],[109.34310957100007,12.780747789000088],[109.33838951900003,12.773098049000055],[109.30396569100003,12.750881252000056],[109.29420006600003,12.742010809000078],[109.26954186300003,12.712307033000059],[109.25538170700003,12.69912344000005],[109.24219811300003,12.69358958500004],[109.23357181100005,12.687079169000071],[109.20492597700007,12.646429755000042],[109.20460045700003,12.636908270000049],[109.20801842500003,12.598049221000053],[109.20045006600003,12.59125397300005],[109.20134524800005,12.575913804000038],[109.20492597700007,12.559719143000052],[109.20492597700007,12.55023834800005],[109.20777428500003,12.549221096000053],[109.21021569100003,12.549261786000045],[109.21159915500004,12.548041083000044],[109.21119225400003,12.543402411000045],[109.21851647200003,12.543402411000045],[109.22193444100003,12.553615627000056],[109.22364342500003,12.565252997000073],[109.22787519600007,12.57453034100007],[109.23902428500003,12.57758209800005],[109.23902428500003,12.583726304000038],[109.23218834700003,12.583726304000038],[109.23218834700003,12.59125397300005],[109.24903405000003,12.585516669000071],[109.24708092500003,12.571966864000046],[109.23780358200003,12.55540599200009],[109.23218834700003,12.540350653000075],[109.23715254000007,12.522284247000073],[109.24935957100007,12.509507554000038],[109.29835045700003,12.47797272300005],[109.30355879000007,12.469631252000056],[109.29346764400003,12.449042059000078],[109.29428144600007,12.439032294000071],[109.29851321700005,12.430812893000052],[109.30396569100003,12.427394924000055],[109.31869550900007,12.42218659100007],[109.33668053500003,12.41014232000009],[109.34595787900003,12.396307684000078],[109.33464603000004,12.38572825700004],[109.34205162900003,12.37889232000009],[109.33464603000004,12.37213776200008],[109.32252037900003,12.386053778000075],[109.31568444100003,12.376898505000042],[109.30909264400003,12.360052802000041],[109.29737389400003,12.35101959800005],[109.28239993600005,12.355943101000037],[109.27222741000003,12.367743231000077],[109.25896243600005,12.39256419500009],[109.21550540500004,12.44017161700009],[109.18506920700003,12.458929755000042],[109.15650475400003,12.454657294000071],[109.16138756600003,12.448797919000071],[109.16684004000007,12.437974351000037],[109.17017662900003,12.433539130000042],[109.15984134200005,12.437933661000045],[109.15650475400003,12.440375067000048],[109.14966881600003,12.440375067000048],[109.15463300900007,12.426906643000052],[109.17042076900003,12.41038646000004],[109.17693118600005,12.39940013200004],[109.19629967500003,12.402777411000045],[109.20655358200003,12.387152411000045],[109.21045983200003,12.36318594000005],[109.21119225400003,12.341376044000071],[109.21412194100003,12.332912502000056],[109.22120201900003,12.32249583500004],[109.22925866000003,12.313706773000092],[109.24203535200007,12.30540599200009],[109.24219811300003,12.296576239000046],[109.23633873800003,12.291083075000074],[109.22478274800005,12.296372789000088],[109.21851647200003,12.296372789000088],[109.21469160200007,12.28978099200009],[109.20492597700007,12.262884833000044],[109.18238366000003,12.272609768000052],[109.17693118600005,12.276516018000052],[109.18246504000007,12.26780833500004],[109.19157962300005,12.26040273600006],[109.21119225400003,12.248602606000077],[109.20484459700003,12.23338450700004],[109.20899498800003,12.22166575700004],[109.21762129000007,12.211493231000077],[109.22478274800005,12.200832424000055],[109.19849694100003,12.207953192000048],[109.18824303500003,12.205755927000041],[109.18433678500003,12.19399648600006],[109.19092858200003,12.20018138200004],[109.19060306100005,12.200832424000055],[109.20435631600003,12.193793036000045],[109.20964603000004,12.186021226000037],[109.21119225400003,12.17283763200004],[109.21306399800005,12.16600169500009],[109.21265709700003,12.162665106000077],[109.21420332100007,12.158596096000053],[109.22169030000003,12.149603583000044],[109.22681725400003,12.137884833000044],[109.22266686300003,12.129055080000057],[109.21119225400003,12.11823151200008],[109.20997155000003,12.10968659100007],[109.21387780000003,12.068101304000038],[109.22055097700007,12.050604559000078],[109.24919681100005,11.997381903000075],[109.25831139400003,11.986761786000045],[109.28679446700005,11.96743398600006],[109.28679446700005,11.96116771000004],[109.28345787900003,11.943508205000057],[109.28345787900003,11.940130927000041],[109.26636803500003,11.926459052000041],[109.26587975400003,11.909898179000038],[109.27084394600007,11.895005601000037],[109.28077233200003,11.883937893000052],[109.29420006600003,11.878648179000038],[109.29420006600003,11.871242580000057],[109.27784264400003,11.864813544000071],[109.26140384200005,11.865708726000037],[109.24756920700003,11.87295156500005],[109.23902428500003,11.885443427000041],[109.23560631600003,11.883368231000077],[109.22828209700003,11.880804755000042],[109.22478274800005,11.878648179000038],[109.21656334700003,11.90884023600006],[109.22266686300003,11.981634833000044],[109.21119225400003,12.015814520000049],[109.21851647200003,12.015814520000049],[109.19581139400003,12.074896552000041],[109.18620853000004,12.117743231000077],[109.17676842500003,12.129461981000077],[109.16334069100003,12.112005927000041],[109.17603600400003,12.088568427000041],[109.18067467500003,12.08470286700009],[109.18213951900003,12.08104075700004],[109.17693118600005,12.05304596600007],[109.18238366000003,12.04287344000005],[109.20582116000003,12.021633205000057],[109.21119225400003,12.005601304000038],[109.20818118600005,11.976629950000074],[109.19874108200003,11.948146877000056],[109.18181399800005,11.921698309000078],[109.15650475400003,11.899115302000041],[109.13721764400003,11.896063544000071],[109.12582441500007,11.86359284100007],[109.13160241000003,11.830023505000042],[109.16334069100003,11.824042059000078],[109.16822350400003,11.833197333000044],[109.18287194100003,11.853013414000088],[109.19792728000004,11.86945221600007],[109.20492597700007,11.868109442000048],[109.20093834700003,11.85382721600007],[109.19410241000003,11.841131903000075],[109.19288170700003,11.827541408000059],[109.20492597700007,11.810370184000078],[109.20386803500003,11.788682359000063],[109.20362389400003,11.784572658000059],[109.24293053500003,11.735663153000075],[109.23218834700003,11.714178778000075],[109.22478274800005,11.721625067000048],[109.21778405000003,11.714097398000092],[109.20899498800003,11.69367096600007],[109.19125410200007,11.671942450000074],[109.18881269600007,11.663234768000052],[109.18832441500007,11.65330638200004],[109.18433678500003,11.638495184000078],[109.17855879000007,11.631659247000073],[109.16041100400003,11.616441148000092],[109.15650475400003,11.608343817000048],[109.15406334700003,11.596991278000075],[109.14828535200007,11.586086330000057],[109.13599694100003,11.57021719000005],[109.12916100400003,11.57021719000005],[109.11719811300003,11.580267645000049],[109.10254967500003,11.58104075700004],[109.08570397200003,11.579779364000046],[109.06706790500004,11.583807684000078],[109.05567467500003,11.596625067000048],[109.04810631600003,11.631333726000037],[109.04346764400003,11.638495184000078],[109.02027428500003,11.63279857000009],[109.02173912900003,11.620306708000044],[109.03321373800003,11.60765208500004],[109.04037519600007,11.601507880000042],[109.03834069100003,11.587713934000078],[109.03467858200003,11.57412344000005],[109.03402754000007,11.55955638200004],[109.04037519600007,11.54287344000005],[109.01929772200003,11.542303778000075],[109.01246178500003,11.54287344000005],[109.02784264400003,11.51748281500005],[109.02833092500003,11.474269924000055],[109.01929772200003,11.406317450000074],[109.02247155000003,11.367621161000045],[109.01807701900003,11.355902411000045],[109.00562584700003,11.34365469000005],[108.98072350400003,11.323716539000088],[108.96607506600003,11.31476471600007],[108.95167076900003,11.310126044000071],[108.93336022200003,11.31118398600006],[108.88965905000003,11.330633856000077],[108.87387129000007,11.33388906500005],[108.85613040500004,11.33397044500009],[108.83806399800005,11.330755927000041],[108.82129967500003,11.323716539000088],[108.78785241000003,11.30068594000005],[108.77515709700003,11.288478908000059],[108.76612389400003,11.275946356000077],[108.75782311300003,11.25779857000009],[108.74561608200003,11.207098700000074],[108.73804772200003,11.18968333500004],[108.72934004000007,11.18154531500005],[108.71745853000004,11.179185289000088],[108.70053144600007,11.17914459800005],[108.69044030000003,11.181463934000078],[108.66920006600003,11.191229559000078],[108.65626061300003,11.19281647300005],[108.64625084700003,11.19049713700008],[108.62598717500003,11.181789455000057],[108.61524498800003,11.17914459800005],[108.57740319100003,11.17914459800005],[108.57162519600007,11.17601146000004],[108.55941816500007,11.16242096600007],[108.53126061300003,11.153265692000048],[108.51400800900007,11.138739325000074],[108.50033613400007,11.120835679000038],[108.49170983200003,11.104681708000044],[108.48194420700003,11.064032294000071],[108.47234134200005,11.053168036000045],[108.44703209700003,11.04946523600006],[108.43913821700005,11.046698309000078],[108.40357506600003,11.028957424000055],[108.39307701900003,11.027085679000038],[108.37631269600007,11.026271877000056],[108.36882571700005,11.022772528000075],[108.36280358200003,11.009711005000042],[108.34986412900003,10.96385325700004],[108.34498131600003,10.953802802000041],[108.32520592500003,10.951564846000053],[108.31544030000003,10.94432200700004],[108.30005944100003,10.91282786700009],[108.29371178500003,10.91282786700009],[108.28532962300005,10.94334544500009],[108.25863691500007,10.95180898600006],[108.13502037900003,10.927679755000042],[108.10645592500003,10.918158270000049],[108.09449303500003,10.902004299000055],[108.08912194100003,10.89203522300005],[108.06568444100003,10.867987372000073],[108.06031334700003,10.854193427000041],[108.05713951900003,10.84210846600007],[108.04297936300003,10.81391022300005],[108.03541100400003,10.772772528000075],[107.99830162900003,10.699367580000057],[107.99146569100003,10.699367580000057],[107.98064212300005,10.70579661700009],[107.93628991000003,10.718695380000042],[107.91944420700003,10.721096096000053],[107.89820397200003,10.719956773000092],[107.88233483200003,10.716986395000049],[107.82390384200005,10.69236888200004],[107.78223717500003,10.657782294000071],[107.76832116000003,10.650213934000078],[107.73129316500007,10.637884833000044],[107.66627037900003,10.60374583500004],[107.64454186300003,10.60065338700008],[107.62134850400003,10.592596747000073],[107.58651777400007,10.573513088000084],[107.58057701900003,10.570257880000042],[107.57048587300005,10.562241929000038],[107.54420006600003,10.53620026200008],[107.53907311300003,10.525580145000049],[107.53052819100003,10.512925523000092],[107.51140384200005,10.501654364000046],[107.44752037900003,10.473334052000041],[107.42953535200007,10.468451239000046],[107.38461347700007,10.462836005000042],[107.34498131600003,10.450425523000092],[107.33415774800005,10.453558661000045],[107.32601972700007,10.44245026200008],[107.29664147200003,10.415716864000046],[107.27198326900003,10.378485419000071],[107.25440514400003,10.37889232000009],[107.21631920700003,10.401556708000044],[107.19019616000003,10.405178127000056],[107.19499759200005,10.41404857000009],[107.20313561300003,10.417222398000092],[107.21168053500003,10.41937897300005],[107.21753991000003,10.425604559000078],[107.21697024800005,10.434475002000056],[107.21192467500003,10.443548895000049],[107.20541425900007,10.450669664000088],[107.20045006600003,10.453558661000045],[107.19564863400007,10.45701732000009],[107.17595462300005,10.477443752000056],[107.17123457100007,10.47646719000005],[107.16089928500003,10.476507880000042],[107.14942467500003,10.477932033000059],[107.14177493600005,10.480861721000053],[107.14177493600005,10.466620184000078],[107.13550866000003,10.466620184000078],[107.12273196700005,10.480210679000038],[107.10279381600003,10.489935614000046],[107.08179772200003,10.491603908000059],[107.06609134200005,10.480861721000053],[107.05982506600003,10.480861721000053],[107.06267337300005,10.489569403000075],[107.06324303500003,10.495062567000048],[107.05982506600003,10.508205471000053],[107.05046634200005,10.488470770000049],[107.04322350400003,10.479803778000075],[107.03191165500004,10.47406647300005],[107.02621504000007,10.493109442000048],[107.02564537900003,10.501369533000059],[107.01099694100003,10.49412669500009],[107.00359134200005,10.48859284100007],[106.99781334700003,10.480861721000053],[106.99146569100003,10.480861721000053],[106.99439537900003,10.496649481000077],[107.00416100400003,10.504706122000073],[107.01417076900003,10.508693752000056],[107.01596113400007,10.509426174000055],[107.02564537900003,10.515041408000059],[107.03272545700003,10.525946356000077],[107.03419030000003,10.53587474200009],[107.03191165500004,10.607489325000074],[107.02898196700005,10.613836981000077],[107.01579837300005,10.627752997000073],[107.01140384200005,10.637884833000044],[107.01465905000003,10.63548411700009],[107.02564537900003,10.631048895000049],[107.02531985800005,10.635280666000085],[107.02369225400003,10.656317450000074],[107.01319420700003,10.672674872000073],[106.98414147200003,10.699367580000057],[106.97974694100003,10.684759833000044],[106.99008222700007,10.673570054000038],[107.00424238400007,10.664252020000049],[107.01140384200005,10.65525950700004],[107.00261478000004,10.630438544000071],[107.00245201900003,10.61709219000005],[107.01482181100005,10.61123281500005],[107.02507571700005,10.603908596000053],[107.02271569100003,10.587591864000046],[107.01140384200005,10.56281159100007],[107.01441491000003,10.555487372000073],[107.02133222700007,10.550116278000075],[107.02686608200003,10.544175523000092],[107.02564537900003,10.53546784100007],[107.01905358200003,10.533880927000041],[107.00977623800003,10.53896719000005],[106.99781334700003,10.54913971600007],[107.00513756600003,10.555975653000075],[106.99146569100003,10.570257880000042],[106.99146569100003,10.57648346600007],[106.99634850400003,10.585191148000092],[106.99822024800005,10.597235419000071],[106.99781334700003,10.62490469000005],[106.99146569100003,10.62490469000005],[106.98487389400003,10.596828518000052],[106.98414147200003,10.566880601000037],[106.99195397200003,10.54010651200008],[107.01140384200005,10.521877346000053],[107.00359134200005,10.517767645000049],[106.99439537900003,10.512884833000044],[106.97217858200003,10.474269924000055],[106.96363366000003,10.466620184000078],[106.95720462300005,10.47166575700004],[106.95866946700005,10.48045482000009],[106.96265709700003,10.491034247000073],[106.96363366000003,10.501369533000059],[106.95932050900007,10.511867580000057],[106.95460045700003,10.516506252000056],[106.94898522200003,10.52057526200008],[106.94312584700003,10.52928294500009],[106.93775475400003,10.54873281500005],[106.93824303500003,10.56663646000004],[106.94312584700003,10.60065338700008],[106.89055423300005,10.644639390000066],[106.88160241000003,10.652167059000078],[106.86776777400007,10.645209052000041],[106.84864342500003,10.635565497000073],[106.82862389400003,10.630275783000059],[106.81959069100003,10.641302802000041],[106.81421959700003,10.652167059000078],[106.80128014400003,10.666937567000048],[106.79354902400007,10.673529364000046],[106.78581790500004,10.680121161000045],[106.77247155000003,10.686346747000073],[106.76815839900007,10.68467845300006],[106.76726321700005,10.68431224200009],[106.74756920700003,10.673651434000078],[106.74146569100003,10.669256903000075],[106.73682701900003,10.658148505000042],[106.74366295700003,10.651516018000052],[106.75367272200003,10.64679596600007],[106.75879967500003,10.641302802000041],[106.76099694100003,10.631537177000041],[106.77247155000003,10.60374583500004],[106.76905358200003,10.592271226000037],[106.76392662900003,10.58665599200009],[106.75782311300003,10.582709052000041],[106.75196373800003,10.57648346600007],[106.74610436300003,10.560370184000078],[106.74406985800005,10.552232164000088],[106.74097741000003,10.539984442000048],[106.73340905000003,10.52244700700004],[106.72087649800005,10.515041408000059],[106.68881269600007,10.503648179000038],[106.67237389400003,10.50421784100007],[106.66260826900003,10.521877346000053],[106.65577233200003,10.521877346000053],[106.65919030000003,10.507066148000092],[106.66244550900007,10.501125393000052],[106.66871178500003,10.494533596000053],[106.65772545700003,10.492132880000042],[106.64649498800003,10.48663971600007],[106.63803144600007,10.478989976000037],[106.63038170700003,10.458685614000046],[106.62012780000003,10.452622789000088],[106.60678144600007,10.447658596000053],[106.59424889400003,10.439276434000078],[106.59489993600005,10.456000067000048],[106.59213300900007,10.468695380000042],[106.58716881600003,10.47882721600007],[106.57992597700007,10.48773834800005],[106.58187910200007,10.452785549000055],[106.58676191500007,10.438706773000092],[106.59742272200003,10.43305084800005],[106.61540774800005,10.43659088700008],[106.63005618600005,10.445786851000037],[106.64136803500003,10.458929755000042],[106.64893639400003,10.47406647300005],[106.65577233200003,10.47406647300005],[106.66065514400003,10.460109768000052],[106.66293379000007,10.443915106000077],[106.67017662900003,10.432562567000048],[106.68978925900007,10.43305084800005],[106.69800866000003,10.440985419000071],[106.71363366000003,10.468085028000075],[106.72413170700003,10.47406647300005],[106.74105879000007,10.468003648000092],[106.75171959700003,10.453517971000053],[106.75977623800003,10.436346747000073],[106.76905358200003,10.42251211100006],[106.78199303500003,10.407782294000071],[106.78809655000003,10.393133856000077],[106.79542076900003,10.306830145000049],[106.79078209700003,10.284857489000046],[106.77556399800005,10.27537669500009],[106.75603274800005,10.277167059000078],[106.70411217500003,10.28904857000009],[106.59831790500004,10.28851959800005],[106.52523847700007,10.302557684000078],[106.48755944100003,10.30272044500009],[106.46802819100003,10.307318427000041],[106.45232181100005,10.316148179000038],[106.43767337300005,10.321844794000071],[106.42237389400003,10.316961981000077],[106.48031660200007,10.280829169000071],[106.72087649800005,10.199693101000037],[106.72624759200005,10.196478583000044],[106.74236087300005,10.18235911700009],[106.74830162900003,10.179185289000088],[106.75359134200005,10.177069403000075],[106.75831139400003,10.172349351000037],[106.76514733200003,10.167669989000046],[106.77556399800005,10.165513414000088],[106.78565514400003,10.164943752000056],[106.79314212300005,10.162502346000053],[106.79761803500003,10.15721263200004],[106.79908287900003,10.148138739000046],[106.79712975400003,10.125392971000053],[106.79127037900003,10.110174872000073],[106.73707116000003,10.05414459800005],[106.72087649800005,10.04490794500009],[106.70411217500003,10.048895575000074],[106.70923912900003,10.05662669500009],[106.71029707100007,10.06586334800005],[106.70834394600007,10.07526276200008],[106.70411217500003,10.083644924000055],[106.69662519600007,10.083644924000055],[106.69214928500003,10.066595770000049],[106.68978925900007,10.062567450000074],[106.67676842500003,10.049221096000053],[106.67115319100003,10.04100169500009],[106.66871178500003,10.032416083000044],[106.67253665500004,10.029486395000049],[106.67953535200007,10.020982164000088],[106.68409264400003,10.01203034100007],[106.67953535200007,10.007961330000057],[106.66423587300005,10.00608958500004],[106.66081790500004,10.001450914000088],[106.66098066500007,9.99485911700009],[106.65398196700005,9.98501211100006],[106.65154056100005,9.97752513200004],[106.64893639400003,9.974351304000038],[106.64486738400007,9.97337474200009],[106.60743248800003,9.97483958500004],[106.59107506600003,9.98078034100007],[106.57691491000003,9.991034247000073],[106.56299889400003,10.004461981000077],[106.54786217500003,10.015366929000038],[106.49805748800003,10.035834052000041],[106.46892337300005,10.058986721000053],[106.44336998800003,10.089544989000046],[106.35987389400003,10.22068919500009],[106.33122806100005,10.249497789000088],[106.29200280000003,10.26170482000009],[106.29737389400003,10.255926825000074],[106.30274498800003,10.253322658000059],[106.30787194100003,10.25141022300005],[106.33790123800003,10.228094794000071],[106.34937584700003,10.21482982000009],[106.35816491000003,10.176581122000073],[106.36850019600007,10.155910549000055],[106.46168053500003,10.035711981000077],[106.48438561300003,10.015326239000046],[106.56153405000003,9.97915273600006],[106.61426842500003,9.939032294000071],[106.67058353000004,9.909409898000092],[106.68637129000007,9.905462958000044],[106.69629967500003,9.896551825000074],[106.69320722700007,9.87641022300005],[106.68246504000007,9.855129299000055],[106.66871178500003,9.84284088700008],[106.66871178500003,9.85024648600006],[106.67505944100003,9.857611395000049],[106.67644290500004,9.866766669000071],[106.67408287900003,9.876125393000052],[106.66871178500003,9.883734442000048],[106.66260826900003,9.883734442000048],[106.65788821700005,9.84861888200004],[106.63786868600005,9.825995184000078],[106.61133873800003,9.81704336100006],[106.58676191500007,9.822943427000041],[106.56332441500007,9.84178294500009],[106.50440514400003,9.905462958000044],[106.47974694100003,9.923976955000057],[106.39503014400003,9.974351304000038],[106.14486738400007,10.228583075000074],[106.13648522200003,10.234564520000049],[106.12728925900007,10.239447333000044],[106.12134850400003,10.240668036000045],[106.11817467500003,10.238104559000078],[106.11329186300003,10.23427969000005],[106.11784915500004,10.22923411700009],[106.12745201900003,10.224798895000049],[106.13502037900003,10.22016022300005],[106.15788821700005,10.195379950000074],[106.16602623800003,10.18109772300005],[106.17286217500003,10.14752838700008],[106.18213951900003,10.13304271000004],[106.19336998800003,10.120266018000052],[106.21509850400003,10.100287177000041],[106.24642988400007,10.077460028000075],[106.28321373800003,10.05068594000005],[106.29200280000003,10.04205963700008],[106.29818769600007,10.033270575000074],[106.30665123800003,10.01666901200008],[106.31251061300003,10.007961330000057],[106.36361738400007,9.960109768000052],[106.36931399800005,9.95693594000005],[106.38892662900003,9.932806708000044],[106.47575931100005,9.861802476000037],[106.50098717500003,9.834051825000074],[106.51856530000003,9.80182526200008],[106.52751712300005,9.762193101000037],[106.53785241000003,9.751166083000044],[106.56299889400003,9.747219143000052],[106.57496178500003,9.739081122000073],[106.57984459700003,9.720363674000055],[106.58057701900003,9.699693101000037],[106.57553144600007,9.648627020000049],[106.56316165500004,9.61432526200008],[106.54371178500003,9.58502838700008],[106.51856530000003,9.562892971000053],[106.49724368600005,9.549994208000044],[106.48487389400003,9.54710521000004],[106.47348066500007,9.551988023000092],[106.46436608200003,9.554754950000074],[106.45394941500007,9.550523179000038],[106.43946373800003,9.541164455000057],[106.39820397200003,9.54205963700008],[106.38502037900003,9.54828522300005],[106.33716881600003,9.58470286700009],[106.25033613400007,9.63117096600007],[106.06470787900003,9.804266669000071],[105.97046959700003,9.920843817000048],[105.93287194100003,9.95538971600007],[105.90406334700003,9.97646719000005],[105.86947675900007,9.98533763200004],[105.83806399800005,10.005031643000052],[105.81902103000004,10.007961330000057],[105.83838951900003,9.979437567000048],[105.90211022200003,9.916693427000041],[106.07349694100003,9.74795156500005],[106.07976321700005,9.73078034100007],[106.08350670700003,9.713080145000049],[106.09294681100005,9.692938544000071],[106.19703209700003,9.541164455000057],[106.20362389400003,9.526841539000088],[106.20777428500003,9.511460679000038],[106.21070397200003,9.470038153000075],[106.20582116000003,9.45734284100007],[106.16920006600003,9.41819896000004],[106.17888431100005,9.40843333500004],[106.18783613400007,9.404486395000049],[106.19459069100003,9.398993231000077],[106.19703209700003,9.384711005000042],[106.19336998800003,9.369330145000049],[106.18392988400007,9.362209377000056],[106.15544681100005,9.356838283000059],[106.01823978000004,9.315252997000073],[105.86825605600006,9.254706122000073],[105.75993899800005,9.21092357000009],[105.53874759200005,9.129339911000045],[105.51417076900003,9.108587958000044],[105.47022545700003,9.06195709800005],[105.44361412900003,9.041489976000037],[105.43295332100007,9.02830638200004],[105.42855879000007,9.01072825700004],[105.42603600400003,9.008002020000049],[105.41325931100005,9.004706122000073],[105.40821373800003,9.000555731000077],[105.40739993600005,8.995917059000078],[105.40894616000003,8.984767971000053],[105.40821373800003,8.980047919000071],[105.33397583200008,8.83969882200006],[105.31512603100003,8.812237350000089],[105.29318429700004,8.787854650000043],[105.25881984900008,8.760465236000073],[105.21675151500006,8.75451042900005],[105.18403084100004,8.740881653000088],[105.15440735000004,8.705858188000093],[105.12635954300004,8.660141341000042],[105.10147229000006,8.634275390000084],[105.03472808500004,8.616218361000051],[104.85621178500003,8.565578518000052],[104.83277428500003,8.569159247000073],[104.82691491000003,8.572658596000053],[104.82203209700003,8.57713450700004],[104.81478925900007,8.58112213700008],[104.75220787900008,8.590765692000048],[104.72852623800003,8.59951406500005],[104.72291100400008,8.602687893000052],[104.72022545700003,8.613755601000037],[104.72803795700003,8.616359768000052],[104.74008222700007,8.61204661700009],[104.75930129400007,8.615620453000076],[104.80844160200007,8.647650458000044],[104.81910241000003,8.654038804000038],[104.82813561300003,8.65656159100007],[104.83513431100005,8.66046784100007],[104.83904056100005,8.67096588700008],[104.83415774800005,8.680975653000075],[104.82374108200003,8.686224677000041],[104.81950931100005,8.69086334800005],[104.83277428500003,8.698879299000055],[104.84555097700007,8.698146877000056],[104.91163170700003,8.685207424000055],[104.92579186300003,8.688381252000056],[104.94239342500003,8.696437893000052],[104.95639082100007,8.707424221000053],[104.96314537900008,8.71938711100006],[104.93930097700007,8.70807526200008],[104.90748131600003,8.699611721000053],[104.87614993600005,8.69920482000009],[104.85328209700003,8.712551174000055],[104.84839928500003,8.723578192000048],[104.85279381600003,8.729193427000041],[104.86426842500003,8.731756903000075],[104.88062584700003,8.733628648000092],[104.90479576900003,8.733628648000092],[104.91211998800003,8.73533763200004],[104.92896569100003,8.747300523000092],[104.92896569100003,8.753485419000071],[104.91911868600005,8.770453192000048],[104.91627037900008,8.79047272300005],[104.92156009200005,8.80931224200009],[104.85792076900003,8.781439520000049],[104.81666100400008,8.771307684000078],[104.79167462400005,8.78406215700005],[104.77459454000007,8.817867266000064],[104.78540149400004,8.856102424000085],[104.79624328400007,8.891231306000066],[104.81171701700003,8.937049451000064],[104.80861189400008,8.975284591000047],[104.80707275100008,9.045571369000072],[104.81104576900003,9.132635809000078],[104.81910241000003,9.192938544000071],[104.82553144600007,9.340033270000049],[104.82607212100004,9.400965572000075],[104.83277428500003,9.514471747000073],[104.83562259200005,9.556219794000071],[104.85655764800003,9.738036916000055],[104.87231897200007,9.793017359000089],[104.89278923400008,9.85109514000004],[104.93942915700006,9.849564634000046],[104.96998131600003,9.853664455000057],[104.97689863400007,9.871242580000057],[104.99333743600005,9.88812897300005],[105.05486087300005,9.933417059000078],[105.07667076900003,9.943426825000074],[105.08668053500003,9.935939846000053],[105.08936608200003,9.919867255000042],[105.11329186300003,9.857082424000055],[105.11312910200007,9.871039130000042],[105.10710696700005,9.908596096000053],[105.10710696700005,9.952704169000071],[105.10043379000007,9.974107164000088],[105.08765709700003,9.99673086100006],[105.04265384200005,10.055080471000053],[105.00326582100007,10.09210846600007],[104.98365319100003,10.103461005000042],[104.96387780000003,10.105861721000053],[104.92432701900003,10.096258856000077],[104.90105228000004,10.097316799000055],[104.86890709700003,10.116115627000056],[104.84538821700005,10.14720286700009],[104.82545006600003,10.180853583000044],[104.80486087300005,10.207098700000074],[104.77198326900003,10.226629950000074],[104.73853600400008,10.231390692000048],[104.70736738400007,10.222316799000055],[104.68132571700005,10.199693101000037],[104.67790774800005,10.19009023600006],[104.67807050900007,10.181341864000046],[104.67562910200007,10.17487213700008],[104.66456139400003,10.172349351000037],[104.65837649800005,10.168036200000074],[104.65414472700007,10.148830471000053],[104.65088951900003,10.144476630000042],[104.61597741000003,10.146429755000042],[104.61304772200003,10.144476630000042],[104.60767662900008,10.153509833000044],[104.60971113400007,10.159979559000078],[104.61353600400008,10.167385158000059],[104.61304772200003,10.179185289000088],[104.60873457100007,10.185736395000049],[104.59546959700003,10.200873114000046],[104.59253991000003,10.210272528000075],[104.59253991000003,10.237534898000092],[104.58887780000003,10.260891018000052],[104.57935631600003,10.27484772300005],[104.55152428500003,10.29588450700004],[104.54737389400003,10.289455471000053],[104.54615319100003,10.286688544000071],[104.54542076900003,10.28221263200004],[104.53736412900008,10.28221263200004],[104.53589928500003,10.30955638200004],[104.52588951900003,10.32884349200009],[104.50375410200007,10.357367255000042],[104.49903405000003,10.370591539000088],[104.50196373800003,10.37295156500005],[104.50912519600007,10.372707424000055],[104.51742597700007,10.378485419000071],[104.52507571700005,10.389837958000044],[104.53003991000003,10.399603583000044],[104.53052819100003,10.409084377000056],[104.52491295700003,10.419419664000088],[104.51742597700007,10.419419664000088],[104.50945071700005,10.403998114000046],[104.49903405000003,10.391831773000092],[104.48585045700003,10.383286851000037],[104.46957441500007,10.378485419000071],[104.45362389400003,10.379828192000048],[104.45313561300003,10.390692450000074],[104.45582116000003,10.407171942000048],[104.45134524800005,10.419663804000038],[104.45134524800005,10.41982656500005],[104.44922936300003,10.425604559000078],[104.43238366000003,10.44627513200004],[104.42204837300005,10.452297268000052],[104.40756269600007,10.446112372000073],[104.37232506600003,10.482082424000055],[104.36312910200007,10.48773834800005],[104.33253014400003,10.48773834800005],[104.31560306100005,10.48110586100006],[104.30616295700003,10.478583075000074],[104.29769941500007,10.480861721000053],[104.28980553500003,10.49750397300005],[104.28630618600005,10.54047272300005],[104.27418053500003,10.54913971600007],[104.26856530000003,10.552069403000075],[104.25660241000003,10.565822658000059],[104.24984785200007,10.570257880000042],[104.24268639400003,10.569037177000041],[104.23658287900008,10.564642645000049],[104.23031660200007,10.56313711100006],[104.22266686300003,10.570257880000042],[104.20704186300003,10.549994208000044],[104.18116295700003,10.54954661700009],[104.13013756600003,10.56281159100007],[104.11312910200007,10.560939846000053],[104.08904056100005,10.554632880000042],[104.07178795700003,10.555975653000075],[103.97608483200003,10.582505601000037],[103.95923912900008,10.583929755000042],[103.94556725400008,10.58812083500004],[103.91797936300003,10.61123281500005],[103.91627037900008,10.61859772300005],[103.89429772200003,10.658392645000049],[103.89128665500004,10.659125067000048],[103.87696373800003,10.658392645000049],[103.87338300900007,10.66006094000005],[103.87370853000004,10.66404857000009],[103.87468509200005,10.668768622000073],[103.87378991000003,10.672674872000073],[103.87086022200003,10.678656317000048],[103.86915123800003,10.693548895000049],[103.86638431100005,10.699367580000057],[103.85889733200003,10.67959219000005],[103.85971113400007,10.65810781500005],[103.86638431100005,10.621161200000074],[103.86280358200003,10.60382721600007],[103.85425866000003,10.586493231000077],[103.83228600400008,10.555975653000075],[103.82056725400008,10.54401276200008],[103.80787194100003,10.537909247000073],[103.79102623800003,10.53579336100006],[103.76710045700003,10.53546784100007],[103.75416100400008,10.53774648600006],[103.74822024800005,10.543117580000057],[103.74390709700003,10.54987213700008],[103.73609459700003,10.555975653000075],[103.72608483200003,10.558661200000074],[103.70932050900007,10.55923086100006],[103.70191491000003,10.56281159100007],[103.70191491000003,10.555975653000075],[103.72315514400003,10.544663804000038],[103.74195397200003,10.526271877000056],[103.74708092500003,10.508978583000044],[103.72608483200003,10.501369533000059],[103.69320722700007,10.503404039000088],[103.65577233200003,10.49518463700008],[103.63738040500004,10.494533596000053],[103.62387129000007,10.500921942000048],[103.61719811300003,10.515041408000059],[103.61540774800005,10.529120184000078],[103.61622155000003,10.53546784100007],[103.61312910200007,10.538275458000044],[103.61060631600003,10.551459052000041],[103.60629316500007,10.555975653000075],[103.59839928500003,10.55662669500009],[103.59400475400008,10.553656317000048],[103.59066816500007,10.550116278000075],[103.58578535200007,10.54913971600007],[103.57943769600007,10.550848700000074],[103.57007897200003,10.555080471000053],[103.56153405000003,10.562323309000078],[103.55355879000007,10.585516669000071],[103.54379316500007,10.596177476000037],[103.52369225400008,10.61123281500005],[103.50709069100003,10.60423411700009],[103.50196373800003,10.617132880000042],[103.50684655000003,10.635443427000041],[103.52003014400003,10.644720770000049],[103.52808678500003,10.652167059000078],[103.53834069100003,10.669501044000071],[103.54712975400008,10.688950914000088],[103.55103600400008,10.703070380000042],[103.56739342500003,10.726507880000042],[103.60596764400003,10.737534898000092],[103.68417402400007,10.740790106000077],[103.68490644600007,10.740830796000068],[103.68873131600003,10.74095286700009],[103.68873131600003,10.742987372000073],[103.68873131600003,10.747748114000046],[103.67562910200007,10.751776434000078],[103.67221113400007,10.757879950000074],[103.67807050900007,10.801214911000045],[103.68140709700003,10.80923086100006],[103.68970787900008,10.816148179000038],[103.70142662900008,10.822211005000042],[103.71338951900003,10.830552476000037],[103.72242272200003,10.844549872000073],[103.72437584700003,10.856024481000077],[103.72242272200003,10.89484284100007],[103.70736738400007,10.930121161000045],[103.67855879000007,10.980210679000038],[103.65951582100007,11.029771226000037],[103.67457116000003,11.063666083000044],[103.65544681100005,11.07843659100007],[103.64584394600007,11.08226146000004],[103.61622155000003,11.085435289000088],[103.60401451900003,11.090643622000073],[103.59522545700003,11.09829336100006],[103.58350670700003,11.134100653000075],[103.56185957100007,11.15224844000005],[103.53296959700003,11.16274648600006],[103.50269616000003,11.166083075000074],[103.50489342500003,11.162583726000037],[103.50521894600007,11.161769924000055],[103.50611412900008,11.161363023000092],[103.51002037900008,11.15924713700008],[103.49642988400007,11.138820705000057],[103.48902428500003,11.138820705000057],[103.48438561300003,11.145656643000052],[103.48121178500003,11.148382880000042],[103.46851647200003,11.15180084800005],[103.46851647200003,11.145656643000052],[103.47445722700007,11.133693752000056],[103.46827233200003,11.118963934000078],[103.44800866000003,11.090399481000077],[103.46827233200003,11.099310614000046],[103.47022545700003,11.089056708000044],[103.46273847700007,11.070868231000077],[103.43726647200003,11.025091864000046],[103.43083743600005,11.00649648600006],[103.42807050900007,10.98427969000005],[103.41700280000003,10.95807526200008],[103.41456139400003,10.94635651200008],[103.41529381600003,10.936753648000092],[103.42017662900008,10.92096588700008],[103.42123457100007,10.909125067000048],[103.41570071700005,10.894110419000071],[103.40211022200003,10.884344794000071],[103.38599694100003,10.880926825000074],[103.37289472700007,10.884955145000049],[103.36866295700003,10.880194403000075],[103.36402428500003,10.87693919500009],[103.35230553500003,10.871893622000073],[103.34408613400007,10.895453192000048],[103.32309004000007,10.909572658000059],[103.29810631600003,10.919989325000074],[103.27735436300003,10.93268463700008],[103.23633873800003,10.908148505000042],[103.21900475400008,10.89248281500005],[103.22266686300003,10.878119208000044],[103.20875084700003,10.878566799000055],[103.19678795700003,10.876532294000071],[103.18751061300003,10.87181224200009],[103.18116295700003,10.864447333000044],[103.16179446700005,10.87400950700004],[103.13868248800003,10.87641022300005],[103.12671959700003,10.881293036000045],[103.14014733200003,10.898586330000057],[103.10938561300003,10.922308661000045],[103.10189863400007,10.925930080000057],[103.09555097700007,10.933986721000053],[103.10027103000004,10.95115794500009],[103.10840905000003,10.96702708500004],[103.11280358200003,10.970892645000049],[103.11060631600003,11.001898505000042],[103.10084069100003,11.053127346000053],[103.09848066500007,11.080471096000053],[103.10181725400008,11.089911200000074],[103.10873457100007,11.100409247000073],[103.11597741000003,11.113836981000077],[103.11898847700007,11.131984768000052],[103.11768639400003,11.149115302000041],[103.11361738400007,11.161078192000048],[103.09848066500007,11.18659088700008],[103.09620201900003,11.194240627000056],[103.09506269600007,11.202622789000088],[103.09327233200003,11.21084219000005],[103.08863366000003,11.217678127000056],[103.08204186300003,11.21938711100006],[103.06226647200003,11.21971263200004],[103.05762780000003,11.220770575000074],[103.05958092500003,11.231838283000059],[103.07105553500003,11.23859284100007],[103.07927493600005,11.24518463700008],[103.07129967500003,11.255519924000055],[103.07129967500003,11.261664130000042],[103.07886803500003,11.273504950000074],[103.10564212300005,11.29905833500004],[103.13404381600003,11.316148179000038],[103.14698326900003,11.302679755000042],[103.15316816500007,11.302679755000042],[103.15211022200003,11.318101304000038],[103.14242597700007,11.343573309000078],[103.14014733200003,11.357896226000037],[103.12574303500003,11.35228099200009],[103.11915123800003,11.348863023000092],[103.11280358200003,11.34365469000005],[103.10027103000004,11.356024481000077],[103.09652754000007,11.36717357000009],[103.09595787900008,11.380357164000088],[103.09229576900003,11.398871161000045],[103.08578535200007,11.413804429000038],[103.07097415500004,11.434515692000048],[103.06446373800003,11.44725169500009],[103.07276451900003,11.444810289000088],[103.07569420700003,11.44432200700004],[103.07667076900003,11.441839911000045],[103.07878665500004,11.433010158000059],[103.08497155000003,11.433010158000059],[103.09131920700003,11.44399648600006],[103.10157311300003,11.45258209800005],[103.11451256600003,11.458238023000092],[103.12989342500003,11.460353908000059],[103.14332116000003,11.454820054000038],[103.15919030000003,11.43109772300005],[103.17432701900003,11.426174221000053],[103.14275149800005,11.485052802000041],[103.13331139400003,11.49445221600007],[103.13786868600005,11.505275783000059],[103.14014733200003,11.508734442000048],[103.13331139400003,11.508734442000048],[103.13103274800005,11.505072333000044],[103.12647545700003,11.49445221600007],[103.13062584700003,11.486517645000049],[103.12867272200003,11.477484442000048],[103.12208092500003,11.47016022300005],[103.11280358200003,11.46775950700004],[103.10287519600007,11.47264232000009],[103.09107506600003,11.49054596600007],[103.06446373800003,11.503607489000046],[103.05730228000004,11.525213934000078],[103.05632571700005,11.550279039000088],[103.05762780000003,11.57021719000005],[103.05079186300003,11.563381252000056],[103.05404707100007,11.583807684000078],[103.05762780000003,11.59125397300005],[103.04835045700003,11.591620184000078],[103.04330488400007,11.594305731000077],[103.03711998800003,11.60492584800005],[103.03744550900007,11.570257880000042],[103.03565514400003,11.554632880000042],[103.03028405000003,11.54287344000005],[103.02344811300003,11.54287344000005],[103.01270592500003,11.546372789000088],[102.99854576900003,11.543158270000049],[102.98462975400008,11.536322333000044],[102.97510826900003,11.529242255000042],[102.95460045700003,11.557114976000037],[102.97510826900003,11.57021719000005],[102.98023522200003,11.563788153000075],[102.99545332100007,11.549709377000056],[103.00294030000003,11.549709377000056],[102.99935957100007,11.55955638200004],[102.98845462300005,11.572699286000045],[102.98243248800003,11.583807684000078],[102.98243248800003,11.624823309000078],[102.99382571700005,11.63572825700004],[103.00782311300003,11.63117096600007],[103.02442467500003,11.623480536000045],[103.04330488400007,11.624823309000078],[103.04330488400007,11.63226959800005],[103.03101647200003,11.63117096600007],[103.02100670700003,11.633978583000044],[103.01351972700007,11.63939036700009],[103.00912519600007,11.645900783000059],[103.00912519600007,11.652736721000053],[103.01677493600005,11.652736721000053],[103.01677493600005,11.659572658000059],[103.00619550900007,11.65501536700009],[103.00294030000003,11.652736721000053],[102.99545332100007,11.652736721000053],[102.99431399800005,11.660101630000042],[102.98926842500003,11.673244533000059],[102.98243248800003,11.673244533000059],[102.98243248800003,11.652736721000053],[102.97510826900003,11.659572658000059],[102.97510826900003,11.638495184000078],[102.96876061300003,11.638495184000078],[102.97038821700005,11.666205145000049],[102.97584069100003,11.687323309000078],[102.98633873800003,11.702866929000038],[103.00294030000003,11.714178778000075],[103.01286868600005,11.718573309000078],[103.02165774800005,11.720526434000078],[103.03028405000003,11.718491929000038],[103.04029381600003,11.711086330000057],[103.05258222700007,11.705511786000045],[103.06666100400008,11.708197333000044],[103.07878665500004,11.716457424000055],[103.08497155000003,11.727850653000075],[103.07878665500004,11.727850653000075],[103.06983483200003,11.71515534100007],[103.05600019600007,11.716131903000075],[103.04135175900007,11.724676825000074],[103.03028405000003,11.73468659100007],[103.02344811300003,11.73468659100007],[102.98243248800003,11.714178778000075],[102.97681725400008,11.720363674000055],[102.96973717500003,11.732855536000045],[102.96387780000003,11.74713776200008],[102.96143639400003,11.75853099200009],[102.95606530000003,11.766913153000075],[102.93262780000003,11.779120184000078],[102.89926191500007,11.830267645000049],[102.89307701900003,11.830267645000049],[102.90788821700005,11.797552802000041],[102.95679772200003,11.74681224200009],[102.96876061300003,11.714178778000075],[102.96656334700003,11.697455145000049],[102.95484459700003,11.66787344000005],[102.95460045700003,11.652736721000053],[102.96501712300005,11.609930731000077],[102.96371504000007,11.592352606000077],[102.95460045700003,11.57021719000005],[102.95264733200003,11.582953192000048],[102.94312584700003,11.600978908000059],[102.94092858200003,11.615179755000042],[102.93726647200003,11.62173086100006],[102.91968834700003,11.638373114000046],[102.91358483200003,11.645900783000059],[102.90601647200003,11.666205145000049],[102.90870201900003,11.717962958000044],[102.90674889400003,11.741441148000092],[102.89332116000003,11.769680080000057],[102.82545006600003,11.85814036700009],[102.78345787900008,11.892279364000046],[102.77702884200005,11.902533270000049],[102.77702884200005,11.96743398600006],[102.76693769600007,12.011786200000074],[102.74968509200005,12.040269273000092],[102.63184655000003,12.152044989000046],[102.63013756600003,12.161363023000092],[102.65357506600003,12.15916575700004],[102.64136803500003,12.175482489000046],[102.60450280000003,12.203924872000073],[102.60572350400008,12.214422919000071],[102.60572350400008,12.221258856000077],[102.58936608200003,12.212225653000075],[102.57390384200005,12.208726304000038],[102.56185957100007,12.202093817000048],[102.55730228000004,12.183742580000057],[102.57162519600007,12.090969143000052],[102.58399498800003,12.067328192000048],[102.58594811300003,12.060248114000046],[102.58236738400007,12.049261786000045],[102.57398522200003,12.049261786000045],[102.56348717500003,12.053859768000052],[102.55388431100005,12.056789455000057],[102.55014082100007,12.06118398600006],[102.55103600400008,12.08274974200009],[102.55046634200005,12.090969143000052],[102.53223717500003,12.11359284100007],[102.50424238400007,12.133368231000077],[102.47364342500003,12.148993231000077],[102.36622155000003,12.186021226000037],[102.35035241000003,12.195705471000053],[102.33619225400008,12.19757721600007],[102.32447350400008,12.18032461100006],[102.31836998800003,12.18032461100006],[102.29590905000003,12.190008856000077],[102.29037519600007,12.19399648600006],[102.28646894600007,12.202541408000059],[102.28711998800003,12.210191148000092],[102.28939863400007,12.216620184000078],[102.29037519600007,12.221258856000077],[102.28345787900008,12.241359768000052],[102.26539147200003,12.27147044500009],[102.26319420700003,12.289536851000037],[102.29004967500003,12.282904364000046],[102.31519616000003,12.29124583500004],[102.33627363400007,12.307440497000073],[102.35189863400007,12.32367584800005],[102.35987389400003,12.347072658000059],[102.35206139400003,12.367254950000074],[102.33725019600007,12.376125393000052],[102.32447350400008,12.365301825000074],[102.33253014400003,12.361883856000077],[102.33838951900003,12.357163804000038],[102.34245853000004,12.351304429000038],[102.34506269600007,12.34479401200008],[102.33073978000004,12.327826239000046],[102.31023196700005,12.316229559000078],[102.29167728000004,12.318060614000046],[102.28353925900007,12.341376044000071],[102.28614342500003,12.385687567000048],[102.29224694100003,12.40688711100006],[102.30404707100007,12.427394924000055],[102.29786217500003,12.427394924000055],[102.29151451900003,12.419582424000055],[102.27670332100007,12.39256419500009],[102.27003014400003,12.39256419500009],[102.26587975400008,12.404771226000037],[102.26351972700007,12.417303778000075],[102.26441491000003,12.429429429000038],[102.27003014400003,12.440375067000048],[102.25847415500004,12.43187083500004],[102.24244225400008,12.426255601000037],[102.22828209700003,12.42772044500009],[102.22217858200003,12.440375067000048],[102.20573978000004,12.43577708500004],[102.20101972700007,12.433539130000042],[102.21062259200005,12.427679755000042],[102.21436608200003,12.419623114000046],[102.21338951900003,12.409979559000078],[102.20850670700003,12.39940013200004],[102.21461022200003,12.39940013200004],[102.23585045700003,12.413723049000055],[102.24252363400007,12.402777411000045],[102.24708092500003,12.393011786000045],[102.24781334700003,12.383205471000053],[102.24268639400003,12.37213776200008],[102.26303144600007,12.357001044000071],[102.27344811300003,12.32615794500009],[102.26482181100005,12.306219794000071],[102.22828209700003,12.32367584800005],[102.16684004000007,12.38572825700004],[102.13689212300005,12.401760158000059],[102.12435957100007,12.410549221000053],[102.12598717500003,12.41990794500009],[102.10987389400003,12.440904039000088],[102.08716881600003,12.46474844000005],[102.07195071700005,12.48851146000004],[102.07813561300003,12.509263414000088],[102.08179772200003,12.501125393000052],[102.08594811300003,12.49835846600007],[102.09148196700005,12.497626044000071],[102.09864342500003,12.495591539000088],[102.08545983200003,12.504339911000045],[102.09213300900007,12.51268138200004],[102.10564212300005,12.52289459800005],[102.11231530000003,12.537258205000057],[102.10474694100003,12.537258205000057],[102.09945722700007,12.527411200000074],[102.09294681100005,12.523382880000042],[102.08545983200003,12.524359442000048],[102.07813561300003,12.529730536000045],[102.08822675900007,12.538723049000055],[102.09327233200003,12.541449286000045],[102.09864342500003,12.543402411000045],[102.04786217500003,12.542303778000075],[102.04330488400007,12.550523179000038],[102.06446373800003,12.570746161000045],[102.02222741000003,12.568548895000049],[102.00928795700003,12.564520575000074],[102.00928795700003,12.557074286000045],[102.02247155000003,12.547756252000056],[102.03150475400008,12.534125067000048],[102.04322350400008,12.523504950000074],[102.06446373800003,12.522935289000088],[102.05958092500003,12.51048411700009],[102.05746504000007,12.497219143000052],[102.05697675900007,12.468329169000071],[102.02247155000003,12.51951732000009],[102.00896243600005,12.534084377000056],[101.99219811300003,12.53978099200009],[101.97348066500007,12.541449286000045],[101.96078535200007,12.537258205000057],[101.96078535200007,12.580633856000077],[101.95883222700007,12.59125397300005],[101.95435631600003,12.601304429000038],[101.94988040500004,12.606350002000056],[101.94776451900003,12.601752020000049],[101.94597415500004,12.59568919500009],[101.93702233200003,12.589178778000075],[101.93425540500004,12.583726304000038],[101.94727623800003,12.540716864000046],[101.94776451900003,12.529730536000045],[101.91407311300003,12.555121161000045],[101.89958743600005,12.569728908000059],[101.89258873800003,12.583726304000038],[101.91309655000003,12.57758209800005],[101.90943444100003,12.594224351000037],[101.90259850400008,12.59788646000004],[101.89429772200003,12.596502997000073],[101.88575280000003,12.598049221000053],[101.87761478000004,12.605536200000074],[101.87354576900003,12.613023179000038],[101.87045332100007,12.621568101000037],[101.86524498800003,12.632147528000075],[101.84880618600005,12.65452708500004],[101.83025149800005,12.672796942000048],[101.80836022200003,12.687933661000045],[101.78272545700003,12.701117255000042],[101.76612389400003,12.705877997000073],[101.70443769600007,12.707912502000056],[101.68637129000007,12.70213450700004],[101.67595462300005,12.688625393000052],[101.66846764400003,12.672796942000048],[101.65984134200005,12.660101630000042],[101.64234459700003,12.65135325700004],[101.62208092500003,12.649644273000092],[101.58106530000003,12.65265534100007],[101.57349694100003,12.649807033000059],[101.57203209700003,12.64329661700009],[101.57260175900007,12.636419989000046],[101.57105553500003,12.632147528000075],[101.56641686300003,12.631293036000045],[101.55543053500003,12.632391669000071],[101.53907311300003,12.631740627000056],[101.50904381600003,12.63898346600007],[101.46509850400008,12.632310289000088],[101.44288170700003,12.624823309000078],[101.43327884200005,12.615423895000049],[101.42888431100005,12.596869208000044],[101.41814212300005,12.595648505000042],[101.39291425900007,12.611721096000053],[101.32349694100003,12.642157294000071],[101.24887129000007,12.660101630000042],[101.08773847700007,12.680609442000048],[101.06666100400008,12.676255601000037],[101.03207441500007,12.65696849200009],[100.98861738400007,12.649359442000048],[100.97803795700003,12.639593817000048],[100.97771243600005,12.639227606000077],[100.97445722700007,12.622219143000052],[100.97445722700007,12.598049221000053],[100.92611738400007,12.61912669500009],[100.92611738400007,12.625392971000053],[100.94076582100007,12.636379299000055],[100.93458092500003,12.652899481000077],[100.91765384200005,12.662583726000037],[100.89958743600005,12.65265534100007],[100.88868248800003,12.658758856000077],[100.87989342500003,12.658148505000042],[100.87061608200003,12.654730536000045],[100.85792076900003,12.65265534100007],[100.86264082100007,12.655991929000038],[100.86687259200005,12.660305080000057],[100.86988366000003,12.66600169500009],[100.87142988400007,12.673773505000042],[100.85108483200003,12.673773505000042],[100.85450280000003,12.67967357000009],[100.86133873800003,12.695135809000078],[100.86459394600007,12.701117255000042],[100.85629316500007,12.70140208500004],[100.83741295700003,12.707912502000056],[100.85482832100007,12.75226471600007],[100.86793053500003,12.771144924000055],[100.88591556100005,12.762518622000073],[100.89210045700003,12.762518622000073],[100.89918053500003,12.773504950000074],[100.90788821700005,12.782538153000075],[100.91570071700005,12.793646552000041],[100.91993248800003,12.810939846000053],[100.91846764400003,12.826320705000057],[100.91325931100005,12.840399481000077],[100.90609785200007,12.853216864000046],[100.86866295700003,12.90623607000009],[100.86459394600007,12.919582424000055],[100.86817467500003,12.929022528000075],[100.87549889400003,12.934759833000044],[100.88404381600003,12.940008856000077],[100.89210045700003,12.948065497000073],[100.89454186300003,12.955511786000045],[100.89673912900008,12.973863023000092],[100.89958743600005,12.982245184000078],[100.90821373800003,12.977443752000056],[100.91879316500007,12.98240794500009],[100.92839603000004,12.99249909100007],[100.93360436300003,13.002752997000073],[100.93311608200003,13.02643463700008],[100.92310631600003,13.042792059000078],[100.91138756600003,13.057033596000053],[100.90577233200003,13.074408270000049],[100.90154056100005,13.080633856000077],[100.89210045700003,13.083482164000088],[100.88282311300003,13.087836005000042],[100.87826582100007,13.098334052000041],[100.89958743600005,13.12563711100006],[100.91578209700003,13.154852606000077],[100.93702233200003,13.183986721000053],[100.94516035200007,13.200913804000038],[100.94450931100005,13.220038153000075],[100.93360436300003,13.256008205000057],[100.92896569100003,13.26561107000009],[100.91537519600007,13.287054755000042],[100.91244550900007,13.293850002000056],[100.91472415500004,13.304388739000046],[100.91928144600007,13.31077708500004],[100.92400149800005,13.315619208000044],[100.93238366000003,13.33812083500004],[100.94711347700007,13.344427802000041],[100.96534264400003,13.348537502000056],[100.98129316500007,13.359035549000055],[100.98536217500003,13.37303294500009],[100.98715254000007,13.396144924000055],[100.98511803500003,13.417710679000038],[100.97087649800005,13.437201239000046],[100.97836347700007,13.45888906500005],[100.99577884200005,13.48932526200008],[100.99577884200005,13.496161200000074],[100.98389733200003,13.487982489000046],[100.97388756600003,13.47882721600007],[100.96338951900003,13.471380927000041],[100.95069420700003,13.468247789000088],[100.88892662900008,13.468247789000088],[100.86402428500003,13.471502997000073],[100.81397545700003,13.486029364000046],[100.77133222700007,13.491156317000048],[100.74976647200003,13.49990469000005],[100.67986087300005,13.50922272300005],[100.64966881600003,13.52024974200009],[100.61019941500007,13.54751211100006],[100.59205162900008,13.554510809000078],[100.58961022200003,13.56195709800005],[100.59156334700003,13.571519273000092],[100.59669030000003,13.58266836100006],[100.59888756600003,13.596502997000073],[100.59782962300005,13.612250067000048],[100.58692467500003,13.59202708500004],[100.58318118600005,13.575995184000078],[100.58423912900008,13.533677476000037],[100.57585696700005,13.519598700000074],[100.55591881600003,13.510891018000052],[100.42994225400008,13.48932526200008],[100.38111412900008,13.491522528000075],[100.35645592500003,13.48969147300005],[100.33716881600003,13.48187897300005],[100.28988691500007,13.505031643000052],[100.27507571700005,13.51666901200008],[100.26498457100007,13.497544664000088],[100.25326582100007,13.48578522300005],[100.23715254000007,13.477362372000073],[100.15040123800003,13.444037177000041],[100.11304772200003,13.43659088700008],[100.08895918100006,13.425970770000049],[100.06934655000003,13.417385158000059],[100.05307050900007,13.413031317000048],[100.03882897200003,13.402736721000053],[100.03126061300003,13.382025458000044],[100.02165774800005,13.366603908000059],[100.00131269600007,13.372015692000048],[100.01563561300003,13.36587148600006],[100.01392662900008,13.34837474200009],[100.00619550900007,13.332831122000073],[99.99366295700003,13.32172272300005],[99.97738691500007,13.31736888200004],[99.96273847700007,13.309881903000075],[99.96070397200003,13.29242584800005],[99.96086673300005,13.291571356000077],[99.96713300900007,13.259019273000092],[99.99854576900003,13.218085028000075],[100.05648847700007,13.170314846000053],[100.05982506600003,13.165676174000055],[100.06674238400007,13.160101630000042],[100.07398522200003,13.152777411000045],[100.07699629000007,13.142726955000057],[100.07781009200005,13.13377513200004],[100.08773847700007,13.096177476000037],[100.10434004000007,13.057318427000041],[100.10189863400007,13.039862372000073],[100.09302819100003,13.023993231000077],[100.06006920700003,12.980292059000078],[100.05298912900008,12.966131903000075],[100.04297936300003,12.93382396000004],[100.02930748800003,12.861802476000037],[100.02393639400003,12.847072658000059],[99.98764082100007,12.79047272300005],[99.97429446700005,12.751206773000092],[99.96501712300005,12.710150458000044],[99.96045983200003,12.667914130000042],[99.96078535200007,12.63617584800005],[99.96094811300003,12.625392971000053],[99.97803795700003,12.56077708500004],[99.98080488400007,12.540350653000075],[99.97706139400003,12.47687409100007],[99.98080488400007,12.454657294000071],[100.01099694100003,12.383246161000045],[100.01221764400003,12.368719794000071],[100.00367272200003,12.353949286000045],[99.98170006600003,12.27993398600006],[99.98275800900007,12.270453192000048],[99.99170983200003,12.259466864000046],[100.00171959700003,12.25031159100007],[100.00928795700003,12.241115627000056],[100.01392662900008,12.23069896000004],[100.01710045700003,12.210109768000052],[100.01970462300005,12.20221588700008],[100.02003014400003,12.192694403000075],[100.01563561300003,12.18032461100006],[100.01042728000004,12.174953518000052],[99.99431399800005,12.162583726000037],[99.98764082100007,12.153021552000041],[99.98145592500003,12.11717357000009],[99.97738691500007,12.108303127000056],[99.95533287900008,12.07249583500004],[99.85531660200007,11.968410549000055],[99.83122806100005,11.924709377000056],[99.82325280000003,11.878648179000038],[99.83692467500003,11.843451239000046],[99.83375084700003,11.837713934000078],[99.81959069100003,11.836371161000045],[99.81251061300003,11.832098700000074],[99.80982506600003,11.824611721000053],[99.80958092500003,11.81346263200004],[99.81706790500004,11.775580145000049],[99.81495201900003,11.769680080000057],[99.81177819100003,11.762274481000077],[99.81104576900003,11.753078518000052],[99.81706790500004,11.741441148000092],[99.78044681100005,11.737250067000048],[99.75180097700007,11.709865627000056],[99.67058353000004,11.577866929000038],[99.66553795700003,11.566799221000053],[99.66130618600005,11.55101146000004],[99.64185631600003,11.523260809000078],[99.63754316500007,11.50531647300005],[99.63607832100007,11.481838283000059],[99.63200931100005,11.460638739000046],[99.62574303500003,11.44049713700008],[99.59994550900007,11.38422272300005],[99.59734134200005,11.374945380000042],[99.59294681100005,11.364203192000048],[99.57374108200003,11.34406159100007],[99.56934655000003,11.33397044500009],[99.56625410200007,11.276312567000048],[99.56934655000003,11.255519924000055],[99.58619225400008,11.21385325700004],[99.58619225400008,11.195135809000078],[99.56934655000003,11.17914459800005],[99.56202233200003,11.198919989000046],[99.54615319100003,11.198431708000044],[99.52857506600003,11.186835028000075],[99.51531009200005,11.17291901200008],[99.50814863400007,11.162176825000074],[99.50131269600007,11.14874909100007],[99.49634850400008,11.132879950000074],[99.49415123800003,11.114569403000075],[99.49756920700003,11.093085028000075],[99.51205488400007,11.05695221600007],[99.51531009200005,11.039211330000057],[99.51246178500003,11.019232489000046],[99.50342858200003,10.99705638200004],[99.49870853000004,10.985296942000048],[99.49415123800003,10.967474677000041],[99.49610436300003,10.944240627000056],[99.51156660200007,10.902411200000074],[99.51531009200005,10.881537177000041],[99.51156660200007,10.866359768000052],[99.50326582100007,10.866848049000055],[99.49586022200003,10.873846747000073],[99.49415123800003,10.878119208000044],[99.47535241000003,10.878851630000042],[99.46119225400008,10.877427476000037],[99.45167076900003,10.87531159100007],[99.44320722700007,10.870347398000092],[99.43970787900008,10.861029364000046],[99.43970787900008,10.820054429000038],[99.43506920700003,10.80182526200008],[99.37501061300003,10.71198151200008],[99.37134850400008,10.703070380000042],[99.37370853000004,10.692572333000044],[99.37671959700003,10.685492255000042],[99.37435957100007,10.681382554000038],[99.36109459700003,10.680121161000045],[99.34351647200003,10.675360419000071],[99.32715905000003,10.663275458000044],[99.31316165500004,10.647365627000056],[99.30241946700005,10.631048895000049],[99.29615319100003,10.610907294000071],[99.28825931100005,10.562933661000045],[99.27816816500007,10.546047268000052],[99.26726321700005,10.541693427000041],[99.25473066500007,10.539943752000056],[99.24463951900003,10.53514232000009],[99.24040774800005,10.521877346000053],[99.24268639400003,10.514471747000073],[99.24903405000003,10.50999583500004],[99.25798587300005,10.508002020000049],[99.26832116000003,10.508205471000053],[99.26099694100003,10.494818427000041],[99.25171959700003,10.483954169000071],[99.24382571700005,10.472357489000046],[99.24040774800005,10.456976630000042],[99.24675540500004,10.443915106000077],[99.27767988400007,10.423570054000038],[99.28874759200005,10.41201406500005],[99.29053795700003,10.399237372000073],[99.28931725400008,10.38084544500009],[99.28500410200007,10.364488023000092],[99.27816816500007,10.357367255000042],[99.26384524800005,10.35732656500005],[99.25635826900003,10.356146552000041],[99.23414147200003,10.343695380000042],[99.23072350400008,10.35651276200008],[99.22339928500003,10.365383205000057],[99.21306399800005,10.37205638200004],[99.20004316500007,10.378485419000071],[99.18474368600005,10.371283270000049],[99.17164147200003,10.370266018000052],[99.16065514400003,10.367987372000073],[99.15162194100003,10.357367255000042],[99.15137780000003,10.34634023600006],[99.15845787900008,10.30272044500009],[99.16895592500003,10.28774648600006],[99.20630944100003,10.254339911000045],[99.22461998800003,10.232367255000042],[99.23609459700003,10.229315497000073],[99.25464928500003,10.234442450000074],[99.24170983200003,10.214504299000055],[99.20134524800005,10.210638739000046],[99.19255618600005,10.19627513200004],[99.18677819100003,10.172430731000077],[99.15992272200003,10.128322658000059],[99.15162194100003,10.103461005000042],[99.15349368600005,10.075832424000055],[99.16309655000003,10.05768463700008],[99.17400149800005,10.042914130000042],[99.17888431100005,10.02529531500005],[99.17579186300003,10.013495184000078],[99.16163170700003,10.003322658000059],[99.15845787900008,9.99054596600007],[99.16529381600003,9.946478583000044],[99.16529381600003,9.867621161000045],[99.16675866000003,9.86469147300005],[99.16993248800003,9.861802476000037],[99.17237389400003,9.85740794500009],[99.17212975400008,9.85024648600006],[99.16830488400007,9.84446849200009],[99.15577233200003,9.834784247000073],[99.15162194100003,9.82916901200008],[99.14820397200003,9.819240627000056],[99.14616946700005,9.809719143000052],[99.14494876400005,9.79124583500004],[99.14478600400008,9.788234768000052],[99.14795983200003,9.767401434000078],[99.16195722700007,9.727118231000077],[99.16724694100003,9.68813711100006],[99.17286217500003,9.665228583000044],[99.18140709700003,9.643255927000041],[99.21208743600005,9.597723700000074],[99.21778405000003,9.582180080000057],[99.21998131600003,9.559149481000077],[99.22315514400003,9.542629299000055],[99.26531009200005,9.466009833000044],[99.32357832100007,9.391546942000048],[99.31568444100003,9.389593817000048],[99.31072024800005,9.389837958000044],[99.30600019600007,9.39085521000004],[99.29900149800005,9.391546942000048],[99.29078209700003,9.39008209800005],[99.29004967500003,9.386419989000046],[99.29127037900008,9.381781317000048],[99.28874759200005,9.37726471600007],[99.26384524800005,9.363755601000037],[99.25464928500003,9.356838283000059],[99.23552493600005,9.336330471000053],[99.23023522200003,9.31976959800005],[99.23414147200003,9.278265692000048],[99.25505618600005,9.232489325000074],[99.30176842500003,9.222601630000042],[99.35075931100005,9.219183661000045],[99.37818444100003,9.192938544000071],[99.41098066500007,9.19635651200008],[99.44385826900003,9.195990302000041],[99.47478274800005,9.200995184000078],[99.50171959700003,9.220282294000071],[99.50928795700003,9.235500393000052],[99.51441491000003,9.253241278000075],[99.52149498800003,9.269924221000053],[99.53581790500004,9.281683661000045],[99.54818769600007,9.283148505000042],[99.59351647200003,9.27484772300005],[99.61011803500003,9.27798086100006],[99.62354576900003,9.284816799000055],[99.63379967500003,9.29165273600006],[99.64128665500004,9.294745184000078],[99.67237389400003,9.30219147300005],[99.68913821700005,9.31391022300005],[99.68946373800003,9.31586334800005],[99.72730553500003,9.313706773000092],[99.73373457100007,9.312160549000055],[99.73951256600003,9.320502020000049],[99.75277754000007,9.31976959800005],[99.77182050900007,9.312282619000086],[99.78158613400007,9.308417059000078],[99.78687584700003,9.31281159100007],[99.79769941500007,9.31834544500009],[99.80339603000004,9.322658596000053],[99.81544030000003,9.31118398600006],[99.85352623800003,9.294663804000038],[99.85450280000003,9.285101630000042],[99.85303795700003,9.273993231000077],[99.85962975400008,9.257757880000042],[99.87777754000007,9.22646719000005],[99.88599694100003,9.233303127000056],[99.88648522200003,9.157904364000046],[99.89144941500007,9.138332424000055],[99.89958743600005,9.12531159100007],[99.90870201900003,9.114081122000073],[99.91627037900008,9.101996161000045],[99.91944420700003,9.086493231000077],[99.91944420700003,9.038397528000075],[99.92164147200003,9.028225002000056],[99.93132571700005,9.011867580000057],[99.93311608200003,9.000555731000077],[99.93116295700003,8.999823309000078],[99.92652428500003,8.994533596000053],[99.92188561300003,8.987127997000073],[99.91944420700003,8.980047919000071],[99.91944420700003,8.95579661700009],[99.93116295700003,8.878973700000074],[99.92628014400003,8.863348700000074],[99.93921959700003,8.832464911000045],[99.95923912900008,8.637640692000048],[99.96713300900007,8.605658270000049],[99.98414147200003,8.579413153000075],[100.04078209700003,8.54555898600006],[100.04965254000007,8.530951239000046],[100.05372155000003,8.51365794500009],[100.07593834700003,8.470404364000046],[100.09213300900007,8.446437893000052],[100.09848066500007,8.426459052000041],[100.10434004000007,8.417669989000046],[100.11198978000004,8.41315338700008],[100.13404381600003,8.40375397300005],[100.13851972700007,8.400946356000077],[100.14421634200005,8.388820705000057],[100.15756269600007,8.38572825700004],[100.17351321700005,8.389349677000041],[100.18628991000003,8.39720286700009],[100.17709394600007,8.426214911000045],[100.17505944100003,8.466457424000055],[100.16480553500003,8.501369533000059],[100.13111412900008,8.514553127000056],[100.15064537900008,8.522935289000088],[100.18083743600005,8.501206773000092],[100.20834394600007,8.469671942000048],[100.22046959700003,8.448716539000088],[100.27149498800003,8.317084052000041],[100.30290774800005,8.118557033000059],[100.34245853000004,7.9387881530000755],[100.36736087300005,7.825588283000059],[100.44019616000003,7.476996161000045],[100.46766285706404,7.412],[100.40890924863965,7.412],[100.41000410200007,7.4583194030000755],[100.40601647200003,7.52765534100007],[100.38950791600007,7.566181028000074],[100.35892713700008,7.57861028800005],[100.32556391400004,7.574479835000091],[100.30298912900008,7.540676174000055],[100.29574629000007,7.523586330000057],[100.28956139400003,7.51821523600006],[100.27881920700003,7.5239118510000935],[100.27263431100005,7.531073309000078],[100.26970462300005,7.537502346000053],[100.26880944100003,7.545477606000077],[100.26880944100003,7.557440497000073],[100.27556399800005,7.576971747000073],[100.30958092500003,7.597723700000074],[100.32349694100003,7.616400458000044],[100.32699629000007,7.655218817000048],[100.32056725400008,7.707953192000048],[100.30697675900007,7.757879950000074],[100.28874759200005,7.788316148000092],[100.26970462300005,7.795396226000037],[100.25049889400003,7.791978257000039],[100.23096764400003,7.784816799000055],[100.21062259200005,7.780910549000055],[100.20085696700005,7.772324937000064],[100.15642337300005,7.733384507000039],[100.14478600400008,7.719427802000041],[100.14291425900007,7.700018622000073],[100.15463300900007,7.615790106000077],[100.17261803500003,7.568019924000055],[100.17920983200003,7.531195380000042],[100.18539472700007,7.514227606000077],[100.19654381600003,7.5071475280000755],[100.19922936300003,7.503810940000051],[100.22046959700003,7.486029364000046],[100.22510826900003,7.479478257000039],[100.22779381600003,7.474595445000091],[100.25308363395199,7.412],[99.34666478862545,7.412],[99.34742272200003,7.423488674000055],[99.34400475400008,7.468980210000041],[99.34180748800003,7.475734768000052],[99.33187910200007,7.491929429000038],[99.32984459700003,7.503404039000088],[99.32520592500003,7.504868882000039],[99.30339603000004,7.5046247420000896],[99.29558353000004,7.5071475280000755],[99.30884850400008,7.528306382000039],[99.30738366000003,7.550279039000088],[99.30005944100003,7.575384833000044],[99.29273522200003,7.6206729190000715],[99.28589928500003,7.621771552000041],[99.27702884200005,7.61749909100007],[99.26832116000003,7.616400458000044],[99.25953209700003,7.620835679000038],[99.24976647200003,7.627752997000073],[99.24675540500004,7.6341006530000755],[99.25806725400008,7.636867580000057],[99.26221764400003,7.643255927000041],[99.25570722700007,7.657375393000052],[99.24366295700003,7.6714541690000715],[99.23047936300003,7.677801825000074],[99.21436608200003,7.67999909100007],[99.20622806100005,7.685939846000053],[99.19255618600005,7.705145575000074],[99.17261803500003,7.719712632000039],[99.15308678500003,7.730658270000049],[99.13754316500007,7.744330145000049],[99.13054446700005,7.767238674000055],[99.12427819100003,7.767238674000055],[99.12191816500007,7.73305898600006],[99.11215254000007,7.705511786000045],[99.09148196700005,7.691839911000045],[99.05600019600007,7.698919989000046],[99.03321373800003,7.722805080000057],[99.02767988400007,7.788885809000078],[99.01441491000003,7.815008856000077],[99.05600019600007,7.847357489000046],[99.06226647200003,7.859361070000091],[99.06413821700005,7.878119208000044],[99.07032311300003,7.907904364000046],[99.06959069100003,7.924872137000079],[99.05030358200003,7.905462958000044],[99.04070071700005,7.901841539000088],[99.02808678500003,7.90375397300005],[99.02295983200003,7.909572658000059],[99.00757897200003,7.9351260440000715],[99.00025475400008,7.942572333000044],[98.98414147200003,7.947251695000091],[98.96778405000003,7.956203518000052],[98.96045983200003,7.976385809000078],[98.96159915500004,7.986476955000057],[98.96338951900003,7.992621161000045],[98.96387780000003,7.998277085000041],[98.96045983200003,8.006781317000048],[98.95346113400007,8.015448309000078],[98.93734785200007,8.024318752000056],[98.92945397200003,8.030991929000038],[98.92367597700007,8.041408596000053],[98.92212975400008,8.048529364000046],[98.91797936300003,8.051336981000077],[98.90528405000003,8.048407294000071],[98.89893639400003,8.042710679000038],[98.89161217500003,8.024888414000088],[98.88819420700003,8.021063544000071],[98.87281334700003,8.016791083000044],[98.85792076900003,8.00844961100006],[98.84359785200007,8.002875067000048],[98.82943769600007,8.006781317000048],[98.82455488400007,8.014349677000041],[98.81771894600007,8.03656647300005],[98.81275475400008,8.044989325000074],[98.80030358200003,8.052435614000046],[98.79468834700003,8.048488674000055],[98.79200280000003,8.040228583000044],[98.78858483200003,8.034735419000071],[98.77556399800005,8.02342357000009],[98.77027428500003,8.02366771000004],[98.76807701900003,8.03815338700008],[98.76539147200003,8.04710521000004],[98.75245201900003,8.060126044000071],[98.74740644600007,8.06826406500005],[98.74512780000003,8.087551174000055],[98.74740644600007,8.136542059000078],[98.74390709700003,8.149888414000088],[98.74740644600007,8.18195221600007],[98.74740644600007,8.19920482000009],[98.74415123800003,8.214911200000074],[98.72706139400003,8.253851630000042],[98.71273847700007,8.225897528000075],[98.70655358200003,8.225897528000075],[98.70313561300003,8.298529364000046],[98.69629967500003,8.30849844000005],[98.67725670700003,8.303168036000045],[98.64820397200003,8.284857489000046],[98.63754316500007,8.287990627000056],[98.63086998800003,8.287990627000056],[98.63086998800003,8.28115469000005],[98.62403405000003,8.28115469000005],[98.62208092500003,8.29287344000005],[98.62623131600003,8.346096096000053],[98.63160241000003,8.354437567000048],[98.64795983200003,8.366522528000075],[98.65544681100005,8.37962474200009],[98.64210045700003,8.385931708000044],[98.62061608200003,8.390204169000071],[98.60352623800003,8.39720286700009],[98.59888756600003,8.37490469000005],[98.58513431100005,8.368963934000078],[98.56755618600005,8.367865302000041],[98.55201256600003,8.36001211100006],[98.54175866000003,8.349025783000059],[98.52605228000004,8.336330471000053],[98.51042728000004,8.33112213700008],[98.50049889400003,8.34320709800005],[98.49366295700003,8.34320709800005],[98.49195397200003,8.331284898000092],[98.48666425900007,8.324896552000041],[98.47982832100007,8.325751044000071],[98.47315514400003,8.335760809000078],[98.46631920700003,8.335760809000078],[98.46631920700003,8.322739976000037],[98.44564863400007,8.325100002000056],[98.42823326900003,8.316961981000077],[98.42221113400007,8.306341864000046],[98.45313561300003,8.29401276200008],[98.45679772200003,8.277533270000049],[98.45655358200003,8.258286851000037],[98.46265709700003,8.243312893000052],[98.46290123800003,8.216131903000075],[98.44613691500007,8.175116278000075],[98.42497806100005,8.14842357000009],[98.41163170700003,8.164496161000045],[98.40552819100003,8.164496161000045],[98.40479576900003,8.155218817000048],[98.40202884200005,8.148993231000077],[98.39128665500004,8.136542059000078],[98.37525475400008,8.150824286000045],[98.35694420700003,8.18500397300005],[98.33122806100005,8.195054429000038],[98.32813561300003,8.202337958000044],[98.32398522200003,8.20962148600006],[98.31251061300003,8.21287669500009],[98.30152428500003,8.21360911700009],[98.29330488400007,8.21588776200008],[98.28687584700003,8.219916083000044],[98.28142337300005,8.225897528000075],[98.27759850400008,8.240708726000037],[98.27759850400008,8.28351471600007],[98.27149498800003,8.29791901200008],[98.26238040500004,8.31281159100007],[98.24203535200007,8.40648021000004],[98.19947350400008,8.534369208000044],[98.19800866000003,8.556057033000059],[98.20297285200007,8.573879299000055],[98.20972741000003,8.58148834800005],[98.21314537900008,8.57257721600007],[98.21566816500007,8.55337148600006],[98.22315514400003,8.540432033000059],[98.24732506600003,8.514553127000056],[98.25310306100005,8.534654039000088],[98.24431399800005,8.54686107000009],[98.23015384200005,8.556586005000042],[98.21998131600003,8.569159247000073],[98.21949303500003,8.57562897300005],[98.22217858200003,8.580633856000077],[98.22527103000004,8.584906317000048],[98.22681725400008,8.589016018000052],[98.22624759200005,8.60537344000005],[98.22681725400008,8.61009349200009],[98.23804772200003,8.641058661000045],[98.24048912900008,8.651068427000041],[98.23853600400008,8.673041083000044],[98.22282962300005,8.712388414000088],[98.21998131600003,8.726223049000055],[98.22413170700003,8.73533763200004],[98.23121178500003,8.74087148600006],[98.23959394600007,8.745835679000038],[98.24732506600003,8.753485419000071],[98.25074303500003,8.759955145000049],[98.25277754000007,8.766424872000073],[98.25652103000004,8.828558661000045],[98.26156660200007,8.85065338700008],[98.28353925900007,8.884955145000049],[98.29273522200003,8.924383856000077],[98.31218509200005,8.951361395000049],[98.32488040500004,8.97524648600006],[98.33301842500003,8.980047919000071],[98.33676191500007,8.97760651200008],[98.35157311300003,8.973781643000052],[98.36402428500003,8.973944403000075],[98.36060631600003,8.98346588700008],[98.35808353000004,8.99599844000005],[98.36784915500004,9.00999583500004],[98.39128665500004,9.035305080000057],[98.36133873800003,9.023016669000071],[98.34245853000004,9.01821523600006],[98.33269290500004,9.026068427000041],[98.32984459700003,9.052069403000075],[98.34205162900008,9.062892971000053],[98.36597741000003,9.06391022300005],[98.38200931100005,9.071926174000055],[98.37077884200005,9.103583075000074],[98.34148196700005,9.141831773000092],[98.32837975400008,9.16437409100007],[98.32300866000003,9.189195054000038],[98.32227623800003,9.209377346000053],[98.32691491000003,9.203680731000077],[98.33969160200007,9.199774481000077],[98.34782962300005,9.202785549000055],[98.35580488400007,9.209906317000048],[98.37077884200005,9.22646719000005],[98.35230553500003,9.235907294000071],[98.35189863400007,9.251369533000059],[98.36109459700003,9.26821523600006],[98.36402428500003,9.281683661000045],[98.37598717500003,9.298163153000075],[98.38331139400003,9.316555080000057],[98.39714603000004,9.37881094000005],[98.40503991000003,9.396877346000053],[98.42546634200005,9.432521877000056],[98.44320722700007,9.520819403000075],[98.45720462300005,9.548529364000046],[98.48682701900003,9.52806224200009],[98.51986738400007,9.55377838700008],[98.53109785200007,9.566107489000046],[98.52849368600005,9.575873114000046],[98.52084394600007,9.57758209800005],[98.50171959700003,9.575018622000073],[98.49366295700003,9.575873114000046],[98.48959394600007,9.58038971600007],[98.48585045700003,9.59365469000005],[98.48340905000003,9.596380927000041],[98.46338951900003,9.604437567000048],[98.47169030000003,9.621161200000074],[98.49024498800003,9.634955145000049],[98.50049889400003,9.634507554000038],[98.50269616000003,9.638373114000046],[98.51197350400008,9.650213934000078],[98.51417076900003,9.654730536000045],[98.51148522200003,9.662054755000042],[98.49366295700003,9.685736395000049],[98.51002037900008,9.68659088700008],[98.51319420700003,9.694891669000071],[98.50660241000003,9.705633856000077],[98.49366295700003,9.713690497000073],[98.50049889400003,9.719916083000044],[98.51563561300003,9.710191148000092],[98.53142337300005,9.703924872000073],[98.54395592500003,9.70648834800005],[98.54900149800005,9.72361888200004],[98.55323326900003,9.72459544500009],[98.56128991000003,9.73305898600006],[98.56576582100007,9.742621161000045],[98.55925540500004,9.747219143000052],[98.53874759200005,9.747463283000059],[98.52979576900003,9.749579169000071],[98.52100670700003,9.75462474200009],[98.51644941500007,9.747788804000038],[98.51531009200005,9.744818427000041],[98.51417076900003,9.740383205000057],[98.50798587300005,9.740383205000057],[98.50912519600007,9.748521226000037],[98.50879967500003,9.770819403000075],[98.50798587300005,9.774562893000052],[98.51636803500003,9.782945054000038],[98.52418053500003,9.784979559000078],[98.53223717500003,9.785305080000057],[98.54151451900003,9.788234768000052],[98.55543053500003,9.798041083000044],[98.56617272200003,9.81000397300005],[98.57496178500003,9.824652411000045],[98.58301842500003,9.84284088700008],[98.57496178500003,9.835598049000055],[98.55844160200007,9.815008856000077],[98.54900149800005,9.809271552000041],[98.54004967500003,9.810980536000045],[98.53467858200003,9.818019924000055],[98.53028405000003,9.825588283000059],[98.51270592500003,9.836859442000048],[98.52076256600003,9.854437567000048],[98.53687584700003,9.87295156500005],[98.54900149800005,9.883734442000048],[98.55355879000007,9.876695054000038],[98.55990644600007,9.87303294500009],[98.56739342500003,9.873236395000049],[98.57618248800003,9.87759023600006],[98.57048587300005,9.88422272300005],[98.58545983200003,9.894964911000045],[98.58985436300003,9.905462958000044],[98.58643639400003,9.909328518000052],[98.57886803500003,9.911322333000044],[98.57162519600007,9.91547272300005],[98.57357832100007,9.92088450700004],[98.58383222700007,9.93032461100006],[98.59197024800005,9.942694403000075],[98.59986412900008,9.948146877000056],[98.62208092500003,9.947821356000077],[98.63086998800003,9.952704169000071],[98.63314863400007,9.962958075000074],[98.62354576900003,9.967189846000053],[98.61255944100003,9.965969143000052],[98.61036217500003,9.960109768000052],[98.59961998800003,9.973863023000092],[98.59978274800005,9.98045482000009],[98.60352623800003,9.99359772300005],[98.64795983200003,10.06932200700004],[98.66228274800005,10.085272528000075],[98.68962649800005,10.162054755000042],[98.71290123800003,10.205511786000045],[98.72046959700003,10.227932033000059],[98.72535241000003,10.251613674000055],[98.72706139400003,10.272040106000077],[98.73080488400007,10.29173411700009],[98.74626712300005,10.329006252000056],[98.74740644600007,10.350531317000048],[98.73991946700005,10.347357489000046],[98.73503665500004,10.343085028000075],[98.73121178500003,10.33734772300005],[98.71892337300005,10.312567450000074],[98.70281009200005,10.26276276200008],[98.69605553500003,10.22370026200008],[98.68702233200003,10.208400783000059],[98.66504967500003,10.18545156500005],[98.64421634200005,10.15501536700009],[98.58985436300003,10.04205963700008],[98.56055748800003,10.002142645000049],[98.54314212300005,9.987453518000052],[98.53532962300005,9.997381903000075],[98.53345787900008,10.006740627000056],[98.52442467500003,10.021063544000071],[98.52100670700003,10.028998114000046],[98.52003014400003,10.038885809000078],[98.52149498800003,10.059393622000073],[98.52100670700003,10.06932200700004],[98.51482181100005,10.101507880000042],[98.51392662900008,10.146918036000045],[98.49366295700003,10.179185289000088],[98.49048912900008,10.190619208000044],[98.48959394600007,10.19790273600006],[98.49073326900003,10.204331773000092],[98.50757897200003,10.244940497000073],[98.51221764400003,10.261419989000046],[98.51710045700003,10.307440497000073],[98.52849368600005,10.343247789000088],[98.52849368600005,10.364203192000048],[98.51221764400003,10.422796942000048],[98.49415123800003,10.452460028000075],[98.49341881600003,10.472723700000074],[98.50049889400003,10.515041408000059],[98.49545332100007,10.55687083500004],[98.46338951900003,10.630031643000052],[98.45899498800003,10.672674872000073],[98.45932050900007,10.715399481000077],[98.46355228000004,10.729437567000048],[98.47657311300003,10.73468659100007],[98.49830162900008,10.731594143000052],[98.51099694100003,10.72288646000004],[98.52849368600005,10.693101304000038],[98.53874759200005,10.704413153000075],[98.53834069100003,10.718695380000042],[98.53101647200003,10.732163804000038],[98.52100670700003,10.74095286700009],[98.53256269600007,10.746771552000041],[98.54371178500003,10.745062567000048],[98.55420983200003,10.737982489000046],[98.56324303500003,10.72728099200009],[98.56999759200005,10.743109442000048],[98.57740319100003,10.770412502000056],[98.58301842500003,10.781927802000041],[98.59986412900008,10.805487372000073],[98.60271243600005,10.819484768000052],[98.59669030000003,10.837144273000092],[98.60694420700003,10.836371161000045],[98.61597741000003,10.838446356000077],[98.62403405000003,10.84320709800005],[98.63086998800003,10.850816148000092],[98.62012780000003,10.85455963700008],[98.59546959700003,10.856838283000059],[98.58643639400003,10.861029364000046],[98.58179772200003,10.867254950000074],[98.57886803500003,10.875189520000049],[98.58155358200003,10.882025458000044],[98.61378014400003,10.890285549000055],[98.62501061300003,10.902004299000055],[98.63404381600003,10.913723049000055],[98.64795983200003,10.919094143000052],[98.65284264400003,10.917181708000044],[98.66382897200003,10.908270575000074],[98.67310631600003,10.905462958000044],[98.67505944100003,10.90851471600007],[98.68921959700003,10.913397528000075],[98.70362389400003,10.916164455000057],[98.70655358200003,10.91282786700009],[98.71241295700003,10.924383856000077],[98.71680748800003,10.942206122000073],[98.71762129000007,10.960679429000038],[98.71273847700007,10.974310614000046],[98.72022545700003,10.980536200000074],[98.71387780000003,10.989976304000038],[98.69654381600003,11.00259023600006],[98.69288170700003,11.00844961100006],[98.69532311300003,11.020086981000077],[98.70093834700003,11.024969794000071],[98.70834394600007,11.02765534100007],[98.71648196700005,11.032375393000052],[98.72242272200003,11.044867255000042],[98.71827233200003,11.05882396000004],[98.71062259200005,11.07607656500005],[98.70655358200003,11.097845770000049],[98.68881269600007,11.092474677000041],[98.67628014400003,11.10057200700004],[98.65821373800003,11.131984768000052],[98.70264733200003,11.14362213700008],[98.72413170700003,11.156195380000042],[98.73316491000003,11.17601146000004],[98.73316491000003,11.207098700000074],[98.74561608200003,11.236029364000046],[98.75098717500003,11.257066148000092],[98.75709069100003,11.263373114000046],[98.75928795700003,11.268947658000059],[98.74642988400007,11.28587474200009],[98.72657311300003,11.33344147300005],[98.72193444100003,11.350083726000037],[98.72136478000004,11.367254950000074],[98.72706139400003,11.385199286000045],[98.70264733200003,11.379055080000057],[98.69800866000003,11.388006903000075],[98.70655358200003,11.423081773000092],[98.71534264400003,11.443182684000078],[98.73568769600007,11.450140692000048],[98.77491295700003,11.453517971000053],[98.76563561300003,11.46743398600006],[98.76343834700003,11.506252346000053],[98.75440514400003,11.522406317000048],[98.74529056100005,11.52484772300005],[98.72885175900007,11.517645575000074],[98.72022545700003,11.522406317000048],[98.71794681100005,11.53188711100006],[98.72575931100005,11.548407294000071],[98.72022545700003,11.557114976000037],[98.73357181100005,11.573431708000044],[98.73633873800003,11.588771877000056],[98.73316491000003,11.624823309000078],[98.73560631600003,11.64203522300005],[98.74154707100007,11.66502513200004],[98.75220787900008,11.681708075000074],[98.76807701900003,11.680080471000053],[98.78028405000003,11.68650950700004],[98.78793379000007,11.683335679000038],[98.79517662900008,11.67682526200008],[98.80591881600003,11.673244533000059],[98.81714928500003,11.677394924000055],[98.81869550900007,11.687201239000046],[98.81812584700003,11.69867584800005],[98.82260175900007,11.707953192000048],[98.83545983200003,11.710109768000052],[98.85434004000007,11.707098700000074],[98.87289472700007,11.700913804000038],[98.88477623800003,11.69367096600007],[98.89161217500003,11.69367096600007],[98.87671959700003,11.72264232000009],[98.80494225400008,11.736517645000049],[98.78296959700003,11.755113023000092],[98.79029381600003,11.779689846000053],[98.81202233200003,11.80263906500005],[98.82569420700003,11.825873114000046],[98.80892988400007,11.851304429000038],[98.81609134200005,11.833807684000078],[98.81023196700005,11.822007554000038],[98.80054772200003,11.813788153000075],[98.79127037900008,11.802476304000038],[98.76807701900003,11.76194896000004],[98.76148522200003,11.760891018000052],[98.74415123800003,11.762518622000073],[98.74073326900003,11.75853099200009],[98.73796634200005,11.75649648600006],[98.72584069100003,11.744330145000049],[98.72364342500003,11.741441148000092],[98.71216881600003,11.736517645000049],[98.70899498800003,11.72451406500005],[98.70826256600003,11.70994700700004],[98.70313561300003,11.697455145000049],[98.69263756600003,11.686753648000092],[98.68433678500003,11.682806708000044],[98.67416425900007,11.685248114000046],[98.64763431100005,11.700506903000075],[98.61687259200005,11.72370026200008],[98.61036217500003,11.731268622000073],[98.60873457100007,11.741400458000044],[98.60328209700003,11.753607489000046],[98.60352623800003,11.76194896000004],[98.60596764400003,11.769191799000055],[98.61784915500004,11.789252020000049],[98.62330162900008,11.79328034100007],[98.62891686300003,11.791937567000048],[98.63209069100003,11.79287344000005],[98.63086998800003,11.803615627000056],[98.60352623800003,11.803615627000056],[98.61931399800005,11.825873114000046],[98.62403405000003,11.830267645000049],[98.63135826900003,11.832098700000074],[98.64087975400008,11.83226146000004],[98.64869225400008,11.83148834800005],[98.65137780000003,11.830267645000049],[98.66032962300005,11.845200914000088],[98.66797936300003,11.86359284100007],[98.68091881600003,11.877346096000053],[98.70655358200003,11.878648179000038],[98.69410241000003,11.89288971600007],[98.67310631600003,11.892075914000088],[98.63086998800003,11.878648179000038],[98.54900149800005,11.878648179000038],[98.55811608200003,11.899115302000041],[98.57813561300003,11.906683661000045],[98.62745201900003,11.905951239000046],[98.64503014400003,11.910223700000074],[98.66407311300003,11.920355536000045],[98.67920983200003,11.932806708000044],[98.69092858200003,11.954331773000092],[98.70289147200003,11.959051825000074],[98.71485436300003,11.96116771000004],[98.72022545700003,11.96430084800005],[98.72144616000003,11.997788804000038],[98.72022545700003,12.008368231000077],[98.71314537900008,12.025213934000078],[98.70533287900008,12.036851304000038],[98.70313561300003,12.048081773000092],[98.71273847700007,12.063625393000052],[98.66504967500003,12.060248114000046],[98.65845787900008,12.06712474200009],[98.64503014400003,12.078070380000042],[98.63379967500003,12.090318101000037],[98.63428795700003,12.101141669000071],[98.64096113400007,12.113674221000053],[98.63624108200003,12.122544664000088],[98.62964928500003,12.131984768000052],[98.63086998800003,12.146185614000046],[98.63786868600005,12.151068427000041],[98.65072675900007,12.155096747000073],[98.67310631600003,12.15916575700004],[98.67310631600003,12.16665273600006],[98.65821373800003,12.16665273600006],[98.66765384200005,12.177679755000042],[98.69581139400003,12.193101304000038],[98.70972741000003,12.204250393000052],[98.71371504000007,12.215765692000048],[98.71021569100003,12.228013414000088],[98.70329837300005,12.237779039000088],[98.69629967500003,12.241766669000071],[98.66293379000007,12.236802476000037],[98.64087975400008,12.224554755000042],[98.62142988400007,12.20897044500009],[98.59669030000003,12.19399648600006],[98.58855228000004,12.197699286000045],[98.57081139400003,12.203517971000053],[98.56324303500003,12.20766836100006],[98.54712975400008,12.223456122000073],[98.53907311300003,12.241766669000071],[98.54021243600005,12.260972398000092],[98.55201256600003,12.27960846600007],[98.56836998800003,12.29092031500005],[98.58765709700003,12.297064520000049],[98.67676842500003,12.315252997000073],[98.69776451900003,12.327948309000078],[98.70655358200003,12.34788646000004],[98.69996178500003,12.363959052000041],[98.68425540500004,12.373236395000049],[98.65137780000003,12.38572825700004],[98.62680097700007,12.409572658000059],[98.62086022200003,12.413723049000055],[98.60743248800003,12.41828034100007],[98.60515384200005,12.428941148000092],[98.61036217500003,12.450913804000038],[98.61133873800003,12.473049221000053],[98.61622155000003,12.485744533000059],[98.62842858200003,12.492132880000042],[98.65137780000003,12.495591539000088],[98.68921959700003,12.495591539000088],[98.70142662900008,12.498724677000041],[98.70875084700003,12.505560614000046],[98.70972741000003,12.512396552000041],[98.70313561300003,12.51552969000005],[98.69483483200003,12.51703522300005],[98.68148847700007,12.525580145000049],[98.67310631600003,12.529730536000045],[98.66195722700007,12.531317450000074],[98.65072675900007,12.530951239000046],[98.63998457100007,12.53188711100006],[98.63086998800003,12.537258205000057],[98.62305748800003,12.558172919000071],[98.63119550900007,12.579331773000092],[98.64437910200007,12.60065338700008],[98.65137780000003,12.622259833000044],[98.65463300900007,12.62571849200009],[98.66187584700003,12.625474351000037],[98.66944420700003,12.62445709800005],[98.67310631600003,12.625392971000053],[98.67221113400007,12.631740627000056],[98.66504967500003,12.646429755000042],[98.66765384200005,12.67479075700004],[98.67310631600003,12.687445380000042],[98.68034915500004,12.697007554000038],[98.68669681100005,12.702826239000046],[98.69117272200003,12.710435289000088],[98.69288170700003,12.725287177000041],[98.68930097700007,12.728094794000071],[98.66163170700003,12.721584377000056],[98.64844811300003,12.723334052000041],[98.64177493600005,12.728094794000071],[98.64087975400008,12.73468659100007],[98.64454186300003,12.742010809000078],[98.65235436300003,12.745428778000075],[98.66309655000003,12.74510325700004],[98.67302493600005,12.74681224200009],[98.67872155000003,12.756293036000045],[98.67017662900008,12.760931708000044],[98.62769616000003,12.756252346000053],[98.61784915500004,12.76626211100006],[98.61744225400008,12.777411200000074],[98.61898847700007,12.775091864000046],[98.62403405000003,12.776190497000073],[98.63453209700003,12.781195380000042],[98.64177493600005,12.782416083000044],[98.64698326900003,12.78579336100006],[98.65137780000003,12.797308661000045],[98.63428795700003,12.878607489000046],[98.62476647200003,12.88422272300005],[98.60124759200005,12.911037502000056],[98.58985436300003,12.919582424000055],[98.60010826900003,12.94163646000004],[98.60678144600007,12.95062897300005],[98.61402428500003,12.954291083000044],[98.61036217500003,12.95962148600006],[98.59669030000003,12.995917059000078],[98.58619225400008,13.016506252000056],[98.58383222700007,13.026597398000092],[98.58041425900007,13.065375067000048],[98.58204186300003,13.077053127000056],[98.58985436300003,13.084662177000041],[98.58334394600007,13.113959052000041],[98.57846113400007,13.186753648000092],[98.56592858200003,13.201361395000049],[98.55307050900007,13.20807526200008],[98.50049889400003,13.249172268000052],[98.49512780000003,13.28546784100007],[98.48991946700005,13.29783763200004],[98.47999108200003,13.283880927000041],[98.47527103000004,13.292914130000042],[98.47282962300005,13.302923895000049],[98.47242272200003,13.313625393000052],[98.47315514400003,13.324896552000041],[98.46045983200003,13.35578034100007],[98.46013431100005,13.369330145000049],[98.47315514400003,13.379461981000077],[98.47169030000003,13.386419989000046],[98.47120201900003,13.394191799000055],[98.47315514400003,13.413031317000048],[98.46420332100007,13.407700914000088],[98.45899498800003,13.399969794000071],[98.45281009200005,13.379461981000077],[98.45378665500004,13.39638906500005],[98.45093834700003,13.411363023000092],[98.44532311300003,13.424302476000037],[98.43913821700005,13.434759833000044],[98.43441816500007,13.43846263200004],[98.42823326900003,13.441799221000053],[98.42237389400003,13.446600653000075],[98.41863040500004,13.454575914000088],[98.41944420700003,13.462225653000075],[98.42920983200003,13.471177476000037],[98.43165123800003,13.47874583500004],[98.42644290500004,13.490057684000078],[98.40333092500003,13.52244700700004],[98.39405358200003,13.542792059000078],[98.38396243600005,13.551906643000052],[98.37061608200003,13.559515692000048],[98.35718834700003,13.563869533000059],[98.36109459700003,13.57615794500009],[98.35661868600005,13.584865627000056],[98.33611087300005,13.598578192000048],[98.33643639400003,13.619818427000041],[98.29883873800003,13.671047268000052],[98.28825931100005,13.69476959800005],[98.29566491000003,13.687974351000037],[98.30201256600003,13.700995184000078],[98.27670332100007,13.707180080000057],[98.25733483200003,13.706366278000075],[98.24480228000004,13.714056708000044],[98.24048912900008,13.746039130000042],[98.25196373800003,13.782538153000075],[98.25416100400008,13.797796942000048],[98.25196373800003,13.811672268000052],[98.24838300900007,13.82453034100007],[98.24781334700003,13.837591864000046],[98.25416100400008,13.85179271000004],[98.24805748800003,13.862779039000088],[98.23365319100003,13.917303778000075],[98.23365319100003,13.96165599200009],[98.23121178500003,13.972479559000078],[98.22779381600003,13.981268622000073],[98.22722415500004,13.988959052000041],[98.23365319100003,13.996486721000053],[98.23365319100003,14.002630927000041],[98.22242272200003,14.013088283000059],[98.20866946700005,14.02960846600007],[98.19703209700003,14.048163153000075],[98.19214928500003,14.06468333500004],[98.18580162900008,14.06468333500004],[98.18458092500003,14.052557684000078],[98.18002363400007,14.031642971000053],[98.17896569100003,14.019720770000049],[98.18213951900003,14.01430898600006],[98.19629967500003,13.997870184000078],[98.19947350400008,13.992743231000077],[98.19825280000003,13.964911200000074],[98.19336998800003,13.95180898600006],[98.18238366000003,13.93781159100007],[98.18018639400003,13.925034898000092],[98.19516035200007,13.88694896000004],[98.19947350400008,13.869208075000074],[98.19727623800003,13.85032786700009],[98.18799889400003,13.815130927000041],[98.17945397200003,13.73240794500009],[98.19353274800005,13.68626536700009],[98.19605553500003,13.668361721000053],[98.19336998800003,13.651556708000044],[98.18580162900008,13.632757880000042],[98.18238366000003,13.627101955000057],[98.17888431100005,13.622626044000071],[98.17530358200003,13.616603908000059],[98.17156009200005,13.606024481000077],[98.16895592500003,13.59398021000004],[98.16846764400003,13.58429596600007],[98.17156009200005,13.563869533000059],[98.18344160200007,13.551703192000048],[98.18685957100007,13.543850002000056],[98.17896569100003,13.53709544500009],[98.17107181100005,13.53782786700009],[98.16382897200003,13.543524481000077],[98.15105228000004,13.55760325700004],[98.14966881600003,13.550116278000075],[98.14584394600007,13.542914130000042],[98.14429772200003,13.53709544500009],[98.14210045700003,13.548081773000092],[98.14275149800005,13.561712958000044],[98.14136803500003,13.57322825700004],[98.13428795700003,13.57811107000009],[98.12973066500007,13.58234284100007],[98.13477623800003,13.591742255000042],[98.14372806100005,13.601263739000046],[98.15105228000004,13.606024481000077],[98.14698326900003,13.611151434000078],[98.14136803500003,13.621161200000074],[98.13746178500003,13.626532294000071],[98.15186608200003,13.630357164000088],[98.15845787900008,13.642320054000038],[98.15805097700007,13.65818919500009],[98.15105228000004,13.67373281500005],[98.16765384200005,13.673163153000075],[98.16879316500007,13.680812893000052],[98.16041100400008,13.690252997000073],[98.14763431100005,13.69476959800005],[98.12378991000003,13.693508205000057],[98.11638431100005,13.695054429000038],[98.10328209700003,13.700995184000078],[98.10670006600003,13.70701732000009],[98.11345462300005,13.722805080000057],[98.11695397200003,13.728949286000045],[98.09205162900008,13.73969147300005],[98.08277428500003,13.769964911000045],[98.08887780000003,13.795111395000049],[98.11011803500003,13.790350653000075],[98.10401451900003,13.83470286700009],[98.10328209700003,13.876369533000059],[98.10914147200003,13.89248281500005],[98.11085045700003,13.902167059000078],[98.10670006600003,13.906439520000049],[98.10124759200005,13.908026434000078],[98.09302819100003,13.912176825000074],[98.08545983200003,13.917914130000042],[98.08228600400008,13.92446523600006],[98.07927493600005,13.948065497000073],[98.06560306100005,13.98932526200008],[98.06169681100005,14.01007721600007],[98.06625410200007,14.032700914000088],[98.08838951900003,14.06346263200004],[98.09644616000003,14.07835521000004],[98.09742272200003,14.092189846000053],[98.10767662900008,14.11001211100006],[98.11011803500003,14.12303294500009],[98.10857181100005,14.132635809000078],[98.09644616000003,14.167792059000078],[98.11011803500003,14.167792059000078],[98.10645592500003,14.181219794000071],[98.10108483200003,14.191839911000045],[98.09522545700003,14.193793036000045],[98.08961022200003,14.181382554000038],[98.04175866000003,14.242865302000041],[98.01482181100005,14.299505927000041],[97.99350019600007,14.330511786000045],[97.98601321700005,14.35260651200008],[97.98129316500007,14.376450914000088],[97.97974694100003,14.397406317000048],[97.98259524800005,14.419256903000075],[97.99594160200007,14.449693101000037],[98.00025475400008,14.46873607000009],[97.99146569100003,14.46002838700008],[97.98422285200007,14.449652411000045],[97.97641035200007,14.443752346000053],[97.96607506600003,14.44830963700008],[97.96208743600005,14.45774974200009],[97.95183353000004,14.50291575700004],[97.92139733200003,14.55768463700008],[97.91358483200003,14.586737372000073],[97.92505944100003,14.612779039000088],[97.90007571700005,14.63031647300005],[97.88550866000003,14.655951239000046],[97.88550866000003,14.684068101000037],[97.90406334700003,14.70897044500009],[97.94312584700003,14.720200914000088],[97.96851647200003,14.696519273000092],[97.99244225400008,14.663723049000055],[98.02759850400008,14.64752838700008],[97.99244225400008,14.693101304000038],[97.98218834700003,14.715277411000045],[98.00025475400008,14.722072658000059],[97.98536217500003,14.728176174000055],[97.97103925900007,14.735907294000071],[97.96461022200003,14.74705638200004],[97.97291100400008,14.763617255000042],[97.96566816500007,14.76951732000009],[97.95883222700007,14.778509833000044],[97.95386803500003,14.78774648600006],[97.95183353000004,14.794338283000059],[97.94988040500004,14.798895575000074],[97.94532311300003,14.795314846000053],[97.93816165500004,14.784735419000071],[97.93995201900003,14.782416083000044],[97.94336998800003,14.776678778000075],[97.94605553500003,14.769680080000057],[97.94556725400008,14.763617255000042],[97.93116295700003,14.75218333500004],[97.91716556100005,14.758612372000073],[97.90674889400003,14.775946356000077],[97.90406334700003,14.797756252000056],[97.89722741000003,14.797756252000056],[97.89454186300003,14.779689846000053],[97.90219160200007,14.737697658000059],[97.89380944100003,14.72947825700004],[97.88835696700005,14.726955471000053],[97.88306725400008,14.721502997000073],[97.87549889400003,14.716742255000042],[97.86304772200003,14.71580638200004],[97.85621178500003,14.718491929000038],[97.85035241000003,14.72361888200004],[97.84595787900008,14.72992584800005],[97.843,14.73545426485706],[97.843,23.514],[114.149,23.514],[114.149,22.330225107017196],[114.13819420700008,22.336004950000074],[114.12435957100001,22.342230536000045],[114.12354576900009,22.337144273000035],[114.11337324300007,22.352687893000052],[114.11101321700005,22.36595286700009],[114.10482832100001,22.36985911700009],[114.09750410200002,22.363023179000038],[114.07911217500009,22.36595286700009]]],[[[105.92050214900007,19.376288153000075],[105.92416425900007,19.379909572000088],[105.92847741000003,19.38035716400009],[105.93213951900003,19.38235097900008],[105.93555748800003,19.381862697000088],[105.94035892000005,19.377305406000062],[105.94149824300007,19.37169017100007],[105.93921959700003,19.366156317000048],[105.93506920700003,19.360541083000044],[105.92904707100007,19.359076239000046],[105.92505944100003,19.363104559000078],[105.92099043100006,19.36904531500005],[105.92050214900007,19.376288153000075]]],[[[106.70256595100005,20.97654857000009],[106.70989017000005,20.97284577000005],[106.72698001400005,20.96865469000005],[106.73308353000004,20.972398179000038],[106.72811933700007,20.98065827000005],[106.72828209700003,20.987209377000056],[106.73308353000004,20.992987372000073],[106.73926842500003,20.996242580000057],[106.74447675900007,20.995143947000088],[106.75359134200005,20.98891836100006],[106.76278730600006,20.979071356000077],[106.76384524800005,20.972683010000083],[106.75896243600005,20.973130601000037],[106.75749759200005,20.97296784100007],[106.75953209700003,20.970770575000074],[106.76376386800007,20.96893952000005],[106.76531009200005,20.964056708000044],[106.76563561300003,20.95962148600006],[106.76465905000003,20.95270416900007],[106.76010175900007,20.947007554000038],[106.73853600400003,20.950344143000052],[106.72779381600003,20.95343659100007],[106.71338951900003,20.95254140800006],[106.70232181100005,20.95494212400007],[106.69328860800005,20.960679429000038],[106.68563886800007,20.97418854400007],[106.68685957100007,20.98187897300005],[106.69255618600005,20.985256252000056],[106.69882246200007,20.981634833000044],[106.70256595100005,20.97654857000009]]],[[[107.18775475400003,10.42064036700009],[107.18051191500007,10.415432033000059],[107.17310631600003,10.41111888200004],[107.16586347700007,10.391099351000037],[107.15674889400003,10.38548411700009],[107.13550866000003,10.378485419000071],[107.12159264400003,10.365912177000041],[107.10059655000003,10.335150458000044],[107.08716881600003,10.323187567000048],[107.07374108200003,10.372626044000071],[107.07935631600003,10.391017971000053],[107.11988366000003,10.401312567000048],[107.14966881600003,10.416571356000077],[107.15601647200003,10.42251211100006],[107.15674889400003,10.432847398000092],[107.15943444100003,10.44562409100007],[107.16423587300005,10.45734284100007],[107.17204837300005,10.464585679000038],[107.20264733200003,10.438055731000077],[107.21119225400003,10.425604559000078],[107.20557701900003,10.428168036000045],[107.20281009200005,10.428900458000044],[107.20069420700003,10.429877020000049],[107.19703209700003,10.43305084800005],[107.19019616000003,10.43305084800005],[107.18775475400003,10.42064036700009]]],[[[106.88314863400007,10.403021552000041],[106.87745201900003,10.41437409100007],[106.87427819100003,10.425604559000078],[106.87696373800003,10.443833726000037],[106.89234459700003,10.465277411000045],[106.89527428500003,10.480861721000053],[106.88795006600003,10.480861721000053],[106.88795006600003,10.466620184000078],[106.87940514400003,10.490057684000078],[106.88835696700005,10.50486888200004],[106.90674889400003,10.51430898600006],[106.92750084700003,10.521185614000046],[106.94809004000007,10.507025458000044],[106.94336998800003,10.476629950000074],[106.92204837300005,10.425604559000078],[106.92945397200003,10.425604559000078],[106.93628991000003,10.439276434000078],[106.95777428500003,10.425604559000078],[106.96892337300005,10.416408596000053],[106.97730553500003,10.405178127000056],[106.92847741000003,10.393500067000048],[106.90853925900007,10.384711005000042],[106.89527428500003,10.37099844000005],[106.88795006600003,10.37099844000005],[106.88795006600003,10.389227606000077],[106.88314863400007,10.403021552000041]]],[[[106.84864342500003,10.452541408000059],[106.85962975400003,10.431789455000057],[106.85889733200003,10.41307200700004],[106.84009850400003,10.405178127000056],[106.81641686300003,10.41469961100006],[106.79167728000004,10.437160549000055],[106.77068118600005,10.46430084800005],[106.75879967500003,10.48773834800005],[106.75513756600003,10.503607489000046],[106.75473066500007,10.515570380000042],[106.75879967500003,10.54295482000009],[106.75749759200005,10.543524481000077],[106.75513756600003,10.550523179000038],[106.75196373800003,10.566555080000057],[106.75538170700003,10.569647528000075],[106.77214603000004,10.57225169500009],[106.77857506600003,10.57648346600007],[106.78589928500003,10.601385809000078],[106.77881920700003,10.62445709800005],[106.75196373800003,10.665838934000078],[106.77475019600007,10.666083075000074],[106.78419030000003,10.662909247000073],[106.79314212300005,10.654445705000057],[106.80225670700003,10.63971588700008],[106.80811608200003,10.633612372000073],[106.83529707100007,10.62604401200008],[106.84782962300005,10.613836981000077],[106.85377037900003,10.59837474200009],[106.85377037900003,10.583929755000042],[106.84669030000003,10.577541408000059],[106.84205162900003,10.570746161000045],[106.84009850400003,10.559393622000073],[106.84245853000004,10.555080471000053],[106.85352623800003,10.539007880000042],[106.85743248800003,10.53546784100007],[106.86768639400003,10.528957424000055],[106.87183678500003,10.515204169000071],[106.86443118600005,10.50299713700008],[106.84009850400003,10.501369533000059],[106.84009850400003,10.494533596000053],[106.85596764400003,10.493801174000055],[106.86394290500004,10.48696523600006],[106.87427819100003,10.466620184000078],[106.87427819100003,10.46039459800005],[106.85808353000004,10.46430084800005],[106.84449303500003,10.469916083000044],[106.83228600400003,10.472398179000038],[106.81959069100003,10.466620184000078],[106.82520592500003,10.46385325700004],[106.82667076900003,10.463812567000048],[106.82813561300003,10.465236721000053],[106.83326256600003,10.466620184000078],[106.84864342500003,10.452541408000059]]],[[[106.85596764400003,10.571763414000088],[106.86524498800003,10.579779364000046],[106.86744225400003,10.58698151200008],[106.87126712300005,10.60765208500004],[106.86793053500003,10.617132880000042],[106.85377037900003,10.62490469000005],[106.85377037900003,10.631048895000049],[106.86475670700003,10.633978583000044],[106.87769616000003,10.635565497000073],[106.88795006600003,10.634466864000046],[106.88965905000003,10.62726471600007],[106.91285241000003,10.61204661700009],[106.91781660200007,10.60374583500004],[106.92221113400007,10.601263739000046],[106.92701256600003,10.599351304000038],[106.92945397200003,10.59756094000005],[106.93018639400003,10.59007396000004],[106.92741946700005,10.586127020000049],[106.92383873800003,10.583563544000071],[106.92204837300005,10.580226955000057],[106.92457116000003,10.569240627000056],[106.92888431100005,10.558335679000038],[106.92969811300003,10.54905833500004],[106.92204837300005,10.54295482000009],[106.91675866000003,10.546291408000059],[106.91098066500007,10.555975653000075],[106.90211022200003,10.57648346600007],[106.89527428500003,10.57648346600007],[106.89779707100007,10.564032294000071],[106.90699303500003,10.545721747000073],[106.90894616000003,10.532375393000052],[106.90308678500003,10.521877346000053],[106.88990319100003,10.525458075000074],[106.87574303500003,10.535101630000042],[106.86744225400003,10.54295482000009],[106.86597741000003,10.54596588700008],[106.85596764400003,10.561712958000044],[106.85377037900003,10.56281159100007],[106.85596764400003,10.571763414000088]]],[[[107.73194420700003,20.13389720300006],[107.73983808700007,20.138617255000042],[107.74561608200003,20.13971588700008],[107.74496504000007,20.13377513200004],[107.74227949300007,20.127468166000085],[107.73959394600007,20.12413157800006],[107.73576907600005,20.124375718000067],[107.73047936300003,20.126003322000088],[107.72754967500003,20.129014390000066],[107.73194420700003,20.13389720300006]]],[[[107.47112063900005,20.73769765800006],[107.47437584700003,20.73468659100007],[107.47388756600003,20.73004791900007],[107.46631920700003,20.720404364000046],[107.45264733200003,20.714463609000063],[107.46338951900003,20.726263739000046],[107.46338951900003,20.729437567000048],[107.46794681100005,20.732530015000066],[107.47112063900005,20.73769765800006]]],[[[107.13152103000004,20.75153229400007],[107.13510175900007,20.75543854400007],[107.13851972700007,20.761460679000038],[107.14405358200003,20.765651760000083],[107.14747155000003,20.762925523000035],[107.14584394600007,20.751898505000042],[107.14519290500004,20.745917059000078],[107.14633222700007,20.743109442000048],[107.14682050900007,20.740586656000062],[107.14226321700005,20.738226630000042],[107.13721764400003,20.73826732000009],[107.13249759200005,20.74323151200008],[107.12989342500003,20.74831777600008],[107.13152103000004,20.75153229400007]]],[[[107.49480228000004,20.77676015800006],[107.49114017000005,20.762722072000088],[107.48186282600005,20.755601304000038],[107.47584069100003,20.762111721000053],[107.48088626400005,20.76581452000005],[107.48235110800005,20.76943594000005],[107.49170983200003,20.77419668200008],[107.49480228000004,20.77676015800006]]],[[[107.11654707100007,20.804307359000063],[107.11882571700005,20.805568752000056],[107.12289472700007,20.80333079600007],[107.12549889400003,20.80101146000004],[107.12696373800003,20.80333079600007],[107.12899824300007,20.805080471000053],[107.13135826900003,20.802069403000075],[107.13152103000004,20.796576239000046],[107.13355553500003,20.795925197000088],[107.13770592500003,20.792303778000075],[107.13900800900007,20.78587474200009],[107.13827558700007,20.784084377000056],[107.13404381600003,20.782863674000055],[107.13379967500003,20.781602281000062],[107.13518313900005,20.779811916000085],[107.13233483200003,20.776556708000044],[107.13323001400005,20.77496979400007],[107.13379967500003,20.77252838700008],[107.12899824300007,20.76854075700004],[107.12639407600005,20.769191799000055],[107.11988366000003,20.783270575000074],[107.11874433700007,20.78807200700004],[107.11972089900007,20.79368724200009],[107.11906985800005,20.797715562000064],[107.11719811300003,20.80076732000009],[107.11654707100007,20.804307359000063]]],[[[107.40560957100007,20.80345286700009],[107.41081790500004,20.806016343000067],[107.41757246200007,20.796616929000038],[107.42090905000003,20.783636786000045],[107.41928144600007,20.77724844000005],[107.41675866000003,20.773138739000046],[107.41391035200007,20.76829661700009],[107.41195722700007,20.768500067000048],[107.40910892000005,20.77289459800005],[107.40577233200003,20.775132554000038],[107.40390058700007,20.77794017100007],[107.40194746200007,20.788885809000078],[107.40227298300005,20.796169338000084],[107.40560957100007,20.80345286700009]]],[[[107.06666100400003,20.792141018000052],[107.07349694100003,20.78742096600007],[107.07349694100003,20.780585028000075],[107.06031334700003,20.775946356000077],[107.05046634200005,20.775946356000077],[107.04175866000003,20.77993398600006],[107.03191165500004,20.78742096600007],[107.03687584700003,20.76626211100006],[107.06739342500003,20.749741929000038],[107.07349694100003,20.732163804000038],[107.06609134200005,20.732163804000038],[107.06609134200005,20.73895905200004],[107.05982506600003,20.73895905200004],[107.05502363400007,20.72166575700004],[107.04615319100003,20.704250393000052],[107.04615319100003,20.72597890800006],[107.03882897200003,20.723456122000073],[107.03589928500003,20.72166575700004],[107.03191165500004,20.718491929000038],[107.03191165500004,20.72597890800006],[107.02564537900003,20.718491929000038],[107.02125084700003,20.72361888200004],[107.01823978000004,20.72597890800006],[107.01823978000004,20.732163804000038],[107.03931725400003,20.732163804000038],[107.03931725400003,20.73895905200004],[107.03532962300005,20.74119700700004],[107.03443444100003,20.74217357000009],[107.03419030000003,20.743353583000044],[107.03191165500004,20.74640534100007],[107.02564537900003,20.74640534100007],[107.02564537900003,20.73895905200004],[107.01823978000004,20.73895905200004],[107.01482181100005,20.74359772300005],[107.00863691500007,20.748928127000056],[107.00513756600003,20.753241278000075],[106.99781334700003,20.753241278000075],[107.00228925900007,20.74249909100007],[107.00513756600003,20.73895905200004],[107.00513756600003,20.732163804000038],[106.98511803500003,20.745266018000052],[106.96241295700003,20.77496979400007],[106.94996178500003,20.78742096600007],[106.92107181100005,20.80459219000005],[106.90992272200003,20.81854889500005],[106.91285241000003,20.83690013200004],[106.93628991000003,20.844671942000048],[106.94312584700003,20.848863023000035],[106.94678795700003,20.855536200000074],[106.94654381600003,20.86286041900007],[106.94809004000007,20.870266018000052],[106.95736738400007,20.876776434000078],[106.94996178500003,20.86933014500005],[106.96363366000003,20.85610586100006],[106.99447675900007,20.85175202000005],[107.00513756600003,20.84202708500004],[107.01140384200005,20.84202708500004],[107.01246178500003,20.85879140800006],[107.02271569100003,20.862250067000048],[107.03598066500007,20.857367255000042],[107.04615319100003,20.848863023000035],[107.04615319100003,20.84202708500004],[107.04297936300003,20.831366278000075],[107.05494225400003,20.823919989000046],[107.07097415500004,20.82029857000009],[107.08033287900003,20.821519273000035],[107.08716881600003,20.821519273000035],[107.09099368600005,20.81476471600007],[107.09546959700003,20.809027411000045],[107.10084069100003,20.80426666900007],[107.10767662900003,20.800441799000055],[107.08676191500007,20.805121161000045],[107.08033287900003,20.807847398000035],[107.08033287900003,20.800441799000055],[107.08521569100003,20.79718659100007],[107.08814537900003,20.79441966400009],[107.09400475400003,20.78742096600007],[107.08220462300005,20.78937409100007],[107.07504316500007,20.796047268000052],[107.06609134200005,20.814113674000055],[107.06251061300003,20.805609442000048],[107.06283613400007,20.79828522300005],[107.06666100400003,20.792141018000052]]],[[[107.34213300900007,20.82843659100007],[107.34107506600003,20.842596747000073],[107.34498131600003,20.84251536700009],[107.35710696700005,20.829331773000035],[107.36963951900003,20.825913804000038],[107.38119550900007,20.818915106000077],[107.38445071700005,20.81281159100007],[107.38355553500003,20.799302476000037],[107.38021894600007,20.79755280200004],[107.37525475400003,20.803941148000035],[107.36890709700003,20.807196356000077],[107.36085045700003,20.805894273000035],[107.35027103000004,20.810939846000053],[107.34213300900007,20.82843659100007]]],[[[106.76238040500004,20.831813869000086],[106.76148522200003,20.84170156500005],[106.76612389400003,20.846055406000062],[106.78752688900005,20.823960679000038],[106.80046634200005,20.817246812000064],[106.80787194100003,20.817613023000035],[106.81242923300005,20.818508205000057],[106.81495201900003,20.814276434000078],[106.80705813900005,20.807969468000067],[106.79493248800003,20.806016343000067],[106.78671308700007,20.80731842700004],[106.78028405000003,20.81126536700009],[106.76579837300005,20.82497793200008],[106.76238040500004,20.831813869000086]]],[[[107.08765709700003,20.84520091400009],[107.09042402400007,20.846584377000056],[107.09253991000003,20.85020579600007],[107.09522545700003,20.853176174000055],[107.09815514400003,20.85533274900007],[107.10189863400007,20.85651276200008],[107.10344485800005,20.85301341400009],[107.10181725400003,20.848089911000045],[107.10222415500004,20.845322984000063],[107.10564212300005,20.84125397300005],[107.10783938900005,20.835882880000042],[107.11321048300005,20.830877997000073],[107.11264082100007,20.827012437000064],[107.10670006600003,20.827460028000075],[107.09766686300003,20.838039455000057],[107.09335371200007,20.836045640000066],[107.09017988400007,20.835720119000086],[107.08700605600006,20.838324286000045],[107.08578535200007,20.84247467700004],[107.08765709700003,20.84520091400009]]],[[[107.27483157600005,20.836493231000077],[107.27792402400007,20.837225653000075],[107.27824954500005,20.83982982000009],[107.27987714900007,20.841579494000086],[107.27556399800005,20.83942291900007],[107.27116946700005,20.83942291900007],[107.27198326900003,20.841864325000074],[107.27865644600007,20.843410549000055],[107.28516686300003,20.846543687000064],[107.28256269600007,20.850449937000064],[107.28671308700007,20.85533274900007],[107.28988691500007,20.854681708000044],[107.28948001400005,20.85252513200004],[107.28988691500007,20.847764390000066],[107.29411868600005,20.846218166000085],[107.29940839900007,20.84406159100007],[107.29444420700003,20.83893463700008],[107.28760826900003,20.839097398000035],[107.28589928500003,20.83547597900008],[107.27833092500003,20.833726304000038],[107.27336673300005,20.831651109000063],[107.27230879000007,20.832586981000077],[107.27483157600005,20.836493231000077]]],[[[106.88778730600006,20.85447825700004],[106.88591556100005,20.85655345300006],[106.88900800900007,20.858710028000075],[106.88917076900003,20.86151764500005],[106.88908938900005,20.86513906500005],[106.89315839900007,20.863389390000066],[106.89258873800003,20.86595286700009],[106.89177493600005,20.873114325000074],[106.90040123800003,20.86432526200008],[106.90129642000005,20.854071356000077],[106.90276126400005,20.847479559000078],[106.89706464900007,20.847764390000066],[106.89584394600007,20.84601471600007],[106.89795983200003,20.840643622000073],[106.89706464900007,20.840318101000037],[106.88152103000004,20.84715403900009],[106.88135826900003,20.85293203300006],[106.88803144600007,20.853135484000063],[106.88778730600006,20.85447825700004]]],[[[106.81959069100003,20.876776434000078],[106.81421959700003,20.868109442000048],[106.81267337300005,20.859320380000042],[106.81462649800005,20.850531317000048],[106.81959069100003,20.84202708500004],[106.81218509200005,20.84202708500004],[106.79932701900003,20.849676825000074],[106.78386478000004,20.852362372000073],[106.77068118600005,20.858587958000044],[106.76563561300003,20.876776434000078],[106.77361087300005,20.90497467700004],[106.78541100400003,20.930812893000052],[106.82455488400007,20.915187893000052],[106.83594811300003,20.902411200000074],[106.84009850400003,20.87986888200004],[106.84555097700007,20.866034247000073],[106.88160241000003,20.821519273000035],[106.88648522200003,20.796128648000035],[106.87354576900003,20.789536851000037],[106.85621178500003,20.79287344000005],[106.84750410200007,20.797308661000045],[106.84253991000003,20.813625393000052],[106.82252037900003,20.85350169500009],[106.81959069100003,20.876776434000078]]],[[[106.73129316500007,20.86660390800006],[106.72771243600005,20.86904531500005],[106.72771243600005,20.872788804000038],[106.72518964900007,20.872666734000063],[106.72551517000005,20.874782619000086],[106.72828209700003,20.87681712400007],[106.73292076900003,20.881781317000048],[106.74114017000005,20.875148830000057],[106.74699954500005,20.87400950700004],[106.75326582100007,20.87128327000005],[106.76140384200005,20.857489325000074],[106.76596113400007,20.847764390000066],[106.76498457100007,20.847764390000066],[106.75383548300005,20.850856838000084],[106.74887129000007,20.859035549000055],[106.74903405000003,20.862331447000088],[106.74773196700005,20.86151764500005],[106.74236087300005,20.86163971600007],[106.73707116000003,20.86326732000009],[106.73471113400007,20.865749416000085],[106.73129316500007,20.86660390800006]]],[[[107.37452233200003,20.859320380000042],[107.36768639400003,20.85838450700004],[107.36109459700003,20.85968659100007],[107.35417728000004,20.86473216400009],[107.34351647200003,20.877346096000053],[107.34058678500003,20.875392971000053],[107.33545983200003,20.87693919500009],[107.33253014400003,20.883286851000037],[107.33383222700007,20.88825104400007],[107.33920332100007,20.890366929000038],[107.34603925900007,20.88816966400009],[107.35132897200003,20.885931708000044],[107.35547936300003,20.887111721000053],[107.36597741000003,20.888413804000038],[107.38217207100007,20.887884833000044],[107.39234459700003,20.88467031500005],[107.39519290500004,20.878566799000055],[107.39275149800005,20.87457916900007],[107.38990319100003,20.87177155200004],[107.38990319100003,20.869533596000053],[107.38998457100007,20.86741771000004],[107.38786868600005,20.864976304000038],[107.37452233200003,20.859320380000042]]],[[[107.19988040500004,20.882595119000086],[107.21005293100006,20.87571849200009],[107.21208743600005,20.871608791000085],[107.21005293100006,20.86513906500005],[107.20769290500004,20.86509837400007],[107.20590254000007,20.86855703300006],[107.20297285200007,20.87067291900007],[107.20036868600005,20.87095774900007],[107.18881269600007,20.879706122000073],[107.19068444100003,20.882188218000067],[107.19548587300005,20.884059963000084],[107.19988040500004,20.882595119000086]]],[[[107.30290774800005,20.90037669500009],[107.31430097700007,20.889512437000064],[107.32439212300005,20.870306708000044],[107.31592858200003,20.877427476000037],[107.30876712300005,20.883937893000052],[107.30038496200007,20.89520905200004],[107.29371178500003,20.90501536700009],[107.29574629000007,20.906724351000037],[107.30290774800005,20.90037669500009]]],[[[107.49170983200003,20.84202708500004],[107.48462975400003,20.82172272300005],[107.47722415500004,20.814520575000074],[107.46387780000003,20.814113674000055],[107.48023522200003,20.84951406500005],[107.48194420700003,20.865383205000057],[107.47071373800003,20.876776434000078],[107.47071373800003,20.88300202000005],[107.49146569100003,20.88377513200004],[107.50562584700003,20.88739655200004],[107.51612389400003,20.895656643000052],[107.52540123800003,20.910305080000057],[107.54957116000003,20.95612213700008],[107.55323326900003,20.972357489000046],[107.55640709700003,20.969183661000045],[107.55795332100007,20.966050523000035],[107.55941816500007,20.958726304000038],[107.55347741000003,20.935939846000053],[107.54517662900003,20.919134833000044],[107.49781334700003,20.853176174000055],[107.49170983200003,20.84202708500004]]],[[[107.31959069100003,20.903469143000052],[107.32309004000007,20.89207591400009],[107.32634524800005,20.88084544500009],[107.32431074300007,20.882066148000035],[107.31478925900007,20.892523505000042],[107.31137129000007,20.90538157800006],[107.30974368600005,20.905218817000048],[107.31185957100007,20.90884023600006],[107.31527754000007,20.911363023000035],[107.31959069100003,20.903469143000052]]],[[[106.98544355600006,20.92096588700008],[106.98202558700007,20.92291901200008],[106.97722415500004,20.931382554000038],[106.99105879000007,20.93691640800006],[106.99724368600005,20.93691640800006],[106.99724368600005,20.92922597900008],[106.99472089900007,20.923773505000042],[106.99227949300007,20.917588609000063],[106.99105879000007,20.91697825700004],[106.98975670700003,20.917914130000042],[106.98544355600006,20.92096588700008]]],[[[107.45427493600005,20.96002838700008],[107.44475345100005,20.94131094000005],[107.43336022200003,20.928249416000085],[107.42872155000003,20.925441799000055],[107.42042076900003,20.91742584800005],[107.38184655000003,20.90310293200008],[107.35328209700003,20.90143463700008],[107.35075931100005,20.904730536000045],[107.37322024800005,20.909125067000048],[107.40609785200007,20.918117580000057],[107.41391035200007,20.922390041000085],[107.42058353000004,20.931992906000062],[107.42335045700003,20.94236888200004],[107.42595462300005,20.94594961100006],[107.43279056100005,20.95030345300006],[107.43930097700007,20.95762767100007],[107.44809004000007,20.964138088000084],[107.45427493600005,20.96002838700008]]],[[[106.93685957100007,20.952053127000056],[106.95508873800003,20.939235744000086],[106.94865970100005,20.93191152600008],[106.93222089900007,20.93903229400007],[106.93685957100007,20.952053127000056]]],[[[107.34791100400003,20.93431224200009],[107.35149173300005,20.940008856000077],[107.35596764400003,20.941799221000053],[107.36451256600003,20.943060614000046],[107.37631269600007,20.955633856000077],[107.38013756600003,20.956284898000035],[107.38078860800005,20.95270416900007],[107.38266035200007,20.95335521000004],[107.38469485800005,20.958807684000078],[107.38786868600005,20.961045640000066],[107.39031009200005,20.959377346000053],[107.39006595100005,20.95652903900009],[107.38705488400007,20.947699286000045],[107.36679121200007,20.929307359000063],[107.35474694100003,20.92479075700004],[107.34961998800003,20.924343166000085],[107.32658938900005,20.92910390800006],[107.31804446700005,20.934393622000073],[107.31609134200005,20.939927476000037],[107.32601972700007,20.94041575700004],[107.33415774800005,20.943019924000055],[107.33944746200007,20.943467515000066],[107.34701582100007,20.935980536000045],[107.34791100400003,20.93431224200009]]],[[[107.03703860800005,20.974554755000042],[107.03866621200007,20.976507880000042],[107.04379316500007,20.978257554000038],[107.05119876400005,20.976589260000083],[107.05819746200007,20.966050523000035],[107.06161543100006,20.961859442000048],[107.06218509200005,20.95811595300006],[107.05274498800003,20.952500718000067],[107.03834069100003,20.94753652600008],[107.02995853000004,20.948065497000073],[107.02287845100005,20.950425523000035],[107.01937910200007,20.95420970300006],[107.03126061300003,20.974351304000038],[107.03703860800005,20.974554755000042]]],[[[107.49756920700003,20.91632721600007],[107.48145592500003,20.912543036000045],[107.45704186300003,20.910305080000057],[107.41211998800003,20.89948151200008],[107.39503014400003,20.897284247000073],[107.39503014400003,20.903509833000044],[107.42432701900003,20.915350653000075],[107.45118248800003,20.92999909100007],[107.47429446700005,20.94672272300005],[107.49170983200003,20.964911200000074],[107.48902428500003,20.97606028900009],[107.49244225400003,20.991441148000035],[107.50473066500007,21.02016836100006],[107.50904381600003,21.017401434000078],[107.51978600400003,21.013373114000046],[107.52263431100005,21.022284247000073],[107.53272545700003,21.04059479400007],[107.53272545700003,21.02016836100006],[107.54639733200003,21.034898179000038],[107.55225670700003,21.038234768000052],[107.55836022200003,21.03473541900007],[107.55453535200007,21.021551825000074],[107.53907311300003,20.986029364000046],[107.52881920700003,20.950913804000038],[107.52222741000003,20.936428127000056],[107.51172936300003,20.923976955000057],[107.49756920700003,20.91632721600007]]],[[[107.57007897200003,20.989935614000046],[107.57146243600005,20.996161200000074],[107.56885826900003,21.00495026200008],[107.56690514400003,21.016750393000052],[107.57007897200003,21.026678778000075],[107.58415774800005,21.03969961100006],[107.58741295700003,21.050930080000057],[107.58904056100005,21.07330963700008],[107.59107506600003,21.081773179000038],[107.59424889400003,21.089056708000044],[107.59791100400003,21.09398021000004],[107.62126712300005,21.116034247000073],[107.62826582100007,21.12018463700008],[107.63209069100003,21.118841864000046],[107.63184655000003,21.11196523600006],[107.59595787900003,21.039129950000074],[107.58961022200003,21.00812409100007],[107.57960045700003,20.98314036700009],[107.55941816500007,20.986029364000046],[107.57007897200003,20.989935614000046]]],[[[107.53337649800005,21.06972890800006],[107.53370201900003,21.06659577000005],[107.53500410200007,21.066107489000046],[107.53777103000004,21.06854889500005],[107.53874759200005,21.071641343000067],[107.53060957100007,21.07684967700004],[107.53020267000005,21.081000067000048],[107.53215579500005,21.083644924000055],[107.53711998800003,21.08779531500005],[107.53793379000007,21.09080638200004],[107.54086347700007,21.095404364000046],[107.54607181100005,21.09983958500004],[107.55315188900005,21.113755601000037],[107.55770918100006,21.11546458500004],[107.56120853000004,21.113755601000037],[107.56356855600006,21.111802476000037],[107.56731204500005,21.11192454600007],[107.57642662900003,21.11737702000005],[107.58179772200003,21.117580471000053],[107.58228600400003,21.110581773000035],[107.58114668100006,21.10232168200008],[107.57268313900005,21.084133205000057],[107.56641686300003,21.082424221000053],[107.56242923300005,21.07949453300006],[107.56161543100006,21.073065497000073],[107.55111738400007,21.068101304000038],[107.53589928500003,21.05691152600008],[107.53475996200007,21.052110093000067],[107.51799563900005,21.04523346600007],[107.51327558700007,21.043768622000073],[107.50725345100005,21.039089260000083],[107.50025475400003,21.037583726000037],[107.49691816500007,21.03904857000009],[107.50611412900003,21.048488674000055],[107.51465905000003,21.05296458500004],[107.52182050900007,21.058986721000053],[107.53020267000005,21.070705471000053],[107.53337649800005,21.06972890800006]]],[[[107.56706790500004,21.13495514500005],[107.57129967500003,21.13467031500005],[107.57699629000007,21.135768947000088],[107.58350670700003,21.13747793200008],[107.58171634200005,21.129299221000053],[107.56592858200003,21.116848049000055],[107.56348717500003,21.117621161000045],[107.55917402400007,21.12291087400007],[107.56031334700003,21.127427476000037],[107.56348717500003,21.131659247000073],[107.56706790500004,21.13495514500005]]],[[[107.52418053500003,21.159979559000078],[107.50416100400003,21.13971588700008],[107.47071373800003,21.09589264500005],[107.45964603000004,21.090236721000053],[107.43531334700003,21.08144765800006],[107.42286217500003,21.074774481000077],[107.38868248800003,21.04751211100006],[107.37289472700007,21.05955638200004],[107.37964928500003,21.08193594000005],[107.39429772200003,21.10683828300006],[107.40251712300005,21.126613674000055],[107.40447024800005,21.13812897300005],[107.41342207100007,21.16632721600007],[107.41830488400007,21.19668203300006],[107.42505944100003,21.19676341400009],[107.43238366000003,21.18854401200008],[107.43531334700003,21.189276434000078],[107.43637129000007,21.197739976000037],[107.44117272200003,21.203273830000057],[107.45020592500003,21.205145575000074],[107.44581139400003,21.212062893000052],[107.44483483200003,21.227484442000048],[107.44654381600003,21.253159898000035],[107.44906660200007,21.265326239000046],[107.45167076900003,21.27147044500009],[107.45533287900003,21.27570221600007],[107.45915774800005,21.27724844000005],[107.46306399800005,21.277411200000074],[107.46713300900007,21.276516018000052],[107.47136478000004,21.27448151200008],[107.48161868600005,21.266791083000044],[107.50473066500007,21.23924388200004],[107.51140384200005,21.234808661000045],[107.51807701900003,21.233587958000044],[107.52320397200003,21.230861721000053],[107.52540123800003,21.22215403900009],[107.52564537900003,21.214016018000052],[107.52662194100003,21.20799388200004],[107.52898196700005,21.20331452000005],[107.53272545700003,21.198919989000046],[107.53907311300003,21.198919989000046],[107.54590905000003,21.20270416900007],[107.58057701900003,21.21198151200008],[107.60320071700005,21.219305731000077],[107.60621178500003,21.21743398600006],[107.60157311300003,21.205145575000074],[107.59034264400003,21.193060614000046],[107.55738366000003,21.17177969000005],[107.54712975400003,21.156724351000037],[107.53907311300003,21.156724351000037],[107.52418053500003,21.159979559000078]]],[[[107.67945397200003,21.21092357000009],[107.68018639400003,21.207139390000066],[107.66382897200003,21.14520905200004],[107.65829511800007,21.13943105700008],[107.65756269600007,21.148057359000063],[107.66976972700007,21.19749583500004],[107.67408287900003,21.206000067000048],[107.67945397200003,21.21092357000009]]],[[[107.63949629000007,21.25259023600006],[107.63851972700007,21.249172268000052],[107.61524498800003,21.232977606000077],[107.61117597700007,21.232977606000077],[107.59945722700007,21.23777903900009],[107.60393313900005,21.24245840100008],[107.63803144600007,21.258612372000073],[107.63860110800005,21.255804755000042],[107.63949629000007,21.25259023600006]]],[[[107.56682376400005,21.255153713000084],[107.56104576900003,21.25218333500004],[107.55534915500004,21.25735097900008],[107.54802493600005,21.25645579600007],[107.54208418100006,21.259019273000035],[107.54411868600005,21.26561107000009],[107.55746504000007,21.27220286700009],[107.57276451900003,21.273179429000038],[107.58334394600007,21.26788971600007],[107.58790123800003,21.261501369000086],[107.58489017000005,21.25857168200008],[107.57960045700003,21.256415106000077],[107.56682376400005,21.255153713000084]]],[[[107.55388431100005,21.275539455000057],[107.54672285200007,21.271429755000042],[107.53988691500007,21.266546942000048],[107.53239993600005,21.26398346600007],[107.52523847700007,21.274725653000075],[107.53052819100003,21.281317450000074],[107.53313235800005,21.28538646000004],[107.53964277400007,21.28384023600006],[107.54639733200003,21.281317450000074],[107.54965254000007,21.281032619000086],[107.55705813900005,21.28156159100007],[107.55388431100005,21.275539455000057]]],[[[107.66024824300007,21.266831773000035],[107.65984134200005,21.26821523600006],[107.67644290500004,21.287502346000053],[107.69475345100005,21.296901760000083],[107.70053144600007,21.29673899900007],[107.69988040500004,21.29177480700008],[107.66024824300007,21.266831773000035]]],[[[108.94255618600005,10.551947333000044],[108.95899498800003,10.537543036000045],[108.96615644600007,10.517645575000074],[108.96078535200007,10.502875067000048],[108.94019616000003,10.50421784100007],[108.93018639400003,10.514553127000056],[108.92595462300005,10.530218817000048],[108.92945397200003,10.54482656500005],[108.94255618600005,10.551947333000044]]],[[[109.31657962300005,12.19749583500004],[109.30909264400003,12.197739976000037],[109.30046634200005,12.19399648600006],[109.30339603000004,12.191880601000037],[109.30469811300003,12.19204336100006],[109.30567467500003,12.19139232000009],[109.30738366000003,12.187160549000055],[109.28760826900003,12.188950914000088],[109.26929772200003,12.19867584800005],[109.25456790500004,12.211127020000049],[109.24529056100005,12.221258856000077],[109.24529056100005,12.228094794000071],[109.25196373800003,12.22601959800005],[109.26636803500003,12.223537502000056],[109.27320397200003,12.221258856000077],[109.27279707100007,12.224798895000049],[109.27320397200003,12.235541083000044],[109.29151451900003,12.228338934000078],[109.32837975400003,12.221258856000077],[109.33627363400007,12.217962958000044],[109.34213300900007,12.21320221600007],[109.34620201900003,12.207424221000053],[109.34888756600003,12.200832424000055],[109.34441165500004,12.196966864000046],[109.33350670700003,12.189601955000057],[109.32837975400003,12.187160549000055],[109.32300866000003,12.193752346000053],[109.31657962300005,12.19749583500004]]],[[[109.31202233200003,12.61432526200008],[109.32032311300003,12.62799713700008],[109.34620201900003,12.631048895000049],[109.36890709700003,12.627752997000073],[109.38314863400007,12.623724677000041],[109.39039147200003,12.61351146000004],[109.39340254000007,12.60187409100007],[109.40113366000003,12.58274974200009],[109.40503991000003,12.570786851000037],[109.40023847700007,12.557928778000075],[109.38396243600005,12.563055731000077],[109.34742272200003,12.58820221600007],[109.34156334700003,12.59634023600006],[109.33545983200003,12.603257554000038],[109.32325280000003,12.606390692000048],[109.31202233200003,12.61432526200008]]],[[[109.36296634200005,13.60643138200004],[109.35840905000003,13.609849351000037],[109.35466556100005,13.609442450000074],[109.35173587300005,13.610988674000055],[109.34587649800005,13.621608791000085],[109.34343509200005,13.63226959800005],[109.34921308700007,13.630682684000078],[109.35800214900007,13.619696356000077],[109.36247806100005,13.616522528000075],[109.36508222700007,13.60850657800006],[109.36296634200005,13.60643138200004]]],[[[109.09799238400007,15.38385651200008],[109.10482832100007,15.389919338000084],[109.11679121200007,15.390733140000066],[109.12981204500005,15.390204169000071],[109.14047285200007,15.385687567000048],[109.14421634200005,15.37889232000009],[109.13941491000003,15.375392971000053],[109.13070722700007,15.371608791000085],[109.11882571700005,15.370672919000071],[109.10515384200005,15.37445709800005],[109.09734134200005,15.379461981000077],[109.09799238400007,15.38385651200008]]],[[[111.19654381600003,15.77537669500009],[111.19410241000003,15.77610911700009],[111.19288170700003,15.778225002000056],[111.19629967500003,15.785711981000077],[111.19939212300005,15.789211330000057],[111.20753014400003,15.78929271000004],[111.20850670700003,15.786281643000052],[111.20753014400003,15.782171942000048],[111.20460045700003,15.779242255000042],[111.19654381600003,15.77537669500009]]],[[[108.51124108200003,15.950873114000046],[108.50586998800003,15.95571523600006],[108.49895267000005,15.95616282800006],[108.49236087300005,15.958766994000086],[108.48821048300005,15.96393463700008],[108.49024498800003,15.966945705000057],[108.50147545700003,15.97492096600007],[108.50847415500004,15.975816148000092],[108.53874759200005,15.953517971000053],[108.54167728000004,15.943874416000085],[108.54167728000004,15.925279039000088],[108.54045657600005,15.92055898600006],[108.53679446700005,15.921983140000066],[108.53117923300005,15.929795640000066],[108.51278730600006,15.94249095300006],[108.51164798300005,15.944973049000055],[108.51124108200003,15.950873114000046]]],[[[111.76587975400003,16.045314846000053],[111.76335696700005,16.043443101000037],[111.75310306100005,16.044663804000038],[111.75342858200003,16.047430731000077],[111.76140384200005,16.048651434000078],[111.76587975400003,16.045314846000053]]],[[[111.50814863400007,16.44204336100006],[111.50692793100006,16.44354889500005],[111.51002037900003,16.44472890800006],[111.50814863400007,16.44204336100006]]],[[[111.71371504000007,16.44944896000004],[111.71225019600007,16.447414455000057],[111.71094811300003,16.450344143000052],[111.71371504000007,16.44944896000004]]],[[[111.70281009200005,16.450913804000038],[111.70142662900003,16.45388418200008],[111.70419355600006,16.452948309000078],[111.70281009200005,16.450913804000038]]],[[[111.74284915500004,16.457139390000066],[111.74154707100007,16.46006907800006],[111.74431399800005,16.459133205000057],[111.74284915500004,16.457139390000066]]],[[[111.60629316500007,16.524237372000073],[111.60279381600003,16.524644273000092],[111.60010826900003,16.527289130000042],[111.59986412900003,16.527492580000057],[111.60084069100003,16.53196849200009],[111.60287519600007,16.533351955000057],[111.60572350400003,16.53351471600007],[111.60816491000003,16.531805731000077],[111.60962975400003,16.528265692000048],[111.60889733200003,16.52724844000005],[111.60629316500007,16.524237372000073]]],[[[111.65951582100007,16.54360586100006],[111.65821373800003,16.546535549000055],[111.66098066500007,16.54559967700004],[111.65951582100007,16.54360586100006]]],[[[111.71395918100006,16.54368724200009],[111.71257571700005,16.546616929000038],[111.71534264400003,16.545721747000073],[111.71395918100006,16.54368724200009]]],[[[111.67489668100006,16.571966864000046],[111.67343183700007,16.569932359000063],[111.67204837300005,16.57290273600006],[111.67489668100006,16.571966864000046]]],[[[111.70394941500007,16.573187567000048],[111.70281009200005,16.575100002000056],[111.70590254000007,16.57518138200004],[111.70394941500007,16.573187567000048]]],[[[111.68026777400007,16.578151760000083],[111.67888431100005,16.58112213700008],[111.68165123800003,16.580186265000066],[111.68026777400007,16.578151760000083]]],[[[112.32715905000009,16.829738674000055],[112.32593834700003,16.833238023000092],[112.32789147200003,16.837103583000044],[112.33057701900009,16.837632554000038],[112.33545983200008,16.832586981000077],[112.33725019600001,16.82843659100007],[112.33318118600005,16.825018622000073],[112.32715905000009,16.829738674000055]]],[[[112.33668053500003,16.932114976000037],[112.33708743600005,16.932033596000053],[112.33757571700005,16.931341864000046],[112.34107506600003,16.926988023000092],[112.34050540500004,16.923570054000038],[112.33545983200008,16.92381419500009],[112.33366946700005,16.92641836100006],[112.33366946700005,16.933254299000055],[112.33668053500003,16.932114976000037]]],[[[112.32691491000003,16.94236888200004],[112.32422936300009,16.94171784100007],[112.32504316500001,16.94432200700004],[112.32691491000003,16.94236888200004]]],[[[112.31609134200005,16.95254140800006],[112.31430097700002,16.951686916000085],[112.31421959700003,16.95384349200009],[112.31609134200005,16.95254140800006]]],[[[112.20020592500009,16.974269924000055],[112.19703209700003,16.972357489000046],[112.19874108200008,16.97565338700008],[112.20020592500009,16.974269924000055]]],[[[110.88770592500003,19.550604559000078],[110.87647545700003,19.53978099200009],[110.85865319100003,19.534816799000055],[110.84278405000003,19.539943752000056],[110.82984459700003,19.552069403000075],[110.82178795700003,19.56777578300006],[110.81853274800005,19.591050523000035],[110.82569420700003,19.603257554000038],[110.84115644600007,19.607977606000077],[110.86264082100007,19.608710028000075],[110.84766686300003,19.62246328300006],[110.82642662900003,19.62177155200004],[110.80632571700005,19.61273834800005],[110.79444420700003,19.601263739000046],[110.80355879000007,19.589178778000075],[110.81299889400003,19.563381252000056],[110.82178795700003,19.55410390800006],[110.80738366000003,19.530585028000075],[110.80250084700003,19.517401434000078],[110.80062910200007,19.495428778000075],[110.79623457100007,19.48460521000004],[110.78549238400007,19.471909898000035],[110.77230879000007,19.46165599200009],[110.76026451900003,19.457912502000056],[110.76026451900003,19.451646226000037],[110.76449629000007,19.44082265800006],[110.75757897200003,19.430894273000035],[110.74512780000003,19.422674872000073],[110.73243248800003,19.416937567000048],[110.72437584700003,19.415961005000042],[110.70622806100005,19.41828034100007],[110.69825280000003,19.416937567000048],[110.69499759200005,19.411810614000046],[110.68580162900003,19.393052476000037],[110.68148847700007,19.38898346600007],[110.66968834700003,19.381740627000056],[110.67066491000003,19.365057684000078],[110.67603600400003,19.34674713700008],[110.67790774800005,19.334377346000053],[110.66602623800003,19.31976959800005],[110.64136803500003,19.312445380000042],[110.63672936300003,19.296535549000055],[110.63266035200007,19.264471747000073],[110.62159264400003,19.23065827000005],[110.60629316500007,19.19985586100006],[110.58904056100005,19.176703192000048],[110.58033287900003,19.155178127000056],[110.57585696700005,19.157049872000073],[110.56861412900003,19.16307200700004],[110.54908287900003,19.15176015800006],[110.54444420700003,19.150051174000055],[110.51010175900007,19.150051174000055],[110.50220787900003,19.153143622000073],[110.49691816500007,19.159898179000038],[110.49048912900003,19.166571356000077],[110.47917728000004,19.169256903000075],[110.47917728000004,19.16307200700004],[110.48975670700003,19.15298086100006],[110.49756920700003,19.141546942000048],[110.50733483200003,19.13222890800006],[110.52418053500003,19.12832265800006],[110.53565514400003,19.13222890800006],[110.54151451900003,19.138617255000042],[110.54623457100007,19.139878648000035],[110.55494225400003,19.12832265800006],[110.55681399800005,19.120021877000056],[110.55494225400003,19.08734772300005],[110.56234785200007,19.102362372000073],[110.57545006600003,19.150051174000055],[110.58228600400003,19.150051174000055],[110.56999759200005,19.100897528000075],[110.56723066500007,19.065578518000052],[110.56324303500003,19.05565013200004],[110.54753665500004,19.040187893000052],[110.53077233200003,19.018377997000073],[110.51807701900003,18.993475653000075],[110.50993899800005,18.96434153900009],[110.50709069100003,18.93032461100006],[110.50806725400003,18.92218659100007],[110.51238040500004,18.91351959800005],[110.51335696700005,18.906398830000057],[110.50912519600007,18.897772528000075],[110.50001061300003,18.895738023000035],[110.49089603000004,18.895656643000052],[110.48658287900003,18.89248281500005],[110.48389733200003,18.887193101000037],[110.47771243600005,18.885239976000037],[110.47046959700003,18.88426341400009],[110.46558678500003,18.88190338700008],[110.46314537900003,18.875148830000057],[110.46127363400007,18.856024481000077],[110.45875084700003,18.84833405200004],[110.45435631600003,18.84446849200009],[110.44109134200005,18.836493231000077],[110.43458092500003,18.83038971600007],[110.43148847700007,18.821478583000044],[110.43580162900003,18.814154364000046],[110.44190514400003,18.808254299000055],[110.44507897200003,18.803656317000048],[110.45093834700003,18.80499909100007],[110.46501712300005,18.804510809000078],[110.48080488400007,18.80097077000005],[110.49284915500004,18.793117580000057],[110.50082441500007,18.80292389500005],[110.50245201900003,18.81122467700004],[110.49968509200005,18.837551174000055],[110.49341881600003,18.862616278000075],[110.49366295700003,18.87604401200008],[110.50342858200003,18.88190338700008],[110.51002037900003,18.86859772300005],[110.53443444100003,18.785630601000037],[110.51905358200003,18.78310781500005],[110.50717207100007,18.78351471600007],[110.49854576900003,18.781642971000053],[110.49284915500004,18.772040106000077],[110.48658287900003,18.772040106000077],[110.46900475400003,18.777167059000078],[110.45036868600005,18.75653717700004],[110.42457116000003,18.70376211100006],[110.43100019600007,18.69245026200008],[110.42676842500003,18.680894273000035],[110.41602623800003,18.67055898600006],[110.40349368600005,18.66278717700004],[110.38868248800003,18.675034898000092],[110.34449303500003,18.664618231000077],[110.33521569100003,18.67332591400009],[110.34538821700005,18.680853583000044],[110.36866295700003,18.685939846000053],[110.41089928500003,18.69013092700004],[110.41089928500003,18.69749583500004],[110.40349368600005,18.70376211100006],[110.39722741000003,18.70376211100006],[110.38013756600003,18.69049713700008],[110.32732181100005,18.679348049000055],[110.30787194100003,18.66278717700004],[110.30103600400003,18.66278717700004],[110.27084394600007,18.66815827000005],[110.22722415500004,18.64215729400007],[110.15699303500003,18.58079661700009],[110.12110436300003,18.555812893000052],[110.10328209700003,18.53937409100007],[110.08814537900003,18.504339911000045],[110.07064863400007,18.502020575000074],[110.03419030000003,18.51194896000004],[110.03419030000003,18.50576406500005],[110.04615319100003,18.495917059000078],[110.07406660200007,18.489081122000073],[110.08253014400003,18.477769273000092],[110.08130944100003,18.464544989000046],[110.06983483200003,18.426988023000092],[110.06820722700007,18.40892161700009],[110.06137129000007,18.40892161700009],[110.06072024800005,18.42959219000005],[110.05323326900003,18.440619208000044],[110.04460696700005,18.44013092700004],[110.04029381600003,18.42597077000005],[110.04444420700003,18.411363023000092],[110.05111738400007,18.399644273000092],[110.05258222700007,18.39020416900007],[110.04029381600003,18.38226959800005],[110.02621504000007,18.380601304000038],[109.99512780000003,18.38231028900009],[109.96859785200007,18.389837958000044],[109.96859785200007,18.405503648000092],[109.97592207100007,18.406642971000053],[109.98707116000003,18.403998114000046],[110.00033613400007,18.40302155200004],[110.01368248800003,18.40892161700009],[110.01986738400007,18.417669989000046],[110.02344811300003,18.429388739000046],[110.02393639400003,18.441229559000078],[110.02051842500003,18.450506903000075],[110.01734459700003,18.444973049000055],[110.00928795700003,18.434800523000092],[110.00619550900007,18.429388739000046],[110.00318444100003,18.43357982000009],[109.99252363400007,18.443060614000046],[109.99236087300005,18.43964264500005],[109.99284915500004,18.432766018000052],[109.99252363400007,18.429388739000046],[109.98194420700003,18.435492255000042],[109.97738691500007,18.431463934000078],[109.97364342500003,18.423081773000092],[109.96517988400007,18.41632721600007],[109.95801842500003,18.41437409100007],[109.95411217500003,18.41425202000005],[109.94874108200003,18.415228583000044],[109.91537519600007,18.416815497000073],[109.89828535200007,18.41425202000005],[109.88209069100003,18.407538153000075],[109.83545983200003,18.38226959800005],[109.82520592500003,18.385891018000052],[109.82154381600003,18.39166901200008],[109.81959069100003,18.397772528000075],[109.81446373800003,18.402085679000038],[109.79566491000003,18.405178127000056],[109.77621504000007,18.404038804000038],[109.75904381600003,18.40037669500009],[109.74610436300003,18.39590078300006],[109.75001061300003,18.373602606000077],[109.72657311300003,18.30377838700008],[109.73178144600007,18.27301666900007],[109.71778405000003,18.273098049000055],[109.71338951900003,18.279852606000077],[109.71159915500004,18.287990627000056],[109.70460045700003,18.292222398000092],[109.69678795700003,18.289862372000073],[109.67042076900003,18.27301666900007],[109.67042076900003,18.265570380000042],[109.68620853000004,18.267645575000074],[109.69402103000004,18.26715729400007],[109.71192467500003,18.258734442000048],[109.71778405000003,18.25844961100006],[109.73454837300005,18.25999583500004],[109.73926842500003,18.258734442000048],[109.74146569100003,18.250799872000073],[109.73853600400003,18.24323151200008],[109.73178144600007,18.234198309000078],[109.72803795700003,18.224676825000074],[109.71900475400003,18.21482982000009],[109.70875084700003,18.20722077000005],[109.70118248800003,18.20408763200004],[109.69068444100003,18.20917389500005],[109.68433678500003,18.221136786000045],[109.67725670700003,18.245062567000048],[109.66374759200005,18.237616278000075],[109.62907962300005,18.227362372000073],[109.62191816500007,18.220851955000057],[109.61915123800003,18.217271226000037],[109.60613040500004,18.20888906500005],[109.60206139400003,18.20408763200004],[109.60352623800003,18.19879791900007],[109.61304772200003,18.18305084800005],[109.61573326900003,18.176174221000053],[109.60132897200003,18.18121979400007],[109.58765709700003,18.181586005000042],[109.57601972700007,18.177476304000038],[109.56804446700005,18.16933828300006],[109.56120853000004,18.16933828300006],[109.56251061300003,18.176988023000092],[109.56804446700005,18.193182684000078],[109.56576582100007,18.20136139500005],[109.56120853000004,18.20579661700009],[109.55648847700007,18.20921458500004],[109.55445397200003,18.214056708000044],[109.55323326900003,18.217678127000056],[109.54859459700003,18.217678127000056],[109.54761803500003,18.220851955000057],[109.54965254000007,18.225531317000048],[109.55445397200003,18.22882721600007],[109.55909264400003,18.230536200000074],[109.56120853000004,18.23078034100007],[109.56332441500007,18.238023179000038],[109.56625410200007,18.242987372000073],[109.56657962300005,18.248846747000073],[109.56120853000004,18.258734442000048],[109.55225670700003,18.24477773600006],[109.53882897200003,18.236761786000045],[109.52955162900003,18.227687893000052],[109.53394616000003,18.21035390800006],[109.51075280000003,18.21360911700009],[109.47868899800005,18.192694403000075],[109.46501712300005,18.20408763200004],[109.47803795700003,18.21279531500005],[109.48471113400007,18.221502997000073],[109.49268639400003,18.22809479400007],[109.50961347700007,18.23078034100007],[109.51026451900003,18.23859284100007],[109.50652103000004,18.252752997000073],[109.50017337300005,18.259507554000038],[109.49293053500003,18.245062567000048],[109.48072350400003,18.264797268000052],[109.46273847700007,18.279689846000053],[109.43995201900003,18.28896719000005],[109.33350670700003,18.30426666900007],[109.21810957100007,18.30565013200004],[109.19060306100005,18.299709377000056],[109.17310631600003,18.28815338700008],[109.16260826900003,18.28782786700009],[109.14966881600003,18.299709377000056],[109.14389082100007,18.314154364000046],[109.14234459700003,18.328680731000077],[109.13949629000007,18.340725002000056],[109.12916100400003,18.347479559000078],[109.13599694100003,18.361151434000078],[109.12208092500003,18.358221747000073],[109.11117597700007,18.361273505000042],[109.10157311300003,18.366034247000073],[109.09164472700007,18.36859772300005],[109.00074303500003,18.36717357000009],[108.99089603000004,18.36871979400007],[108.97901451900003,18.374823309000078],[108.96778405000003,18.384466864000046],[108.96094811300003,18.393866278000075],[108.95281009200005,18.402289130000042],[108.93734785200007,18.40892161700009],[108.88591556100005,18.426662502000056],[108.87598717500003,18.43317291900007],[108.86866295700003,18.443833726000037],[108.83106530000003,18.468695380000042],[108.79558353000004,18.48655833500004],[108.77556399800005,18.493068752000056],[108.75513756600003,18.496975002000056],[108.71070397200003,18.499660549000055],[108.69499759200005,18.504828192000048],[108.68490644600007,18.51520416900007],[108.67725670700003,18.532416083000044],[108.67408287900003,18.554836330000057],[108.67945397200003,18.57225169500009],[108.68718509200005,18.587836005000042],[108.69092858200003,18.604722398000092],[108.69711347700007,18.683294989000046],[108.69361412900003,18.719875393000052],[108.68336022200003,18.75617096600007],[108.66814212300005,18.78864166900007],[108.64942467500003,18.813625393000052],[108.63697350400003,18.825100002000056],[108.62745201900003,18.835882880000042],[108.62387129000007,18.84918854400007],[108.62891686300003,18.86823151200008],[108.64722741000003,18.903225002000056],[108.65381920700003,18.921047268000052],[108.65626061300003,18.94399648600006],[108.65357506600003,18.96434153900009],[108.65040123800003,18.973578192000048],[108.64600670700003,18.977484442000048],[108.64258873800003,18.982814846000053],[108.64258873800003,19.018459377000056],[108.61524498800003,19.101629950000074],[108.62907962300005,19.11090729400007],[108.64429772200003,19.124172268000052],[108.65691165500004,19.139797268000052],[108.66309655000003,19.15623607000009],[108.67896569100003,19.152044989000046],[108.68344160200007,19.150051174000055],[108.68344160200007,19.15623607000009],[108.67603600400003,19.162176825000074],[108.67188561300003,19.173000393000052],[108.66993248800003,19.19407786700009],[108.66391035200007,19.20962148600006],[108.65007571700005,19.21279531500005],[108.63428795700003,19.212551174000055],[108.62208092500003,19.217718817000048],[108.62175540500004,19.22809479400007],[108.63070722700007,19.237982489000046],[108.63795006600003,19.248968817000048],[108.62696373800003,19.27496979400007],[108.63168379000007,19.286281643000052],[108.64112389400003,19.29490794500009],[108.64942467500003,19.299627997000073],[108.64730879000007,19.303534247000073],[108.64478600400003,19.310370184000078],[108.64966881600003,19.31122467700004],[108.66260826900003,19.309719143000052],[108.66456139400003,19.314276434000078],[108.66309655000003,19.32050202000005],[108.66684004000007,19.32518138200004],[108.67725670700003,19.32758209800005],[108.67725670700003,19.334377346000053],[108.66928144600007,19.34373607000009],[108.67253665500004,19.351263739000046],[108.67953535200007,19.35809967700004],[108.68344160200007,19.36542389500005],[108.68653405000003,19.377875067000048],[108.69434655000003,19.38031647300005],[108.71452884200005,19.375921942000048],[108.72917728000004,19.37799713700008],[108.75220787900003,19.38694896000004],[108.76295006600003,19.38898346600007],[108.77068118600005,19.394354559000078],[108.79029381600003,19.423163153000075],[108.79818769600007,19.425848700000074],[108.81788170700003,19.439195054000038],[108.82748457100007,19.444240627000056],[108.86980228000004,19.457912502000056],[108.90333092500003,19.493353583000044],[108.92448978000004,19.506252346000053],[108.93734785200007,19.492010809000078],[108.94483483200003,19.492010809000078],[108.94483483200003,19.498846747000073],[108.94076582100007,19.514105536000045],[108.95655358200003,19.53461334800005],[108.99268639400003,19.56777578300006],[109.00220787900003,19.587225653000075],[109.00847415500004,19.59707265800006],[109.01587975400003,19.601263739000046],[109.06706790500004,19.608710028000075],[109.07886803500003,19.61273834800005],[109.10336347700007,19.626288153000075],[109.11841881600003,19.63117096600007],[109.12891686300003,19.64020416900007],[109.13257897200003,19.642238674000055],[109.13355553500003,19.643377997000073],[109.15650475400003,19.649644273000035],[109.19206790500004,19.67845286700009],[109.20582116000003,19.698431708000044],[109.20492597700007,19.718573309000078],[109.21119225400003,19.72479889500005],[109.21851647200003,19.72296784100007],[109.24398847700007,19.72992584800005],[109.25896243600005,19.731634833000044],[109.27271569100003,19.729396877000056],[109.28321373800003,19.72479889500005],[109.30046634200005,19.71112702000005],[109.30738366000003,19.71112702000005],[109.29818769600007,19.72679271000004],[109.28158613400007,19.74433014500005],[109.27466881600003,19.75722890800006],[109.29420006600003,19.759507554000038],[109.29420006600003,19.765692450000074],[109.28679446700005,19.765692450000074],[109.28679446700005,19.773179429000038],[109.29574629000007,19.774644273000035],[109.30046634200005,19.77684153900009],[109.30738366000003,19.786851304000038],[109.29737389400003,19.786851304000038],[109.28923587300005,19.787909247000073],[109.28150475400003,19.790187893000052],[109.27320397200003,19.79364655200004],[109.26099694100003,19.77871328300006],[109.23560631600003,19.76235586100006],[109.21013431100005,19.749741929000038],[109.19752037900003,19.745835679000038],[109.18132571700005,19.735988674000055],[109.17481530000003,19.73037344000005],[109.17017662900003,19.72479889500005],[109.16334069100003,19.72479889500005],[109.16724694100003,19.742743231000077],[109.16334069100003,19.790269273000035],[109.16684004000007,19.805487372000073],[109.17554772200003,19.81403229400007],[109.18677819100003,19.820013739000046],[109.19752037900003,19.827826239000046],[109.20093834700003,19.832586981000077],[109.20736738400007,19.843573309000078],[109.21119225400003,19.84829336100006],[109.21949303500003,19.854681708000044],[109.22486412900003,19.855536200000074],[109.22950280000003,19.85537344000005],[109.23560631600003,19.85883209800005],[109.24870853000004,19.868841864000046],[109.25171959700003,19.874701239000046],[109.25269616000003,19.885891018000052],[109.25513756600003,19.89834219000005],[109.26156660200007,19.900824286000045],[109.27051842500003,19.900091864000046],[109.28003991000003,19.902899481000077],[109.30372155000003,19.921698309000078],[109.31137129000007,19.91950104400007],[109.31421959700003,19.89984772300005],[109.32129967500003,19.89203522300005],[109.33790123800003,19.889878648000035],[109.36882571700005,19.88930898600006],[109.39576256600003,19.869533596000053],[109.41260826900003,19.861395575000074],[109.42750084700003,19.865383205000057],[109.44361412900003,19.872992255000042],[109.45533287900003,19.864935614000046],[109.46265709700003,19.849310614000046],[109.46501712300005,19.834051825000074],[109.47242272200003,19.834051825000074],[109.47950280000003,19.844183661000045],[109.49398847700007,19.850165106000077],[109.51140384200005,19.85504791900007],[109.52702884200005,19.86196523600006],[109.53296959700003,19.85260651200008],[109.54509524800005,19.85374583500004],[109.56177819100003,19.85740794500009],[109.58171634200005,19.85569896000004],[109.58171634200005,19.86196523600006],[109.52930748800003,19.875474351000037],[109.52019290500004,19.882473049000055],[109.51563561300003,19.905218817000048],[109.52540123800003,19.911851304000038],[109.55445397200003,19.91034577000005],[109.55746504000007,19.917303778000075],[109.55225670700003,19.927476304000038],[109.54460696700005,19.933335679000038],[109.54078209700003,19.92715078300006],[109.53736412900003,19.92446523600006],[109.53093509200005,19.930121161000045],[109.52588951900003,19.940375067000048],[109.52702884200005,19.95136139500005],[109.58139082100007,19.984808661000045],[109.59571373800003,19.99315013200004],[109.61166425900007,19.997870184000078],[109.62631269600007,19.99795156500005],[109.63624108200003,19.992336330000057],[109.64258873800003,19.992336330000057],[109.65211022200003,20.00218333500004],[109.66814212300005,20.00690338700008],[109.68669681100005,20.007879950000074],[109.70460045700003,20.00657786700009],[109.71290123800003,20.01007721600007],[109.71900475400003,20.010646877000056],[109.72559655000003,20.00657786700009],[109.72836347700007,19.997870184000078],[109.71989993600005,19.985296942000048],[109.72559655000003,19.978664455000057],[109.72559655000003,19.971828518000052],[109.72217858200003,19.966131903000075],[109.71810957100007,19.957505601000037],[109.72559655000003,19.957505601000037],[109.73755944100003,19.97809479400007],[109.76368248800003,19.974351304000038],[109.80762780000003,19.95136139500005],[109.81055748800003,19.96552155200004],[109.81169681100005,19.98183828300006],[109.81592858200003,19.99119700700004],[109.82797285200007,19.984849351000037],[109.83513431100005,19.97333405200004],[109.83855228000004,19.95844147300005],[109.83838951900003,19.94326406500005],[109.83545983200003,19.930853583000044],[109.85466556100005,19.941351630000042],[109.87037194100003,19.95335521000004],[109.88038170700003,19.967596747000073],[109.88331139400003,19.984849351000037],[109.89527428500003,19.985174872000073],[109.91480553500003,19.99022044500009],[109.92090905000003,19.98859284100007],[109.92660566500007,19.984320380000042],[109.92945397200003,19.986151434000078],[109.93132571700005,19.99013906500005],[109.93458092500003,19.992336330000057],[109.94263756600003,19.99091217700004],[109.94336998800003,19.987453518000052],[109.94223066500007,19.982896226000037],[109.94467207100007,19.978664455000057],[109.95720462300005,19.967271226000037],[109.97242272200003,19.948187567000048],[109.97559655000003,19.93227773600006],[109.95150800900007,19.930853583000044],[109.95997155000003,19.917792059000078],[109.97380618600005,19.90892161700009],[109.99008222700007,19.905951239000046],[110.00619550900007,19.91034577000005],[110.00619550900007,19.916571356000077],[109.99219811300003,19.92536041900007],[110.00123131600003,19.932847398000035],[110.01465905000003,19.94086334800005],[110.01368248800003,19.957505601000037],[110.05030358200003,19.97406647300005],[110.06820722700007,19.978664455000057],[110.07634524800005,19.97915273600006],[110.08961022200003,19.97809479400007],[110.10254967500003,19.973944403000075],[110.10987389400003,19.964992580000057],[110.12273196700005,19.974310614000046],[110.13689212300005,19.99673086100006],[110.14958743600005,20.00657786700009],[110.13884524800005,20.00263092700004],[110.12330162900003,19.98969147300005],[110.11548912900003,19.984849351000037],[110.10499108200003,19.982977606000077],[110.06820722700007,19.984849351000037],[110.11491946700005,20.00193919500009],[110.12973066500007,20.01276276200008],[110.13746178500003,20.024359442000048],[110.14966881600003,20.055812893000052],[110.15699303500003,20.06736888200004],[110.17115319100003,20.06077708500004],[110.20866946700005,20.04950592700004],[110.22217858200003,20.04751211100006],[110.23259524800005,20.04450104400007],[110.24512780000003,20.038316148000035],[110.26099694100003,20.033148505000042],[110.28052819100003,20.033270575000074],[110.29517662900003,20.03937409100007],[110.31690514400003,20.05735911700009],[110.32496178500003,20.06122467700004],[110.34473717500003,20.05805084800005],[110.35889733200003,20.04979075700004],[110.36898847700007,20.03864166900007],[110.37671959700003,20.02643463700008],[110.37671959700003,20.02020905200004],[110.36817467500003,20.00779857000009],[110.37517337300005,19.99677155200004],[110.39722741000003,19.978664455000057],[110.40251712300005,19.96434153900009],[110.40650475400003,19.935939846000053],[110.41089928500003,19.92340729400007],[110.41773522200003,19.92340729400007],[110.41439863400007,19.932074286000045],[110.41334069100003,19.93431224200009],[110.41089928500003,19.93768952000005],[110.41089928500003,19.943915106000077],[110.41773522200003,19.943915106000077],[110.41773522200003,19.95136139500005],[110.41456139400003,19.95799388200004],[110.40943444100003,19.98004791900007],[110.40707441500007,19.984849351000037],[110.39714603000004,19.98704661700009],[110.39063561300003,19.993068752000056],[110.38648522200003,20.001898505000042],[110.38298587300005,20.01276276200008],[110.38331139400003,20.014146226000037],[110.37818444100003,20.039862372000073],[110.37671959700003,20.043850002000056],[110.37501061300003,20.063625393000052],[110.37647545700003,20.071966864000046],[110.38298587300005,20.08104075700004],[110.42457116000003,20.04751211100006],[110.43116295700003,20.050604559000078],[110.47022545700003,20.031805731000077],[110.49594160200007,20.023504950000074],[110.52759850400003,20.02020905200004],[110.52759850400003,20.01276276200008],[110.52076256600003,20.01276276200008],[110.52076256600003,20.00657786700009],[110.53565514400003,19.99957916900007],[110.55054772200003,19.98847077000005],[110.56413821700005,19.984523830000057],[110.57545006600003,19.999172268000052],[110.58033287900003,19.979722398000035],[110.59864342500003,19.94399648600006],[110.60271243600005,19.92715078300006],[110.60580488400007,19.923163153000075],[110.61296634200005,19.925726630000042],[110.61988366000003,19.93235911700009],[110.62322024800005,19.940741278000075],[110.62134850400003,19.950018622000073],[110.61841881600003,19.95722077000005],[110.61784915500004,19.96393463700008],[110.62322024800005,19.971828518000052],[110.60914147200003,19.989894924000055],[110.60645592500003,20.007635809000078],[110.60092207100007,20.02106354400007],[110.57886803500003,20.02643463700008],[110.57081139400003,20.03066640800006],[110.57016035200007,20.040269273000035],[110.57227623800003,20.050726630000042],[110.57203209700003,20.057521877000056],[110.56617272200003,20.069525458000044],[110.56934655000003,20.079779364000046],[110.59310957100007,20.10732656500005],[110.60417728000004,20.11082591400009],[110.64014733200003,20.108343817000048],[110.65202884200005,20.117010809000078],[110.67074629000007,20.15497467700004],[110.67790774800005,20.16356028900009],[110.68506920700003,20.15330638200004],[110.71094811300003,20.07518138200004],[110.72445722700007,20.06386953300006],[110.75277754000007,20.04751211100006],[110.77466881600003,20.02020905200004],[110.78834069100003,20.01040273600006],[110.86988366000003,19.997015692000048],[110.89014733200003,19.999172268000052],[110.89307701900003,20.001654364000046],[110.89380944100003,20.004380601000037],[110.89633222700007,20.00458405200004],[110.90430748800003,19.999172268000052],[110.92066491000003,20.01203034100007],[110.93458092500003,19.995062567000048],[110.97706139400003,19.86587148600006],[110.98316491000003,19.807766018000052],[110.99683678500003,19.749172268000052],[111.00001061300003,19.72166575700004],[110.99439537900003,19.694281317000048],[110.99659264400003,19.68659088700008],[111.01050866000003,19.68378327000005],[111.01636803500003,19.67804596600007],[111.03467858200003,19.642238674000055],[111.02035566500007,19.635972398000035],[111.00912519600007,19.641750393000052],[110.99333743600005,19.643011786000045],[110.97730553500003,19.640773830000057],[110.96583092500003,19.635972398000035],[110.91358483200003,19.583685614000046],[110.88770592500003,19.550604559000078]]],[[[110.44809004000007,20.596258856000077],[110.43921959700003,20.629461981000077],[110.43580162900003,20.638495184000078],[110.42660566500007,20.64288971600007],[110.41765384200005,20.654771226000037],[110.42204837300005,20.662258205000057],[110.43002363400007,20.66201406500005],[110.43336022200003,20.663763739000046],[110.43336022200003,20.66742584800005],[110.43702233200003,20.667914130000042],[110.44263756600003,20.66351959800005],[110.44752037900003,20.658351955000057],[110.46273847700007,20.654771226000037],[110.47136478000004,20.647365627000056],[110.47632897200003,20.63157786700009],[110.47803795700003,20.61078522300005],[110.47584069100003,20.59593333500004],[110.47120201900003,20.592596747000073],[110.46485436300003,20.590765692000048],[110.45728600400003,20.586859442000048],[110.45167076900003,20.589178778000075],[110.44809004000007,20.596258856000077]]],[[[110.57569420700003,20.888820705000057],[110.56348717500003,20.903469143000052],[110.54753665500004,20.917710679000038],[110.57488040500004,20.94745514500005],[110.58961022200003,20.959377346000053],[110.60271243600005,20.964911200000074],[110.59587649800005,20.958726304000038],[110.60613040500004,20.95384349200009],[110.61793053500003,20.952378648000035],[110.62794030000003,20.94863515800006],[110.63249759200005,20.936672268000052],[110.63038170700003,20.92576732000009],[110.62452233200003,20.915187893000052],[110.60954837300005,20.897284247000073],[110.58920332100007,20.88349030200004],[110.57569420700003,20.888820705000057]]],[[[107.75611412900003,20.945705471000053],[107.73829186300003,20.937648830000057],[107.75717207100007,20.97101471600007],[107.75879967500003,20.98261139500005],[107.75342858200003,20.988674221000053],[107.74341881600003,20.994086005000042],[107.73764082100007,21.003241278000075],[107.74512780000003,21.02016836100006],[107.75806725400003,21.01658763200004],[107.79281660200007,20.992254950000074],[107.79281660200007,20.986029364000046],[107.78239993600005,20.989935614000046],[107.77914472700007,20.992254950000074],[107.77295983200003,20.992254950000074],[107.77800540500004,20.972601630000042],[107.77076256600003,20.95722077000005],[107.75611412900003,20.945705471000053]]],[[[107.82569420700003,21.02496979400007],[107.84213300900007,21.035589911000045],[107.85629316500007,21.033270575000074],[107.85279381600003,21.019924221000053],[107.84441165500004,21.011867580000057],[107.82740319100003,20.989081122000073],[107.81771894600007,20.98826732000009],[107.81657962300005,21.00584544500009],[107.82569420700003,21.02496979400007]]],[[[110.50269616000003,20.94749583500004],[110.50017337300005,20.957505601000037],[110.49968509200005,20.96865469000005],[110.49301191500007,20.97797272300005],[110.47689863400007,20.99042389500005],[110.45769290500004,21.001206773000035],[110.44141686300003,21.00584544500009],[110.36304772200003,21.00584544500009],[110.33366946700005,20.99628327000005],[110.29867597700007,20.98065827000005],[110.26661217500003,20.97264232000009],[110.24586022200003,20.986029364000046],[110.26189212300005,20.992987372000073],[110.26539147200003,21.004339911000045],[110.25928795700003,21.01699453300006],[110.24586022200003,21.02757396000004],[110.26482181100005,21.03310781500005],[110.27507571700005,21.034328518000052],[110.28736412900003,21.03384023600006],[110.28736412900003,21.04059479400007],[110.27637780000003,21.041164455000057],[110.27068118600005,21.044867255000042],[110.26954186300003,21.051581122000073],[110.27312259200005,21.061102606000077],[110.29021243600005,21.05426666900007],[110.30990644600007,21.05292389500005],[110.32691491000003,21.057440497000073],[110.33521569100003,21.06858958500004],[110.32211347700007,21.06403229400007],[110.30795332100007,21.06085846600007],[110.29542076900003,21.063055731000077],[110.28736412900003,21.07444896000004],[110.34262129000007,21.074652411000045],[110.37134850400003,21.080959377000056],[110.38982181100005,21.09589264500005],[110.40040123800003,21.06391022300005],[110.40821373800003,21.04824453300006],[110.41773522200003,21.04059479400007],[110.42318769600007,21.05141836100006],[110.43213951900003,21.05727773600006],[110.44410241000003,21.05996328300006],[110.45875084700003,21.061102606000077],[110.45191491000003,21.061102606000077],[110.47282962300005,21.061672268000052],[110.48406009200005,21.06785716400009],[110.49293053500003,21.075995184000078],[110.50709069100003,21.08222077000005],[110.52637780000003,21.082098700000074],[110.53882897200003,21.073065497000073],[110.54558353000004,21.05735911700009],[110.54753665500004,21.037258205000057],[110.54379316500007,21.022772528000075],[110.52686608200003,20.989203192000048],[110.52076256600003,20.972357489000046],[110.52222741000003,20.962591864000046],[110.52564537900003,20.95107656500005],[110.52605228000004,20.94159577000005],[110.51693769600007,20.937648830000057],[110.50798587300005,20.940375067000048],[110.50269616000003,20.94749583500004]]],[[[109.10092207100007,21.021185614000046],[109.09595787900003,21.022040106000077],[109.09050540500004,21.041937567000048],[109.09986412900003,21.060695705000057],[109.12273196700005,21.06541575700004],[109.13624108200003,21.05101146000004],[109.12769616000003,21.032171942000048],[109.11255944100003,21.027085679000038],[109.10523522200003,21.02448151200008],[109.10092207100007,21.021185614000046]]],[[[110.49659264400003,21.146307684000078],[110.48902428500003,21.150091864000046],[110.48357181100005,21.15582916900007],[110.47917728000004,21.164129950000074],[110.47291100400003,21.164129950000074],[110.47917728000004,21.150458075000074],[110.46143639400003,21.15106842700004],[110.44947350400003,21.15623607000009],[110.44532311300003,21.165676174000055],[110.45191491000003,21.17845286700009],[110.44336998800003,21.177883205000057],[110.42611738400007,21.17910390800006],[110.41773522200003,21.17845286700009],[110.41773522200003,21.18463776200008],[110.43433678500003,21.18659088700008],[110.44483483200003,21.193793036000045],[110.45264733200003,21.20148346600007],[110.46216881600003,21.205145575000074],[110.48780358200003,21.208644924000055],[110.49984785200007,21.206284898000035],[110.49626712300005,21.19521719000005],[110.47095787900003,21.19367096600007],[110.46338951900003,21.190741278000075],[110.47917728000004,21.18463776200008],[110.49293053500003,21.18390534100007],[110.50416100400003,21.18768952000005],[110.52637780000003,21.200832424000055],[110.53223717500003,21.20331452000005],[110.53785241000003,21.20449453300006],[110.54322350400003,21.20416901200008],[110.54965254000007,21.202460028000075],[110.56617272200003,21.19334544500009],[110.56861412900003,21.191473700000074],[110.55543053500003,21.17682526200008],[110.55005944100003,21.168443101000037],[110.54753665500004,21.156724351000037],[110.55494225400003,21.156724351000037],[110.57732181100005,21.19098541900007],[110.59400475400003,21.202785549000055],[110.61695397200003,21.198919989000046],[110.61695397200003,21.191473700000074],[110.59945722700007,21.178290106000077],[110.57691491000003,21.130926825000074],[110.56519616000003,21.112616278000075],[110.54322350400003,21.10496653900009],[110.52068118600005,21.111802476000037],[110.50586998800003,21.12685781500005],[110.50709069100003,21.143703518000052],[110.49659264400003,21.146307684000078]]],[[[107.96884199300007,21.24433014500005],[107.97494550900007,21.244940497000073],[107.98096764400003,21.242214260000083],[107.98259524800005,21.235500393000052],[107.97966556100005,21.229437567000048],[107.97331790500004,21.227809963000084],[107.96184329500005,21.228867906000062],[107.95362389400003,21.233628648000035],[107.95460045700003,21.239569403000075],[107.96884199300007,21.24433014500005]]],[[[107.75936933700007,21.290838934000078],[107.77116946700005,21.294175523000035],[107.77580813900005,21.29433828300006],[107.78142337300005,21.295070705000057],[107.79102623800003,21.296128648000035],[107.79696699300007,21.293036200000074],[107.79354902400007,21.29124583500004],[107.78085371200007,21.29124583500004],[107.77263431100005,21.289414781000062],[107.75985761800007,21.281317450000074],[107.75733483200003,21.281317450000074],[107.75407962300005,21.283718166000085],[107.75936933700007,21.290838934000078]]],[[[107.72584069100003,21.323472398000035],[107.78394616000003,21.356350002000056],[107.80030358200003,21.362453518000052],[107.81348717500003,21.360500393000052],[107.81560306100005,21.35809967700004],[107.81820722700007,21.354071356000077],[107.81934655000003,21.35024648600006],[107.81706790500004,21.348537502000056],[107.80933678500003,21.34715403900009],[107.71143639400003,21.307562567000048],[107.71436608200003,21.31012604400007],[107.72584069100003,21.323472398000035]]],[[[107.84115644600007,21.348537502000056],[107.84359785200007,21.35883209800005],[107.84815514400003,21.370266018000052],[107.85352623800003,21.360256252000056],[107.85499108200003,21.355943101000037],[107.85938561300003,21.364081122000073],[107.86524498800003,21.37010325700004],[107.87281334700003,21.374212958000044],[107.85222415500004,21.37531159100007],[107.82691491000003,21.370266018000052],[107.82691491000003,21.37641022300005],[107.86011803500003,21.38621653900009],[107.86866295700003,21.39008209800005],[107.99830162900003,21.40375397300005],[107.99830162900003,21.39752838700008],[107.95948326900003,21.373846747000073],[107.94418379000007,21.368109442000048],[107.93620853000004,21.37641022300005],[107.92994225400003,21.37641022300005],[107.92237389400003,21.37262604400007],[107.85425866000003,21.350409247000073],[107.84115644600007,21.348537502000056]]],[[[108.16000410200007,21.544175523000035],[108.17278079500005,21.546169338000084],[108.18181399800005,21.541489976000037],[108.18270918100006,21.534979559000078],[108.17701256600003,21.53005605700008],[108.12883548300005,21.518703518000052],[108.12655683700007,21.520412502000056],[108.12956790500004,21.52370840100008],[108.14226321700005,21.52928294500009],[108.16000410200007,21.544175523000035]]],[[[111.91976972700007,21.60187409100007],[111.90967858200003,21.600531317000048],[111.89747155000003,21.595526434000078],[111.88819420700003,21.58893463700008],[111.87110436300003,21.57322825700004],[111.86329186300003,21.56826406500005],[111.82243899800005,21.56199778900009],[111.80933678500003,21.56549713700008],[111.81006920700003,21.56834544500009],[111.81690514400003,21.57135651200008],[111.82243899800005,21.575100002000056],[111.84205162900003,21.60683828300006],[111.84506269600007,21.623968817000048],[111.83529707100007,21.64394765800006],[111.84717858200003,21.647406317000048],[111.88379967500003,21.650132554000038],[111.89600670700003,21.653957424000055],[111.91586347700007,21.66274648600006],[111.92823326900003,21.664455471000053],[111.93140709700003,21.66229889500005],[111.93433678500003,21.657456773000035],[111.93848717500003,21.65257396000004],[111.94516035200007,21.650132554000038],[111.95093834700003,21.65110911700009],[111.95582116000003,21.656398830000057],[111.96265709700003,21.65761953300006],[111.98951256600003,21.65778229400007],[111.99984785200007,21.653998114000046],[112.00733483200008,21.64394765800006],[112.00733483200008,21.636542059000078],[111.99984785200007,21.621161200000074],[111.98145592500003,21.61204661700009],[111.92904707100007,21.60187409100007],[111.91976972700007,21.60187409100007]]],[[[108.56967207100007,21.765773830000057],[108.56950931100005,21.769476630000042],[108.56552168100006,21.773830471000053],[108.57089277400007,21.77753327000005],[108.57422936300003,21.77529531500005],[108.57740319100003,21.771144924000055],[108.57740319100003,21.76321035400008],[108.57634524800005,21.759100653000075],[108.57260175900007,21.759426174000055],[108.56967207100007,21.765773830000057]]],[[[113.34148196700005,8.263495184000078],[113.34009850400003,8.266424872000073],[113.34286543100006,8.26552969000005],[113.34148196700005,8.263495184000078]]],[[[113.69548587300005,8.970770575000074],[113.69320722700002,8.968939520000049],[113.69304446700005,8.971055406000062],[113.69548587300005,8.970770575000074]]],[[[114.03777103000004,10.021063544000071],[114.04004967500009,10.019476630000042],[114.03394616000003,10.012396552000041],[114.02963300900001,10.011867580000057],[114.02767988400001,10.015122789000088],[114.02930748800009,10.017401434000078],[114.03777103000004,10.021063544000071]]],[[[112.72527103000004,16.66620514500005],[112.72624759200005,16.66901276200008],[112.72877037900003,16.669256903000075],[112.73340905000009,16.666083075000074],[112.73682701900009,16.660223700000074],[112.73503665500004,16.657945054000038],[112.73015384200005,16.660223700000074],[112.72527103000004,16.66620514500005]]],[[[112.61646569100003,21.619208075000074],[112.60718834700003,21.616034247000073],[112.57992597700002,21.61554596600007],[112.56714928500003,21.617621161000045],[112.55591881600003,21.623439846000053],[112.54908287900003,21.616400458000044],[112.53923587300005,21.598944403000075],[112.53492272200003,21.595526434000078],[112.52540123800009,21.598863023000035],[112.51929772200003,21.606675523000035],[112.51823978000004,21.61676666900007],[112.52426191500001,21.626898505000042],[112.55982506600003,21.648382880000042],[112.56788170700008,21.660630601000037],[112.55591881600003,21.678127346000053],[112.57781009200005,21.68301015800006],[112.62012780000009,21.70449453300006],[112.64535566500001,21.712836005000042],[112.65455162900003,21.698472398000035],[112.65137780000009,21.688299872000073],[112.64332116000003,21.678168036000045],[112.63795006600003,21.664455471000053],[112.64991295700008,21.649318752000056],[112.65040123800009,21.640448309000078],[112.62378991000003,21.633286851000037],[112.61646569100003,21.619208075000074]]],[[[112.80713951900009,21.67129140800006],[112.81055748800009,21.65761953300006],[112.80323326900009,21.63816966400009],[112.79444420700008,21.623114325000074],[112.79346764400009,21.608221747000073],[112.81055748800009,21.58930084800005],[112.79965254000001,21.57908763200004],[112.79021243600005,21.57758209800005],[112.76490319100003,21.581854559000078],[112.76148522200003,21.583685614000046],[112.75831139400009,21.58808014500005],[112.75611412900003,21.59373607000009],[112.75367272200003,21.607367255000042],[112.74968509200005,21.60879140800006],[112.74390709700003,21.60879140800006],[112.73715254000001,21.612616278000075],[112.73438561300009,21.628729559000078],[112.76758873800009,21.66347890800006],[112.77442467500009,21.69171784100007],[112.75961347700002,21.686346747000073],[112.73666425900001,21.68109772300005],[112.71558678500003,21.680243231000077],[112.70622806100005,21.688381252000056],[112.71168053500003,21.70254140800006],[112.72437584700003,21.71580638200004],[112.74781334700003,21.733343817000048],[112.76490319100003,21.731756903000075],[112.77751712300005,21.772650458000044],[112.79566491000003,21.766831773000035],[112.80762780000009,21.772772528000075],[112.82113691500001,21.77480703300006],[112.85027103000004,21.774318752000056],[112.84400475400003,21.774318752000056],[112.86255944100003,21.76943594000005],[112.86817467500009,21.757554429000038],[112.86255944100003,21.74559153900009],[112.83179772200003,21.73590729400007],[112.82056725400003,21.726507880000042],[112.81251061300009,21.71710846600007],[112.79753665500004,21.705877997000073],[112.80046634200005,21.68976471600007],[112.80713951900009,21.67129140800006]]],[[[113.13119550900001,21.85036855700008],[113.13567142000011,21.864976304000038],[113.14633222700002,21.862453518000052],[113.15105228000004,21.868963934000078],[113.15593509200005,21.872748114000046],[113.16065514400009,21.870428778000075],[113.16716556100005,21.864488023000035],[113.17587324300007,21.862127997000073],[113.1815698580001,21.866848049000055],[113.18767337300005,21.86904531500005],[113.19092858200008,21.863348700000074],[113.18799889400009,21.856634833000044],[113.18002363400001,21.85032786700009],[113.173269076,21.84914785400008],[113.16553795700008,21.853338934000078],[113.14869225400003,21.842596747000073],[113.13119550900001,21.85036855700008]]],[[[113.00375410200002,21.869533596000053],[113.01091556100005,21.876206773000035],[113.02466881600003,21.88084544500009],[113.03532962300005,21.87844472900008],[113.03882897200003,21.865627346000053],[113.03451582100001,21.855292059000078],[113.02051842500009,21.854844468000067],[113.01734459700003,21.84951406500005],[113.01246178500003,21.85260651200008],[113.00375410200002,21.869533596000053]]],[[[113.23462975400003,21.893459377000056],[113.22974694100003,21.89874909100007],[113.22584069100003,21.900824286000045],[113.22169030000009,21.914129950000074],[113.23170006600003,21.934475002000056],[113.24773196700005,21.943182684000078],[113.25766035200002,21.946600653000075],[113.26783287900003,21.943304755000042],[113.27515709700003,21.93154531500005],[113.27800540500004,21.925034898000035],[113.28093509200005,21.92283763200004],[113.28565514400009,21.918117580000057],[113.28370201900009,21.91351959800005],[113.27865644600001,21.907375393000052],[113.27515709700003,21.89752838700008],[113.26775149800005,21.886460679000038],[113.25847415500004,21.88043854400007],[113.25074303500003,21.883205471000053],[113.23462975400003,21.893459377000056]]],[[[113.77592108400006,21.985858782000037],[113.76447678300008,21.96681792700008],[113.74820564800007,21.97278847000007],[113.73905611400005,21.985972906000086],[113.73627928000008,21.997162124000056],[113.74550153700011,21.99779525400004],[113.7568592660001,22.00039040000007],[113.77174662900006,22.000343410000085],[113.77592108400006,21.985858782000037]]],[[[113.18002363400001,21.970770575000074],[113.19239342500009,22.033758856000077],[113.20004316500001,22.038438218000067],[113.23951256600003,22.03807200700004],[113.24398847700002,22.03929271000004],[113.24911543100006,22.038356838000084],[113.24919681100005,22.03384023600006],[113.23951256600003,22.02330149900007],[113.2421167330001,22.01817454600007],[113.24634850400003,22.013291734000063],[113.24870853000004,22.00812409100007],[113.24903405000009,22.004746812000064],[113.23764082100001,22.002468166000085],[113.23178144600001,22.002956447000088],[113.22331790500004,22.000555731000077],[113.2015893890001,21.988755601000037],[113.19825280000009,21.98004791900007],[113.20020592500009,21.97532786700009],[113.19613691500001,21.967189846000053],[113.18816165500004,21.959987697000088],[113.18279056100005,21.96047597900008],[113.18034915500004,21.96442291900007],[113.18002363400001,21.970770575000074]]],[[[113.36329186300009,22.075995184000078],[113.37273196700005,22.080145575000074],[113.37777754000001,22.089016018000052],[113.38266035200002,22.089585679000038],[113.38404381600003,22.08812083500004],[113.38404381600003,22.08539459800005],[113.38526451900009,22.082180080000057],[113.38721764400009,22.078192450000074],[113.38990319100003,22.074693101000037],[113.39356530000009,22.071600653000075],[113.39893639400009,22.068508205000057],[113.41260826900009,22.075995184000078],[113.41032962300005,22.06354401200008],[113.39144941500001,22.02753327000005],[113.39893639400009,22.021918036000045],[113.40162194100003,22.018459377000056],[113.40267988400001,22.01434967700004],[113.40577233200008,22.007025458000044],[113.32349694100003,22.01194896000004],[113.30941816500001,22.02411530200004],[113.34359785200002,22.068508205000057],[113.35279381600003,22.073146877000056],[113.36329186300009,22.075995184000078]]],[[[113.53256269600001,22.095363674000055],[113.54761803500003,22.092596747000073],[113.53891035200002,22.082098700000074],[113.48471113400001,22.07135651200008],[113.47022545700008,22.07762278900009],[113.47396894600001,22.08812083500004],[113.47348066500001,22.098537502000056],[113.46599368600005,22.101507880000042],[113.46485436300009,22.10814036700009],[113.47152754000001,22.114081122000073],[113.51889082100001,22.12726471600007],[113.52711022200003,22.125881252000056],[113.53272545700008,22.120306708000044],[113.53093509200005,22.112941799000055],[113.52711022200003,22.10610586100006],[113.53256269600001,22.095363674000055]]],[[[113.27173912900003,22.120021877000056],[113.27914472700002,22.123195705000057],[113.28972415500004,22.125474351000037],[113.29867597700002,22.128566799000055],[113.30274498800009,22.133978583000044],[113.30420983200008,22.141831773000035],[113.30844160200002,22.14862702000005],[113.31495201900009,22.153998114000046],[113.32309004000001,22.157904364000046],[113.32797285200002,22.145819403000075],[113.33545983200008,22.148871161000045],[113.34717858200008,22.15643952000005],[113.36475670700008,22.157904364000046],[113.35401451900009,22.13084544500009],[113.33619225400003,22.100490627000056],[113.31364993600005,22.07640208500004],[113.28907311300009,22.068508205000057],[113.27914472700002,22.074693101000037],[113.26880944100003,22.088324286000045],[113.26417076900009,22.10492584800005],[113.27173912900003,22.120021877000056]]],[[[113.57252037900003,22.13731517100007],[113.57797285200002,22.13963450700004],[113.57797285200002,22.13808828300006],[113.57488040500004,22.13503652600008],[113.57976321700005,22.13190338700008],[113.58594811300009,22.13194407800006],[113.58668053500003,22.12954336100006],[113.58749433700007,22.12722402600008],[113.58749433700007,22.12486399900007],[113.58594811300009,22.12409088700008],[113.58358808700007,22.12331777600008],[113.57748457100001,22.126654364000046],[113.57797285200002,22.120917059000078],[113.57406660200002,22.11937083500004],[113.57097415500004,22.120143947000088],[113.56674238400001,22.12335846600007],[113.56666100400003,22.11737702000005],[113.56519616000003,22.112616278000075],[113.5663354830001,22.10769277600008],[113.56324303500003,22.10691966400009],[113.55738366000003,22.111151434000078],[113.55225670700008,22.10769277600008],[113.55152428500003,22.10614655200004],[113.54916425900001,22.10537344000005],[113.5468042330001,22.10537344000005],[113.54371178500003,22.10769277600008],[113.54110761800007,22.11326732000009],[113.54525800900001,22.11424388200004],[113.54232832100001,22.140733140000066],[113.54224694100003,22.14081452000005],[113.53410892000011,22.148789781000062],[113.53223717500009,22.15253327000005],[113.53443444100003,22.16120026200008],[113.5414331390001,22.16233958500004],[113.54297936300009,22.163804429000038],[113.55290774800005,22.165838934000078],[113.55860436300009,22.163031317000048],[113.56942793100006,22.16075267100007],[113.57406660200002,22.16075267100007],[113.57406660200002,22.15611399900007],[113.57178795700008,22.152899481000077],[113.56788170700008,22.15058014500005],[113.56324303500003,22.15058014500005],[113.56023196700005,22.141546942000048],[113.56763756600003,22.139064846000053],[113.57252037900003,22.13731517100007]]],[[[113.9105737640001,22.15843333500004],[113.90333092500009,22.15843333500004],[113.89714603000004,22.15843333500004],[113.89958743600005,22.163031317000048],[113.9105737640001,22.166164455000057],[113.9105737640001,22.15843333500004]]],[[[113.9105737640001,22.17869700700004],[113.9105737640001,22.17637767100007],[113.90333092500009,22.17869700700004],[113.90333092500009,22.18650950700004],[113.9105737640001,22.17869700700004]]],[[[113.97754967500009,22.193426825000074],[113.98373457100001,22.198960679000038],[113.98764082100001,22.198960679000038],[113.99073326900009,22.191880601000037],[113.98910566500001,22.18650950700004],[113.98446699300007,22.188055731000077],[113.97754967500009,22.193426825000074]]],[[[113.54843183700007,22.202053127000056],[113.54916425900001,22.199733791000085],[113.5507104830001,22.198960679000038],[113.55713951900009,22.202460028000075],[113.55380293100006,22.196641343000067],[113.55380293100006,22.195868231000077],[113.55225670700008,22.197414455000057],[113.5507104830001,22.195868231000077],[113.55152428500003,22.194199937000064],[113.55152428500003,22.191880601000037],[113.55152428500003,22.191107489000046],[113.55152428500003,22.189561265000066],[113.54843183700007,22.188055731000077],[113.54297936300009,22.18419017100007],[113.53988691500001,22.182643947000088],[113.53598066500001,22.182643947000088],[113.53288821700005,22.17869700700004],[113.52890058700007,22.17869700700004],[113.524831576,22.17381419500009],[113.52475019600001,22.17373281500005],[113.51986738400001,22.183701890000066],[113.52019290500004,22.184881903000075],[113.52214603000004,22.19049713700008],[113.524831576,22.193060614000046],[113.52540123800009,22.19363027600008],[113.53036543100006,22.201524156000062],[113.53524824300007,22.207546291000085],[113.53370201900009,22.210760809000078],[113.53207441500001,22.210760809000078],[113.53288821700005,22.20917389500005],[113.52735436300009,22.207546291000085],[113.52434329500011,22.212551174000055],[113.52890058700007,22.21385325700004],[113.52890058700007,22.214626369000086],[113.53524824300007,22.214626369000086],[113.53646894600001,22.21706777600008],[113.53891035200002,22.220770575000074],[113.54452558700007,22.217678127000056],[113.54452558700007,22.216131903000075],[113.5507104830001,22.21385325700004],[113.55380293100006,22.211493231000077],[113.55559329500011,22.207546291000085],[113.55681399800005,22.203558661000045],[113.55152428500003,22.204413153000075],[113.54843183700007,22.202053127000056]]],[[[114.02214603000004,22.206773179000038],[114.026784701,22.205226955000057],[114.03451582100001,22.205226955000057],[114.03142337300005,22.195868231000077],[114.026784701,22.198960679000038],[114.01579837300005,22.191880601000037],[114.01498457100001,22.198187567000048],[114.02214603000004,22.202826239000046],[114.02214603000004,22.206773179000038]]],[[[114.12574303500003,22.213446356000077],[114.13282311300009,22.216131903000075],[114.13282311300009,22.20994700700004],[114.12574303500003,22.205226955000057],[114.13819420700008,22.20604075700004],[114.149,22.20604075700004],[114.149,22.199949796086095],[114.14307701900009,22.196112372000073],[114.1390893890001,22.191107489000046],[114.14535566500001,22.17869700700004],[114.13738040500004,22.17877838700008],[114.11085045700008,22.177069403000075],[114.11410566500001,22.18573639500005],[114.11410566500001,22.216131903000075],[114.10425866000003,22.215969143000052],[114.10637454500011,22.222398179000038],[114.10670006600003,22.23578522300005],[114.11329186300009,22.233343817000048],[114.11744225400003,22.221869208000044],[114.12574303500003,22.213446356000077]]],[[[114.149,22.240419307202817],[114.149,22.233251508417048],[114.1444604830001,22.236476955000057],[114.14218183700007,22.24119700700004],[114.14218183700007,22.241888739000046],[114.149,22.240419307202817]]],[[[114.03142337300005,22.249741929000038],[114.02051842500009,22.255194403000075],[114.02369225400003,22.255967515000066],[114.04224694100003,22.255967515000066],[114.04297936300009,22.24119700700004],[114.03834069100003,22.24119700700004],[114.03142337300005,22.249741929000038]]],[[[114.05176842500009,22.261379299000055],[114.04786217500009,22.256740627000056],[114.04297936300009,22.256740627000056],[114.0453393890001,22.262152411000045],[114.050222201,22.262152411000045],[114.05176842500009,22.261379299000055]]],[[[114.12045332100001,22.281683661000045],[114.12907962300005,22.285630601000037],[114.1390893890001,22.288723049000055],[114.149,22.285891445857207],[114.149,22.24516622083782],[114.13599694100003,22.245754299000055],[114.12907962300005,22.248887437000064],[114.12501061300009,22.256740627000056],[114.12354576900009,22.261379299000055],[114.11882571700005,22.269191799000055],[114.11255944100003,22.271511135000083],[114.11337324300007,22.277818101000037],[114.1156518890001,22.279364325000074],[114.12045332100001,22.281683661000045]]],[[[113.85678144600001,22.25226471600007],[113.85059655000009,22.256781317000048],[113.85108483200008,22.257106838000084],[113.85987389400009,22.263454494000086],[113.86695397200003,22.26898834800005],[113.8676050140001,22.270738023000035],[113.87680097700002,22.272284247000073],[113.88396243600005,22.279364325000074],[113.8925073580001,22.292710679000038],[113.91130618600005,22.292710679000038],[113.92147871200007,22.291856187000064],[113.92839603000004,22.284857489000046],[113.93864993600005,22.288723049000055],[113.96192467500009,22.301174221000053],[113.97673587300005,22.298081773000035],[113.98373457100001,22.309027411000045],[113.99244225400003,22.310573635000083],[113.99952233200008,22.32225169500009],[114.01734459700003,22.33551666900007],[114.02051842500009,22.328517971000053],[114.04379316500001,22.345770575000074],[114.04932701900009,22.342230536000045],[114.05486087300005,22.336330471000053],[114.05176842500009,22.328517971000053],[114.050222201,22.319932359000063],[114.04615319100003,22.323146877000056],[114.03834069100003,22.324571031000062],[114.03142337300005,22.324571031000062],[114.02963300900001,22.308986721000053],[114.01270592500009,22.311346747000073],[114.01270592500009,22.298081773000035],[114.02214603000004,22.301906643000052],[114.01758873800009,22.28904857000009],[114.01889082100001,22.264593817000048],[114.00416100400003,22.264593817000048],[113.99537194100003,22.26776764500005],[114.007253451,22.252101955000057],[113.99244225400003,22.24119700700004],[114.01498457100001,22.227077541000085],[114.00017337300005,22.216131903000075],[113.98194420700008,22.208238023000035],[113.98064212300005,22.215318101000037],[113.98064212300005,22.237250067000048],[113.96908613400001,22.237250067000048],[113.95956464900007,22.237250067000048],[113.94564863400001,22.237250067000048],[113.92839603000004,22.223985093000067],[113.92147871200007,22.223985093000067],[113.91830488400001,22.219224351000037],[113.92839603000004,22.216905015000066],[113.92839603000004,22.210760809000078],[113.91911868600005,22.205023505000042],[113.90626061300009,22.204006252000056],[113.89405358200008,22.215318101000037],[113.8925073580001,22.222398179000038],[113.88396243600005,22.219997463000084],[113.87370853000004,22.21308014500005],[113.85914147200003,22.20140208500004],[113.84644616000003,22.197088934000078],[113.83920332100001,22.204901434000078],[113.83790123800009,22.217962958000044],[113.837331576,22.228623765000066],[113.83920332100001,22.234198309000078],[113.84921308700007,22.234198309000078],[113.84921308700007,22.24412669500009],[113.85678144600001,22.24599844000005],[113.85678144600001,22.25226471600007]]],[[[114.07439212300005,22.284084377000056],[114.07349694100003,22.280137437000064],[114.06967207100001,22.280137437000064],[114.06967207100001,22.285630601000037],[114.07195071700005,22.285630601000037],[114.07439212300005,22.284084377000056]]],[[[114.04297936300009,22.285630601000037],[114.04297936300009,22.281683661000045],[114.03451582100001,22.279364325000074],[114.03451582100001,22.288723049000055],[114.03524824300007,22.288723049000055],[114.04070071700005,22.291083075000074],[114.03834069100003,22.285630601000037],[114.04297936300009,22.285630601000037]]],[[[113.92367597700002,22.312892971000053],[113.92367597700002,22.313666083000044],[113.92994225400003,22.31598541900007],[113.933034701,22.32225169500009],[113.93612714900007,22.318426825000074],[113.94255618600005,22.32225169500009],[113.93946373800009,22.312892971000053],[113.93612714900007,22.309800523000035],[113.93376712300005,22.300401109000063],[113.93148847700002,22.292710679000038],[113.92994225400003,22.292710679000038],[113.92994225400003,22.301174221000053],[113.92367597700002,22.311346747000073],[113.92367597700002,22.312892971000053]]],[[[114.14136803500003,22.31598541900007],[114.14535566500001,22.316799221000053],[114.14682050900001,22.313666083000044],[114.14136803500003,22.310573635000083],[114.13672936300009,22.313666083000044],[114.12981204500011,22.31521230700008],[114.12907962300005,22.31598541900007],[114.13436933700007,22.319932359000063],[114.14136803500003,22.31598541900007]]],[[[114.10873457100001,22.340236721000053],[114.10482832100001,22.326117255000042],[114.08904056100005,22.32225169500009],[114.08684329500011,22.339463609000063],[114.07911217500009,22.349636135000083],[114.07911217500009,22.35578034100007],[114.08529707100001,22.358994859000063],[114.09376061300009,22.35578034100007],[114.10254967500009,22.353461005000042],[114.10564212300005,22.347276109000063],[114.10873457100001,22.340236721000053]]],[[[114.05486087300005,22.347276109000063],[114.05795332100001,22.351914781000062],[114.06576582100001,22.348822333000044],[114.06267337300005,22.345770575000074],[114.06177819100003,22.339463609000063],[114.05640709700003,22.339463609000063],[114.05486087300005,22.347276109000063]]],[[[113.88396243600005,22.37921784100007],[113.87989342500009,22.36985911700009],[113.87606855600006,22.38389720300006],[113.88396243600005,22.37921784100007]]],[[[113.62118666100002,22.39141902700004],[113.61227218300007,22.397961588000044],[113.61044137500005,22.41333744600007],[113.61181578900005,22.430470252000077],[113.6233788830001,22.43987218600006],[113.6348832110001,22.43804473600005],[113.64959548400009,22.43856570300005],[113.65786970800002,22.43202334500006],[113.6578245720001,22.423751330000073],[113.65329326100004,22.41372844400007],[113.642421958,22.411420603000067],[113.64234696300002,22.400189681000086],[113.63144949100001,22.396102116000066],[113.62118666100002,22.39141902700004]]],[[[113.64183151700001,22.601623679000056],[113.6280148190001,22.595784940000044],[113.6026095740001,22.611521289000052],[113.56242715100007,22.65568324900005],[113.52533118000008,22.68318207300007],[113.49136813500002,22.70577385200005],[113.47651141600011,22.719514324000045],[113.47653944900003,22.731267681000077],[113.50208046400007,22.736111940000058],[113.52550121900003,22.744872770000086],[113.54675920200009,22.74188415100008],[113.5595046740001,22.734999722000055],[113.563707368,22.72030299800008],[113.57320394300007,22.70069774500007],[113.5753217350001,22.698734278000074],[113.603939094,22.684951690000048],[113.6356865240001,22.656474951000064],[113.64510971700008,22.625115360000052],[113.64183151700001,22.601623679000056]]],[[[113.52116946700005,22.787909247000073],[113.50611412900003,22.798041083000044],[113.49529056100005,22.81386953300006],[113.48080488400001,22.849310614000046],[113.47396894600001,22.849310614000046],[113.47315514400009,22.825384833000044],[113.45590254000001,22.83075592700004],[113.43409264400009,22.84906647300005],[113.40211022200003,22.882879950000074],[113.39616946700005,22.898098049000055],[113.40512129000001,22.90810781500005],[113.43295332100001,22.91201406500005],[113.47559655000009,22.90070221600007],[113.48780358200008,22.89280833500004],[113.52702884200005,22.846625067000048],[113.54672285200002,22.834865627000056],[113.57300866000003,22.83006419500009],[113.57642662900003,22.823919989000046],[113.58765709700003,22.794623114000046],[113.59351647200003,22.784816799000055],[113.60287519600001,22.77244700700004],[113.60279381600003,22.762640692000048],[113.59457441500001,22.75608958500004],[113.57984459700003,22.753729559000078],[113.55827884200005,22.757879950000074],[113.54460696700005,22.768784898000035],[113.53565514400009,22.784328518000052],[113.52857506600003,22.80215078300006],[113.52116946700005,22.787909247000073]]],[[[113.51537583800007,22.969220349000068],[113.52920975100005,22.96035383800006],[113.529185923,22.948594041000035],[113.54513977500005,22.937762314000054],[113.55359928200005,22.911280871000088],[113.553541515,22.885811368000077],[113.54501369100001,22.879960560000086],[113.52375724500007,22.89667912200008],[113.50995973500005,22.921216480000055],[113.50575350000008,22.951609447000067],[113.51537583800007,22.969220349000068]]]]},"properties":{"surface":"land","source":"https://www.naturalearthdata.com/downloads/10m-physical-vectors/10m-land/","license":"public-domain","source_sha256":"e547d749445eaa0964aba76738090ec88f5e63c4585122170f98c67a7ea922dc"}}]}
