/* F-19 START.EXE dseg image — the file-backed bytes of the original data
 * segment (offsets 0x0000-0x98DF). Copied into f19_dseg at startup so
 * const tables, strings and preinit words behave like the DOS image.
 * Extracted from the authoritative EN START.EXE load image. */
#include "inttype.h"

extern const uint8 f19_dseg_img[0x98E0] = {
    0x00,0x00,0x00,0x00,0x00,0x00,0x00,0x00,0x4d,0x53,0x20,0x52,0x75,0x6e,0x2d,0x54,
    0x69,0x6d,0x65,0x20,0x4c,0x69,0x62,0x72,0x61,0x72,0x79,0x20,0x2d,0x20,0x43,0x6f,
    0x70,0x79,0x72,0x69,0x67,0x68,0x74,0x20,0x28,0x63,0x29,0x20,0x31,0x39,0x38,0x38,
    0x2c,0x20,0x4d,0x69,0x63,0x72,0x6f,0x73,0x6f,0x66,0x74,0x20,0x43,0x6f,0x72,0x70,
    0x11,0x00,0x73,0x63,0x65,0x6e,0x65,0x72,0x79,0x30,0x2e,0x65,0x78,0x65,0x00,0x74,
    0x69,0x74,0x6c,0x65,0x31,0x36,0x2e,0x70,0x69,0x63,0x00,0x63,0x72,0x65,0x64,0x69,
    0x74,0x31,0x36,0x2e,0x70,0x69,0x63,0x00,0x61,0x64,0x76,0x2e,0x70,0x69,0x63,0x00,
    0x49,0x6e,0x73,0x75,0x66,0x66,0x69,0x63,0x69,0x65,0x6e,0x74,0x20,0x66,0x72,0x65,
    0x65,0x20,0x6d,0x65,0x6d,0x6f,0x72,0x79,0x24,0x00,0x43,0x6c,0x69,0x70,0x63,0x2e,
    0x70,0x61,0x6b,0x00,0x4e,0x6f,0x74,0x65,0x63,0x2e,0x70,0x61,0x6b,0x00,0x4d,0x61,
    0x70,0x73,0x2e,0x73,0x70,0x72,0x00,0x61,0x72,0x6d,0x69,0x6e,0x67,0x2e,0x73,0x70,
    0x72,0x00,0x43,0x6c,0x69,0x70,0x63,0x2e,0x70,0x61,0x6b,0x00,0x4e,0x6f,0x74,0x65,
    0x63,0x2e,0x70,0x61,0x6b,0x00,0x74,0x65,0x6d,0x70,0x2e,0x77,0x6c,0x64,0x00,0x00,
    0x00,0x00,0x00,0x00,0x0f,0x00,0x00,0x00,0x00,0x00,0x00,0x00,0x01,0x00,0x00,0x00,
    0x00,0x00,0x00,0x00,0x00,0x00,0xd0,0x00,0x00,0x00,0x00,0x00,0x09,0x00,0x00,0x00,
    0x00,0x00,0x00,0x00,0x01,0x00,0x00,0x00,0x00,0x00,0x00,0x00,0x00,0x00,0xe8,0x00,
    0x0a,0x80,0x54,0x68,0x69,0x73,0x20,0x77,0x65,0x61,0x70,0x6f,0x6e,0x20,0x69,0x73,
    0x20,0x74,0x65,0x6d,0x70,0x6f,0x72,0x61,0x72,0x69,0x6c,0x79,0x20,0x75,0x6e,0x61,
    0x76,0x61,0x69,0x6c,0x61,0x62,0x6c,0x65,0x2e,0x00,0x0a,0x80,0x54,0x61,0x6e,0x67,
    0x6f,0x20,0x4c,0x69,0x6d,0x61,0x20,0x38,0x33,0x32,0x20,0x67,0x6f,0x74,0x20,0x74,
    0x68,0x65,0x20,0x6c,0x61,0x73,0x74,0x20,0x6f,0x66,0x20,0x74,0x68,0x6f,0x73,0x65,
    0x2e,0x00,0x0a,0x80,0x41,0x20,0x6e,0x65,0x77,0x20,0x73,0x75,0x70,0x70,0x6c,0x79,
    0x20,0x69,0x73,0x20,0x64,0x75,0x65,0x20,0x69,0x6e,0x20,0x74,0x6f,0x6d,0x6f,0x72,
    0x72,0x6f,0x77,0x2e,0x00,0x0a,0x80,0x49,0x20,0x63,0x6f,0x75,0x6c,0x64,0x27,0x61,
    0x20,0x73,0x77,0x6f,0x72,0x6e,0x20,0x77,0x65,0x20,0x68,0x61,0x64,0x20,0x73,0x6f,
    0x6d,0x65,0x20,0x6f,0x66,0x20,0x74,0x68,0x65,0x6d,0x2e,0x00,0x0a,0x80,0x57,0x6f,
    0x6e,0x27,0x74,0x20,0x68,0x61,0x76,0x65,0x20,0x74,0x68,0x65,0x73,0x65,0x20,0x27,
    0x74,0x69,0x6c,0x6c,0x20,0x6e,0x65,0x78,0x74,0x20,0x54,0x75,0x65,0x73,0x64,0x61,
    0x79,0x2e,0x00,0x0a,0x80,0x53,0x75,0x70,0x70,0x6c,0x79,0x20,0x72,0x61,0x6e,0x20,
    0x6f,0x75,0x74,0x20,0x6f,0x66,0x20,0x74,0x68,0x65,0x6d,0x20,0x79,0x65,0x73,0x74,
    0x65,0x72,0x64,0x61,0x79,0x2e,0x00,0x0a,0x80,0x53,0x6f,0x72,0x72,0x79,0x2c,0x20,
    0x6e,0x6f,0x74,0x20,0x61,0x76,0x61,0x69,0x6c,0x61,0x62,0x6c,0x65,0x2e,0x00,0x0a,
    0x80,0x54,0x68,0x6f,0x73,0x65,0x20,0x61,0x72,0x65,0x20,0x6f,0x6e,0x20,0x62,0x61,
    0x63,0x6b,0x6f,0x72,0x64,0x65,0x72,0x2e,0x00,0x32,0x6e,0x64,0x20,0x4c,0x74,0x2e,
    0x20,0x00,0x31,0x73,0x74,0x20,0x4c,0x74,0x2e,0x20,0x00,0x43,0x61,0x70,0x74,0x2e,
    0x20,0x00,0x4d,0x61,0x6a,0x6f,0x72,0x20,0x00,0x4c,0x74,0x2e,0x20,0x43,0x6f,0x6c,
    0x2e,0x20,0x00,0x43,0x6f,0x6c,0x2e,0x20,0x00,0x42,0x72,0x69,0x67,0x2e,0x20,0x47,
    0x65,0x6e,0x2e,0x20,0x00,0x00,0x00,0x01,0x2a,0x01,0x52,0x01,0x75,0x01,0x9c,0x01,
    0xc3,0x01,0xe7,0x01,0xff,0x01,0x06,0x00,0x9d,0x00,0xdb,0x00,0xbd,0x00,0xd9,0x00,
    0x93,0x00,0x39,0x00,0x02,0x00,0x78,0x00,0x87,0x00,0x00,0x00,0x00,0x00,0x00,0x00,
    0x00,0x00,0x8d,0x00,0x00,0x00,0x19,0x02,0x22,0x02,0x2b,0x02,0x32,0x02,0x39,0x02,
    0x43,0x02,0x49,0x02,0x50,0x00,0x53,0x00,0x54,0x2c,0x4c,0x00,0x54,0x00,0x4c,0x00,
    0x54,0x2c,0x4c,0x00,0x54,0x00,0x4c,0x00,0x50,0x00,0x53,0x00,0x54,0x2c,0x4c,0x00,
    0x54,0x00,0x4c,0x00,0x50,0x72,0x65,0x73,0x73,0x20,0x53,0x65,0x6c,0x65,0x63,0x74,
    0x6f,0x72,0x20,0x74,0x6f,0x20,0x65,0x78,0x69,0x74,0x20,0x74,0x68,0x69,0x73,0x20,
    0x62,0x72,0x69,0x65,0x66,0x69,0x6e,0x67,0x00,0x80,0x54,0x68,0x65,0x20,0x64,0x69,
    0x72,0x65,0x63,0x74,0x20,0x72,0x6f,0x75,0x74,0x65,0x20,0x66,0x6c,0x69,0x67,0x68,
    0x74,0x20,0x70,0x6c,0x61,0x6e,0x20,0x69,0x73,0x20,0x66,0x6c,0x61,0x73,0x68,0x69,
    0x6e,0x67,0x00,0x50,0x72,0x65,0x73,0x73,0x20,0x53,0x65,0x6c,0x65,0x63,0x74,0x6f,
    0x72,0x20,0x74,0x6f,0x20,0x72,0x65,0x76,0x69,0x65,0x77,0x20,0x66,0x6c,0x69,0x67,
    0x68,0x74,0x20,0x70,0x6c,0x61,0x6e,0x20,0x61,0x6e,0x64,0x20,0x52,0x75,0x6c,0x65,
    0x73,0x20,0x6f,0x66,0x20,0x45,0x6e,0x67,0x61,0x67,0x65,0x6d,0x65,0x6e,0x74,0x00,
    0x80,0x48,0x6f,0x73,0x74,0x69,0x6c,0x65,0x20,0x66,0x6f,0x72,0x63,0x65,0x20,0x63,
    0x6f,0x6e,0x63,0x65,0x6e,0x74,0x72,0x61,0x74,0x69,0x6f,0x6e,0x73,0x2e,0x00,0x53,
    0x65,0x6c,0x65,0x63,0x74,0x6f,0x72,0x20,0x2d,0x20,0x53,0x68,0x6f,0x77,0x00,0x66,
    0x6f,0x72,0x63,0x65,0x20,0x63,0x6f,0x6e,0x63,0x65,0x6e,0x74,0x72,0x61,0x74,0x69,
    0x6f,0x6e,0x73,0x00,0x80,0x48,0x6f,0x73,0x74,0x69,0x6c,0x65,0x20,0x66,0x6f,0x72,
    0x63,0x65,0x73,0x20,0x68,0x61,0x76,0x65,0x20,0x63,0x6f,0x6e,0x63,0x65,0x6e,0x74,
    0x72,0x61,0x74,0x65,0x64,0x20,0x69,0x6e,0x20,0x74,0x68,0x65,0x20,0x66,0x6c,0x61,
    0x73,0x68,0x69,0x6e,0x67,0x20,0x61,0x72,0x65,0x61,0x73,0x2e,0x20,0x20,0x00,0x41,
    0x76,0x6f,0x69,0x64,0x20,0x69,0x66,0x20,0x70,0x6f,0x73,0x73,0x69,0x62,0x6c,0x65,
    0x2e,0x00,0x53,0x65,0x6c,0x65,0x63,0x74,0x6f,0x72,0x20,0x2d,0x20,0x52,0x65,0x6d,
    0x6f,0x76,0x65,0x00,0x66,0x6f,0x72,0x63,0x65,0x20,0x63,0x6f,0x6e,0x63,0x65,0x6e,
    0x74,0x72,0x61,0x74,0x69,0x6f,0x6e,0x73,0x00,0x80,0x4e,0x6f,0x20,0x73,0x70,0x65,
    0x63,0x69,0x61,0x6c,0x20,0x61,0x63,0x74,0x69,0x76,0x69,0x74,0x79,0x20,0x6f,0x6e,
    0x20,0x74,0x68,0x65,0x20,0x70,0x61,0x72,0x74,0x20,0x6f,0x66,0x20,0x74,0x68,0x65,
    0x20,0x65,0x6e,0x65,0x6d,0x79,0x20,0x68,0x61,0x73,0x20,0x62,0x65,0x65,0x6e,0x20,
    0x72,0x65,0x70,0x6f,0x72,0x74,0x65,0x64,0x2e,0x00,0x80,0x50,0x72,0x69,0x6d,0x61,
    0x72,0x79,0x20,0x61,0x6e,0x64,0x20,0x73,0x65,0x63,0x6f,0x6e,0x64,0x61,0x72,0x79,
    0x20,0x74,0x61,0x72,0x67,0x65,0x74,0x73,0x20,0x61,0x72,0x65,0x20,0x66,0x6c,0x61,
    0x73,0x68,0x69,0x6e,0x67,0x00,0x50,0x72,0x65,0x73,0x73,0x20,0x53,0x65,0x6c,0x65,
    0x63,0x74,0x6f,0x72,0x20,0x74,0x6f,0x20,0x72,0x65,0x76,0x69,0x65,0x77,0x20,0x6d,
    0x69,0x73,0x73,0x69,0x6f,0x6e,0x20,0x6f,0x62,0x6a,0x65,0x63,0x74,0x69,0x76,0x65,
    0x73,0x00,0x52,0x41,0x44,0x41,0x52,0x20,0x44,0x41,0x54,0x41,0x00,0x4c,0x4f,0x43,
    0x3a,0x20,0x00,0x54,0x59,0x50,0x45,0x3a,0x20,0x00,0x2d,0x00,0x44,0x6f,0x70,0x70,
    0x6c,0x65,0x72,0x00,0x50,0x75,0x6c,0x73,0x65,0x00,0x52,0x44,0x52,0x20,0x52,0x4e,
    0x47,0x3a,0x00,0x6b,0x6d,0x20,0x00,0x28,0x61,0x76,0x67,0x29,0x00,0x28,0x6d,0x61,
    0x78,0x29,0x00,0x4d,0x53,0x4c,0x20,0x52,0x4e,0x47,0x3a,0x00,0x6b,0x6d,0x20,0x28,
    0x6d,0x61,0x78,0x29,0x00,0x53,0x54,0x41,0x54,0x55,0x53,0x3a,0x20,0x00,0x4e,0x65,
    0x75,0x74,0x72,0x61,0x6c,0x00,0x4e,0x4f,0x54,0x45,0x53,0x3a,0x20,0x00,0x45,0x6c,
    0x69,0x6d,0x69,0x6e,0x61,0x74,0x65,0x64,0x20,0x62,0x79,0x00,0x20,0x20,0x20,0x70,
    0x72,0x65,0x76,0x69,0x6f,0x75,0x73,0x20,0x73,0x74,0x72,0x69,0x6b,0x65,0x00,0x42,
    0x65,0x6c,0x69,0x65,0x76,0x65,0x64,0x20,0x74,0x6f,0x20,0x62,0x65,0x00,0x20,0x20,
    0x20,0x75,0x6e,0x64,0x65,0x72,0x20,0x72,0x65,0x70,0x61,0x69,0x72,0x00,0x4f,0x63,
    0x63,0x61,0x73,0x69,0x6f,0x6e,0x61,0x6c,0x6c,0x79,0x00,0x20,0x20,0x20,0x69,0x73,
    0x20,0x6f,0x66,0x66,0x20,0x74,0x68,0x65,0x20,0x61,0x69,0x72,0x00,0x02,0x03,0x20,
    0x2d,0x20,0x53,0x69,0x74,0x65,0x20,0x44,0x61,0x74,0x61,0x00,0x53,0x65,0x6c,0x65,
    0x63,0x74,0x6f,0x72,0x20,0x2d,0x20,0x00,0x53,0x68,0x6f,0x77,0x20,0x61,0x76,0x67,
    0x00,0x53,0x68,0x6f,0x77,0x20,0x6d,0x61,0x78,0x00,0x52,0x65,0x6d,0x6f,0x76,0x65,
    0x20,0x61,0x6c,0x6c,0x00,0x53,0x68,0x6f,0x77,0x20,0x61,0x6c,0x6c,0x00,0x52,0x65,
    0x6d,0x6f,0x76,0x65,0x20,0x61,0x6c,0x6c,0x00,0x41,0x49,0x52,0x42,0x41,0x53,0x45,
    0x20,0x44,0x41,0x54,0x41,0x00,0x4c,0x4f,0x43,0x3a,0x20,0x00,0x53,0x54,0x41,0x54,
    0x55,0x53,0x3a,0x20,0x00,0x46,0x72,0x69,0x65,0x6e,0x64,0x6c,0x79,0x00,0x4e,0x65,
    0x75,0x74,0x72,0x61,0x6c,0x00,0x48,0x6f,0x73,0x74,0x69,0x6c,0x65,0x00,0x46,0x47,
    0x54,0x52,0x20,0x54,0x59,0x50,0x45,0x3a,0x20,0x00,0x53,0x51,0x44,0x52,0x4e,0x53,
    0x3a,0x20,0x00,0x02,0x03,0x20,0x2d,0x20,0x41,0x69,0x72,0x20,0x42,0x61,0x73,0x65,
    0x20,0x44,0x61,0x74,0x61,0x00,0x53,0x65,0x6c,0x65,0x63,0x74,0x6f,0x72,0x20,0x2d,
    0x20,0x00,0x53,0x68,0x6f,0x77,0x20,0x61,0x6c,0x6c,0x00,0x52,0x65,0x6d,0x6f,0x76,
    0x65,0x20,0x61,0x6c,0x6c,0x00,0x4e,0x65,0x78,0x74,0x20,0x6d,0x69,0x73,0x73,0x69,
    0x6f,0x6e,0x20,0x61,0x73,0x73,0x69,0x67,0x6e,0x65,0x64,0x20,0x74,0x6f,0x3a,0x00,
    0x43,0x61,0x72,0x65,0x65,0x72,0x20,0x52,0x65,0x63,0x6f,0x72,0x64,0x20,0x6f,0x66,
    0x3a,0x00,0x4d,0x69,0x73,0x73,0x69,0x6f,0x6e,0x73,0x20,0x66,0x6c,0x6f,0x77,0x6e,
    0x3a,0x20,0x00,0x43,0x61,0x72,0x65,0x65,0x72,0x20,0x74,0x6f,0x74,0x61,0x6c,0x3a,
    0x20,0x00,0x4c,0x61,0x73,0x74,0x20,0x6d,0x69,0x73,0x73,0x69,0x6f,0x6e,0x3a,0x20,
    0x00,0x42,0x65,0x73,0x74,0x20,0x6d,0x69,0x73,0x73,0x69,0x6f,0x6e,0x3a,0x20,0x00,
    0x41,0x4d,0x00,0x3a,0x00,0x44,0x46,0x43,0x00,0x3a,0x00,0x53,0x53,0x00,0x3a,0x00,
    0x41,0x46,0x43,0x00,0x3a,0x00,0x50,0x48,0x00,0x43,0x4d,0x4f,0x48,0x00,0x52,0x69,
    0x73,0x6b,0x3a,0x20,0x00,0x00,0x03,0x00,0x03,0x00,0x03,0x00,0x05,0x00,0x07,0x00,
    0x00,0x00,0x00,0x00,0x00,0x00,0x03,0x00,0x05,0x00,0x08,0x00,0x00,0x00,0x03,0x00,
    0x06,0x00,0x00,0x00,0x00,0x00,0x00,0x00,0x00,0x00,0x00,0x41,0x6c,0x6c,0x6f,0x63,
    0x20,0x31,0x4d,0x62,0x20,0x6f,0x66,0x20,0x73,0x70,0x61,0x63,0x65,0x3f,0x24,0x4d,
    0x53,0x2d,0x44,0x4f,0x53,0x20,0x6c,0x69,0x65,0x64,0x20,0x74,0x6f,0x20,0x75,0x73,
    0x20,0x61,0x62,0x6f,0x75,0x74,0x20,0x68,0x6f,0x77,0x20,0x6d,0x75,0x63,0x68,0x20,
    0x6d,0x65,0x6d,0x6f,0x72,0x79,0x20,0x77,0x61,0x73,0x20,0x61,0x76,0x61,0x69,0x6c,
    0x61,0x62,0x6c,0x65,0x24,0x46,0x69,0x6c,0x65,0x6e,0x61,0x6d,0x65,0x20,0x6e,0x6f,
    0x74,0x20,0x66,0x6f,0x75,0x6e,0x64,0x24,0x4e,0x6f,0x74,0x20,0x65,0x6e,0x6f,0x75,
    0x67,0x68,0x20,0x6d,0x65,0x6d,0x6f,0x72,0x79,0x20,0x74,0x6f,0x20,0x6c,0x6f,0x61,
    0x64,0x20,0x66,0x69,0x6c,0x65,0x24,0x4f,0x76,0x65,0x72,0x6c,0x61,0x79,0x20,0x6c,
    0x6f,0x61,0x64,0x20,0x66,0x61,0x69,0x6c,0x65,0x64,0x20,0x66,0x6f,0x72,0x20,0x73,
    0x6f,0x6d,0x65,0x20,0x72,0x65,0x61,0x73,0x6f,0x6e,0x24,0x4f,0x76,0x65,0x72,0x6c,
    0x61,0x79,0x20,0x68,0x61,0x73,0x20,0x6f,0x76,0x65,0x72,0x72,0x75,0x6e,0x20,0x61,
    0x6c,0x6c,0x6f,0x63,0x61,0x74,0x65,0x64,0x20,0x6d,0x65,0x6d,0x6f,0x72,0x79,0x24,
    0x55,0x6e,0x61,0x62,0x6c,0x65,0x20,0x74,0x6f,0x20,0x73,0x68,0x72,0x69,0x6e,0x6b,
    0x20,0x6f,0x76,0x65,0x72,0x6c,0x61,0x79,0x20,0x6d,0x65,0x6d,0x6f,0x72,0x79,0x20,
    0x61,0x6c,0x6c,0x6f,0x63,0x61,0x74,0x69,0x6f,0x6e,0x24,0x45,0x72,0x72,0x6f,0x72,
    0x20,0x72,0x65,0x6c,0x65,0x61,0x73,0x69,0x6e,0x67,0x20,0x6f,0x76,0x65,0x72,0x6c,
    0x61,0x79,0x20,0x6d,0x65,0x6d,0x6f,0x72,0x79,0x24,0x00,0x00,0x00,0x00,0x00,0x00,
    0x00,0x00,0x00,0x00,0x00,0x00,0x00,0x00,0x00,0x00,0x00,0x00,0x00,0x00,0x00,0x00,
    0x00,0x00,0x00,0x00,0x00,0x00,0x00,0x00,0x00,0x00,0x00,0x00,0x00,0x00,0x00,0x00,
    0x00,0x00,0x00,0x00,0x00,0x00,0x00,0x00,0x00,0x00,0x00,0x00,0x00,0x00,0x00,0x00,
    0x00,0x00,0x00,0x00,0x00,0x00,0x00,0x00,0x00,0x00,0x00,0x00,0x00,0x00,0x00,0x00,
    0x00,0x00,0x00,0x00,0x00,0x00,0x00,0x00,0x00,0x00,0x00,0x00,0x00,0x00,0x00,0x00,
    0x00,0x00,0x00,0x00,0x00,0x00,0x00,0x00,0x00,0x00,0x00,0x00,0x00,0x00,0x00,0x00,
    0x00,0x00,0x00,0x00,0x00,0x00,0x00,0x00,0x00,0x00,0x00,0x00,0x00,0x00,0x00,0x00,
    0x00,0x00,0x00,0x00,0x00,0x00,0x00,0x00,0x00,0x00,0x00,0x00,0x00,0x00,0x00,0x00,
    0x00,0x00,0x00,0x00,0x00,0x00,0x00,0x00,0x00,0x00,0x00,0x00,0x00,0x00,0x00,0x00,
    0x00,0x00,0x00,0x00,0x00,0x00,0x00,0x00,0x00,0x00,0x00,0x00,0x00,0x00,0x00,0x00,
    0x00,0x00,0x00,0x00,0x00,0x00,0x00,0x00,0x00,0x00,0x00,0x00,0x00,0x00,0x00,0x00,
    0x00,0x00,0x00,0x00,0x00,0x00,0x00,0x00,0x00,0x00,0x00,0x00,0x00,0x00,0x00,0x00,
    0x00,0x00,0x00,0x00,0x00,0x00,0x00,0x00,0x00,0x00,0x00,0x00,0x00,0x00,0x00,0x00,
    0x00,0x00,0x00,0x00,0x00,0x00,0x00,0x00,0x00,0x00,0x00,0x00,0x00,0x00,0x00,0x00,
    0x00,0x00,0x00,0x00,0x00,0x00,0x00,0x00,0x00,0x00,0x00,0x00,0x00,0x00,0x00,0x00,
    0x00,0x00,0x00,0x00,0x00,0x00,0x00,0x00,0x00,0x00,0x00,0x00,0x00,0x00,0x00,0x00,
    0x00,0x00,0x00,0x00,0x00,0x00,0x00,0x00,0x00,0x00,0x00,0x00,0x00,0x00,0x00,0x00,
    0x00,0x00,0x00,0x00,0x00,0x00,0x00,0x00,0x00,0x00,0x00,0x00,0x00,0x00,0x00,0x00,
    0x00,0x00,0x00,0x00,0x00,0x00,0x00,0x00,0x00,0x00,0x00,0x00,0x00,0x00,0x00,0x00,
    0x00,0x00,0x00,0x00,0x00,0x00,0x00,0x00,0x00,0x00,0x00,0x00,0x00,0x00,0x00,0x00,
    0x00,0x00,0x00,0x00,0x00,0x00,0x00,0x00,0x00,0x00,0x00,0x00,0x00,0x00,0x00,0x00,
    0x00,0x00,0x00,0x00,0x00,0x00,0x00,0x00,0x00,0x00,0x00,0x00,0x00,0x00,0x00,0x00,
    0x00,0x00,0x00,0x00,0x00,0x00,0x00,0x00,0x00,0x00,0x00,0x00,0x00,0x00,0x00,0x00,
    0x00,0x00,0x00,0x00,0x00,0x00,0x00,0x00,0x00,0x00,0x00,0x00,0x00,0x00,0x00,0x00,
    0x00,0x00,0x00,0x00,0x00,0x00,0x00,0x00,0x00,0x00,0x00,0x00,0x00,0x00,0x00,0x00,
    0x00,0x00,0x00,0x00,0x00,0x00,0x00,0x00,0x00,0x00,0x00,0x00,0x00,0x00,0x00,0x00,
    0x00,0x00,0x00,0x00,0x00,0x00,0x00,0x00,0x00,0x00,0x00,0x00,0x00,0x00,0x00,0x00,
    0x00,0x00,0x00,0x00,0x00,0x00,0x00,0x00,0x00,0x00,0x00,0x00,0x00,0x00,0x00,0x00,
    0x00,0x00,0x00,0x00,0x00,0x00,0x00,0x00,0x00,0x00,0x00,0x00,0x00,0x00,0x00,0x00,
    0x00,0x00,0x00,0x00,0x00,0x00,0x00,0x00,0x00,0x00,0x00,0x00,0x00,0x00,0x00,0x00,
    0x00,0x00,0x00,0x00,0x00,0x00,0x00,0x00,0x00,0x00,0x00,0x00,0x00,0x00,0x00,0x00,
    0x00,0x00,0x00,0x00,0x00,0x00,0x00,0x00,0x00,0x00,0x00,0x00,0x00,0x00,0x00,0x00,
    0x00,0x00,0x00,0x00,0x00,0x00,0x00,0x00,0x00,0x00,0x00,0x00,0x00,0x00,0x00,0x00,
    0x00,0x00,0x00,0x00,0x00,0x00,0x00,0x00,0x00,0x00,0x00,0x00,0x00,0x00,0x00,0x00,
    0x00,0x00,0x00,0x00,0x00,0x00,0x00,0x00,0x00,0x00,0x00,0x00,0x00,0x00,0x2a,0x2e,
    0x2a,0x00,0x49,0x03,0x46,0x31,0x39,0x41,0x00,0xff,0x00,0x00,0x00,0x00,0x00,0x08,
    0x00,0x3f,0x3f,0x3f,0x3f,0x3f,0x3f,0x3f,0x3f,0x3f,0x3f,0x3f,0x00,0x00,0x00,0x00,
    0x00,0x00,0x00,0x00,0x00,0x00,0x00,0x00,0x00,0x00,0x00,0x00,0x00,0x00,0x00,0x00,
    0x00,0x00,0x00,0x00,0x00,0x00,0x00,0x00,0x00,0x00,0x00,0x00,0x00,0x00,0x00,0x00,
    0x00,0x00,0x00,0x00,0x00,0x00,0x00,0x00,0x00,0x00,0x00,0x00,0x00,0x00,0x00,0x00,
    0x00,0x00,0x00,0x00,0x00,0x00,0x00,0x00,0x00,0x00,0x00,0x00,0x00,0x00,0x00,0x00,
    0x00,0x00,0x00,0x00,0x00,0x00,0x00,0x00,0x00,0x00,0x00,0x00,0x00,0x00,0x00,0x00,
    0x00,0x00,0x00,0x00,0x00,0x00,0x00,0x00,0x00,0x00,0x00,0x00,0x00,0x00,0x00,0x00,
    0x00,0x00,0x00,0x00,0x00,0x00,0x00,0x00,0x00,0x00,0x00,0x00,0x00,0x00,0x00,0x00,
    0x00,0x00,0x00,0x00,0x00,0x00,0x00,0x00,0x00,0x00,0x00,0x00,0x00,0x00,0x00,0x00,
    0x00,0x00,0x00,0x00,0x00,0x00,0x00,0x00,0x00,0x00,0x00,0x00,0x00,0x00,0x00,0x00,
    0x00,0x00,0x00,0x00,0x00,0x00,0x00,0x00,0x00,0x00,0x00,0x45,0x72,0x72,0x6f,0x72,
    0x20,0x72,0x65,0x6c,0x65,0x61,0x73,0x69,0x6e,0x67,0x20,0x6f,0x76,0x65,0x72,0x6c,
    0x61,0x79,0x20,0x6d,0x65,0x6d,0x6f,0x72,0x79,0x24,0xea,0x00,0x00,0x00,0x00,0xea,
    0x00,0x00,0x00,0x00,0xea,0x00,0x00,0x00,0x00,0xea,0x00,0x00,0x00,0x00,0xea,0x00,
    0x00,0x00,0x00,0xea,0x00,0x00,0x00,0x00,0xea,0x00,0x00,0x00,0x00,0xea,0x00,0x00,
    0x00,0x00,0xea,0x00,0x00,0x00,0x00,0xea,0x00,0x00,0x00,0x00,0xea,0x00,0x00,0x00,
    0x00,0xea,0x00,0x00,0x00,0x00,0xea,0x00,0x00,0x00,0x00,0xea,0x00,0x00,0x00,0x00,
    0xea,0x00,0x00,0x00,0x00,0xea,0x00,0x00,0x00,0x00,0xea,0x00,0x00,0x00,0x00,0xea,
    0x00,0x00,0x00,0x00,0xea,0x00,0x00,0x00,0x00,0xea,0x00,0x00,0x00,0x00,0xea,0x00,
    0x00,0x00,0x00,0xea,0x00,0x00,0x00,0x00,0xea,0x00,0x00,0x00,0x00,0xea,0x00,0x00,
    0x00,0x00,0xea,0x00,0x00,0x00,0x00,0xea,0x00,0x00,0x00,0x00,0xea,0x00,0x00,0x00,
    0x00,0xea,0x00,0x00,0x00,0x00,0xea,0x00,0x00,0x00,0x00,0xea,0x00,0x00,0x00,0x00,
    0xea,0x00,0x00,0x00,0x00,0xea,0x00,0x00,0x00,0x00,0xea,0x00,0x00,0x00,0x00,0xea,
    0x00,0x00,0x00,0x00,0xea,0x00,0x00,0x00,0x00,0xea,0x00,0x00,0x00,0x00,0xea,0x00,
    0x00,0x00,0x00,0xea,0x00,0x00,0x00,0x00,0xea,0x00,0x00,0x00,0x00,0xea,0x00,0x00,
    0x00,0x00,0xea,0x00,0x00,0x00,0x00,0xea,0x00,0x00,0x00,0x00,0xea,0x00,0x00,0x00,
    0x00,0xea,0x00,0x00,0x00,0x00,0xea,0x00,0x00,0x00,0x00,0xea,0x00,0x00,0x00,0x00,
    0xea,0x00,0x00,0x00,0x00,0xea,0x00,0x00,0x00,0x00,0xea,0x00,0x00,0x00,0x00,0xea,
    0x00,0x00,0x00,0x00,0xea,0x00,0x00,0x00,0x00,0xea,0x00,0x00,0x00,0x00,0xea,0x00,
    0x00,0x00,0x00,0xea,0x00,0x00,0x00,0x00,0xea,0x00,0x00,0x00,0x00,0xea,0x00,0x00,
    0x00,0x00,0xea,0x00,0x00,0x00,0x00,0xea,0x00,0x00,0x00,0x00,0xea,0x00,0x00,0x00,
    0x00,0xea,0x00,0x00,0x00,0x00,0xea,0x00,0x00,0x00,0x00,0xea,0x00,0x00,0x00,0x00,
    0xea,0x00,0x00,0x00,0x00,0xea,0x00,0x00,0x00,0x00,0xea,0x00,0x00,0x00,0x00,0xea,
    0x00,0x00,0x00,0x00,0xea,0x00,0x00,0x00,0x00,0xea,0x00,0x00,0x00,0x00,0xea,0x00,
    0x00,0x00,0x00,0xea,0x00,0x00,0x00,0x00,0xea,0x00,0x00,0x00,0x00,0xea,0x00,0x00,
    0x00,0x00,0xea,0x00,0x00,0x00,0x00,0xea,0x00,0x00,0x00,0x00,0xea,0x00,0x00,0x00,
    0x00,0xea,0x00,0x00,0x00,0x00,0xea,0x00,0x00,0x00,0x00,0xea,0x00,0x00,0x00,0x00,
    0xea,0x00,0x00,0x00,0x00,0xea,0x00,0x00,0x00,0x00,0xea,0x00,0x00,0x00,0x00,0xea,
    0x00,0x00,0x00,0x00,0xea,0x00,0x00,0x00,0x00,0xea,0x00,0x00,0x00,0x00,0x00,0x00,
    0x00,0x00,0x00,0x00,0x00,0x00,0x00,0x00,0x00,0x00,0x00,0x00,0x00,0x00,0x00,0x00,
    0x00,0x00,0x00,0x00,0x00,0x00,0x00,0x00,0x00,0x00,0x00,0x00,0xea,0x00,0x00,0x00,
    0x00,0xea,0x00,0x00,0x00,0x00,0xea,0x00,0x00,0x00,0x00,0xea,0x00,0x00,0x00,0x00,
    0xea,0x00,0x00,0x00,0x00,0xea,0x00,0x00,0x00,0x00,0x00,0x00,0x00,0x00,0x00,0x00,
    0x00,0x00,0x00,0x00,0x00,0x00,0x00,0x00,0x00,0x00,0x00,0x00,0x00,0x00,0xea,0x00,
    0x00,0x00,0x00,0xea,0x00,0x00,0x00,0x00,0xea,0x00,0x00,0x00,0x00,0xea,0x00,0x00,
    0x00,0x00,0xea,0x00,0x00,0x00,0x00,0xea,0x00,0x00,0x00,0x00,0xea,0x00,0x00,0x00,
    0x00,0xea,0x00,0x00,0x00,0x00,0xea,0x00,0x00,0x00,0x00,0x00,0x00,0x00,0x00,0x00,
    0x00,0x00,0x00,0x00,0x00,0x3f,0x01,0x6f,0x00,0x00,0x00,0x00,0x00,0x00,0x00,0x00,
    0x00,0x00,0x00,0xff,0xff,0xff,0xff,0xff,0xff,0xff,0xff,0xff,0xff,0xff,0xff,0xff,
    0xff,0xff,0xff,0xff,0xff,0xff,0xff,0xff,0xff,0xff,0xff,0xff,0xff,0xff,0xff,0xff,
    0xff,0xff,0xff,0xff,0xff,0xff,0xff,0xff,0xff,0xff,0xff,0xff,0xff,0xff,0xff,0xff,
    0xff,0xff,0xff,0xff,0xff,0xff,0xff,0xff,0xff,0xff,0xff,0xff,0xff,0xff,0xff,0xff,
    0xff,0xff,0xff,0xff,0xff,0xff,0xff,0xff,0xff,0xff,0xff,0xff,0xff,0xff,0xff,0xff,
    0xff,0xff,0xff,0xff,0xff,0xff,0xff,0xff,0xff,0xff,0xff,0xff,0xff,0xff,0xff,0xff,
    0xff,0xff,0xff,0xff,0xff,0xff,0xff,0xff,0xff,0xff,0xff,0xff,0xff,0xff,0xff,0xff,
    0xff,0xff,0xff,0xff,0xff,0xff,0xff,0xff,0xff,0xff,0xff,0xff,0xff,0xff,0xff,0xff,
    0xff,0xff,0xff,0xff,0xff,0xff,0xff,0xff,0xff,0xff,0xff,0xff,0xff,0xff,0xff,0xff,
    0xff,0xff,0xff,0xff,0xff,0xff,0xff,0xff,0xff,0xff,0xff,0xff,0xff,0xff,0xff,0xff,
    0xff,0xff,0xff,0xff,0xff,0xff,0xff,0xff,0xff,0xff,0xff,0xff,0xff,0xff,0xff,0xff,
    0xff,0xff,0xff,0xff,0xff,0xff,0xff,0xff,0xff,0xff,0xff,0xff,0xff,0xff,0xff,0xff,
    0xff,0xff,0xff,0xff,0xff,0xff,0xff,0xff,0xff,0xff,0xff,0xff,0xff,0xff,0xff,0xff,
    0xff,0xff,0xff,0xff,0xff,0xff,0xff,0xff,0xff,0xff,0xff,0xff,0xff,0xff,0xff,0xff,
    0xff,0xff,0xff,0xff,0xff,0xff,0xff,0xff,0xff,0xff,0xff,0xff,0xff,0xff,0xff,0xff,
    0xff,0xff,0xff,0xff,0xff,0xff,0xff,0xff,0xff,0xff,0xff,0xff,0xff,0xff,0xff,0xff,
    0xff,0xff,0xff,0xff,0xff,0xff,0xff,0xff,0xff,0xff,0xff,0xff,0xff,0xff,0xff,0xff,
    0xff,0xff,0xff,0xff,0xff,0xff,0xff,0xff,0xff,0xff,0xff,0xff,0xff,0xff,0xff,0xff,
    0xff,0xff,0xff,0xff,0xff,0xff,0xff,0xff,0xff,0xff,0xff,0xff,0xff,0xff,0xff,0xff,
    0xff,0xff,0xff,0xff,0xff,0xff,0xff,0xff,0xff,0xff,0xff,0xff,0xff,0xff,0xff,0xff,
    0xff,0xff,0xff,0xff,0xff,0xff,0xff,0xff,0xff,0xff,0xff,0xff,0xff,0xff,0xff,0xff,
    0xff,0xff,0xff,0xff,0xff,0xff,0xff,0xff,0xff,0xff,0xff,0xff,0xff,0xff,0xff,0xff,
    0xff,0xff,0xff,0xff,0xff,0xff,0xff,0xff,0xff,0xff,0xff,0xff,0xff,0xff,0xff,0xff,
    0xff,0xff,0xff,0xff,0xff,0xff,0xff,0xff,0xff,0xff,0xff,0xff,0xff,0xff,0xff,0xff,
    0xff,0xff,0xff,0xff,0xff,0xff,0xff,0xff,0xff,0xff,0xff,0xff,0xff,0xff,0xff,0xff,
    0xff,0xff,0xff,0xff,0xff,0xff,0xff,0xff,0xff,0xff,0xff,0xff,0xff,0xff,0xff,0xff,
    0xff,0xff,0xff,0xff,0xff,0xff,0xff,0xff,0xff,0xff,0xff,0xff,0xff,0xff,0xff,0xff,
    0xff,0xff,0xff,0xff,0xff,0xff,0xff,0xff,0xff,0xff,0xff,0x00,0x00,0x00,0x00,0x00,
    0x00,0x00,0x00,0x00,0x00,0x00,0x00,0x00,0x00,0x00,0x00,0x00,0x00,0x00,0x00,0x00,
    0x00,0x00,0x00,0x00,0x00,0x00,0x00,0x00,0x00,0x00,0x00,0x00,0x00,0x00,0x00,0x00,
    0x00,0x00,0x00,0x00,0x00,0x00,0x00,0x00,0x00,0x00,0x00,0x00,0x00,0x00,0x00,0x00,
    0x00,0x00,0x00,0x00,0x00,0x00,0x00,0x00,0x00,0x00,0x00,0x00,0x00,0x00,0x00,0x00,
    0x00,0x00,0x00,0x00,0x00,0x00,0x00,0x00,0x00,0x00,0x00,0x00,0x00,0x00,0x00,0x00,
    0x00,0x00,0x00,0x00,0x00,0x00,0x00,0x00,0x00,0x00,0x00,0x00,0x00,0x00,0x00,0x00,
    0x00,0x00,0x00,0x00,0x00,0x00,0x00,0x00,0x00,0x00,0x00,0x00,0x00,0x00,0x00,0x00,
    0x00,0x00,0x00,0x00,0x00,0x00,0x00,0x00,0x00,0x00,0x00,0x00,0x00,0x00,0x00,0x00,
    0x00,0x00,0x00,0x00,0x00,0x00,0x00,0x00,0x00,0x00,0x00,0x00,0x00,0x00,0x00,0x00,
    0x00,0x00,0x00,0x00,0x00,0x00,0x00,0x00,0x00,0x00,0x00,0x00,0x00,0x00,0x00,0x00,
    0x00,0x00,0x00,0x00,0x00,0x00,0x00,0x00,0x00,0x00,0x00,0x00,0x00,0x00,0x00,0x00,
    0x00,0x00,0x00,0x00,0x00,0x00,0x00,0x00,0x00,0x00,0x00,0x00,0x00,0x00,0x00,0x00,
    0x00,0x00,0x00,0x00,0x00,0x00,0x00,0x00,0x00,0x00,0x00,0x00,0x00,0x00,0x00,0x00,
    0x00,0x00,0x00,0x00,0x00,0x00,0x00,0x00,0x00,0x00,0x00,0x00,0x00,0x00,0x00,0x00,
    0x00,0x00,0x00,0x00,0x00,0x00,0x00,0x00,0x00,0x00,0x00,0x00,0x00,0x00,0x00,0x00,
    0x00,0x00,0x00,0x00,0x00,0x00,0x00,0x00,0x00,0x00,0x00,0x00,0x00,0x00,0x00,0x00,
    0x00,0x00,0x00,0x00,0x00,0x00,0x00,0x00,0x00,0x00,0x00,0x00,0x00,0x00,0x00,0x00,
    0x00,0x00,0x00,0x00,0x00,0x00,0x00,0x00,0x00,0x00,0x00,0x00,0x00,0x00,0x00,0x00,
    0x00,0x00,0x00,0x00,0x00,0x00,0x00,0x00,0x00,0x00,0x00,0x00,0x00,0x00,0x00,0x00,
    0x00,0x00,0x00,0x00,0x00,0x00,0x00,0x00,0x00,0x00,0x00,0x00,0x00,0x00,0x00,0x00,
    0x00,0x00,0x00,0x00,0x00,0x00,0x00,0x00,0x00,0x00,0x00,0x00,0x00,0x00,0x00,0x00,
    0x00,0x00,0x00,0x00,0x00,0x00,0x00,0x00,0x00,0x00,0x00,0x00,0x00,0x00,0x00,0x00,
    0x00,0x00,0x00,0x00,0x00,0x00,0x00,0x00,0x00,0x00,0x00,0x00,0x00,0x00,0x00,0x00,
    0x00,0x00,0x00,0x00,0x00,0x00,0x00,0x00,0x00,0x00,0x00,0x00,0x00,0x00,0x00,0x00,
    0x00,0x00,0x00,0x00,0x00,0x00,0x00,0x00,0x00,0x00,0x00,0x00,0x00,0x00,0x00,0x00,
    0x00,0x00,0x00,0x00,0x00,0x00,0x00,0x00,0x00,0x00,0x00,0x00,0x00,0x00,0x00,0x00,
    0x00,0x00,0x00,0x00,0x00,0x00,0x00,0x00,0x00,0x00,0x00,0x00,0x00,0x00,0x00,0x00,
    0x00,0x00,0x00,0x00,0x00,0x00,0x00,0xff,0xff,0x00,0x00,0x00,0x00,0x00,0x24,0x03,
    0x48,0x06,0x6b,0x09,0x8c,0x0c,0xab,0x0f,0xc8,0x12,0xe2,0x15,0xf9,0x18,0x0c,0x1c,
    0x1a,0x1f,0x24,0x22,0x28,0x25,0x27,0x28,0x1f,0x2b,0x11,0x2e,0xfc,0x30,0xdf,0x33,
    0xba,0x36,0x8d,0x39,0x57,0x3c,0x17,0x3f,0xce,0x41,0x7b,0x44,0x1d,0x47,0xb4,0x49,
    0x40,0x4c,0xc0,0x4e,0x34,0x51,0x9b,0x53,0xf6,0x55,0x43,0x58,0x82,0x5a,0xb4,0x5c,
    0xd7,0x5e,0xec,0x60,0xf2,0x62,0xe9,0x64,0xd0,0x66,0xa7,0x68,0x6e,0x6a,0x24,0x6c,
    0xca,0x6d,0x5f,0x6f,0xe3,0x70,0x55,0x72,0xb6,0x73,0x05,0x75,0x42,0x76,0x6c,0x77,
    0x85,0x78,0x8a,0x79,0x7d,0x7a,0x5d,0x7b,0x2a,0x7c,0xe4,0x7c,0x8a,0x7d,0x1e,0x7e,
    0x9d,0x7e,0x0a,0x7f,0x62,0x7f,0xa7,0x7f,0xd9,0x7f,0xf6,0x7f,0xff,0x7f,0xf6,0x7f,
    0xd9,0x7f,0xa7,0x7f,0x62,0x7f,0x0a,0x7f,0x9d,0x7e,0x1e,0x7e,0x8a,0x7d,0xe4,0x7c,
    0x2a,0x7c,0x5d,0x7b,0x7d,0x7a,0x8a,0x79,0x85,0x78,0x6c,0x77,0x42,0x76,0x05,0x75,
    0xb6,0x73,0x55,0x72,0xe3,0x70,0x5f,0x6f,0xca,0x6d,0x24,0x6c,0x6e,0x6a,0xa7,0x68,
    0xd0,0x66,0xe9,0x64,0xf2,0x62,0xec,0x60,0xd7,0x5e,0xb4,0x5c,0x82,0x5a,0x43,0x58,
    0xf6,0x55,0x9b,0x53,0x34,0x51,0xc0,0x4e,0x40,0x4c,0xb4,0x49,0x1d,0x47,0x7b,0x44,
    0xce,0x41,0x17,0x3f,0x57,0x3c,0x8d,0x39,0xba,0x36,0xdf,0x33,0xfc,0x30,0x11,0x2e,
    0x1f,0x2b,0x27,0x28,0x28,0x25,0x24,0x22,0x1a,0x1f,0x0c,0x1c,0xf9,0x18,0xe2,0x15,
    0xc8,0x12,0xab,0x0f,0x8c,0x0c,0x6b,0x09,0x48,0x06,0x24,0x03,0x00,0x00,0xdc,0xfc,
    0xb8,0xf9,0x95,0xf6,0x74,0xf3,0x55,0xf0,0x38,0xed,0x1e,0xea,0x07,0xe7,0xf4,0xe3,
    0xe6,0xe0,0xdc,0xdd,0xd8,0xda,0xd9,0xd7,0xe1,0xd4,0xef,0xd1,0x04,0xcf,0x21,0xcc,
    0x46,0xc9,0x73,0xc6,0xa9,0xc3,0xe9,0xc0,0x32,0xbe,0x85,0xbb,0xe3,0xb8,0x4c,0xb6,
    0xc0,0xb3,0x40,0xb1,0xcc,0xae,0x65,0xac,0x0a,0xaa,0xbd,0xa7,0x7e,0xa5,0x4c,0xa3,
    0x29,0xa1,0x14,0x9f,0x0e,0x9d,0x17,0x9b,0x30,0x99,0x59,0x97,0x92,0x95,0xdc,0x93,
    0x36,0x92,0xa1,0x90,0x1d,0x8f,0xab,0x8d,0x4a,0x8c,0xfb,0x8a,0xbe,0x89,0x94,0x88,
    0x7b,0x87,0x76,0x86,0x83,0x85,0xa3,0x84,0xd6,0x83,0x1c,0x83,0x76,0x82,0xe2,0x81,
    0x63,0x81,0xf6,0x80,0x9e,0x80,0x59,0x80,0x27,0x80,0x0a,0x80,0x01,0x80,0x0a,0x80,
    0x27,0x80,0x59,0x80,0x9e,0x80,0xf6,0x80,0x63,0x81,0xe2,0x81,0x76,0x82,0x1c,0x83,
    0xd6,0x83,0xa3,0x84,0x83,0x85,0x76,0x86,0x7b,0x87,0x94,0x88,0xbe,0x89,0xfb,0x8a,
    0x4a,0x8c,0xab,0x8d,0x1d,0x8f,0xa1,0x90,0x36,0x92,0xdc,0x93,0x92,0x95,0x59,0x97,
    0x30,0x99,0x17,0x9b,0x0e,0x9d,0x14,0x9f,0x29,0xa1,0x4c,0xa3,0x7e,0xa5,0xbd,0xa7,
    0x0a,0xaa,0x65,0xac,0xcc,0xae,0x40,0xb1,0xc0,0xb3,0x4c,0xb6,0xe3,0xb8,0x85,0xbb,
    0x32,0xbe,0xe9,0xc0,0xa9,0xc3,0x73,0xc6,0x46,0xc9,0x21,0xcc,0x04,0xcf,0xef,0xd1,
    0xe1,0xd4,0xd9,0xd7,0xd8,0xda,0xdc,0xdd,0xe6,0xe0,0xf4,0xe3,0x07,0xe7,0x1e,0xea,
    0x38,0xed,0x55,0xf0,0x74,0xf3,0x95,0xf6,0xb8,0xf9,0xdc,0xfc,0x00,0x00,0x00,0x00,
    0x00,0x00,0x00,0x00,0x00,0x00,0x00,0x00,0x00,0x00,0x00,0x00,0x00,0x00,0x00,0x00,
    0x00,0x00,0x00,0x00,0x00,0x00,0x00,0x00,0x00,0x00,0x00,0x00,0x00,0x00,0x00,0x00,
    0x00,0x00,0x00,0x00,0x00,0x00,0x00,0x00,0x00,0x00,0x00,0x00,0x00,0x00,0x00,0x00,
    0x00,0x00,0x00,0x00,0x00,0x00,0x00,0x00,0x00,0x00,0x00,0x00,0x00,0x00,0x00,0x00,
    0x00,0x00,0x00,0x00,0x00,0x00,0x00,0x00,0x00,0x00,0x00,0x00,0x00,0x00,0x00,0x00,
    0x00,0x00,0x00,0x00,0x00,0x00,0x00,0x00,0x00,0x00,0x00,0x00,0x00,0x00,0x00,0x00,
    0x00,0x00,0x00,0x00,0x00,0x00,0x00,0x00,0x00,0x00,0x00,0x00,0x00,0x00,0x00,0x00,
    0x00,0x00,0x00,0x00,0x00,0x00,0x00,0x00,0x00,0x00,0x00,0x00,0x00,0x00,0x00,0x00,
    0x00,0x00,0x00,0x00,0x00,0x00,0x00,0x00,0x00,0x00,0x00,0x00,0x00,0x00,0x00,0x00,
    0x00,0x00,0x00,0x00,0x00,0x00,0x00,0x00,0x00,0x00,0x00,0x00,0x00,0x00,0x00,0x00,
    0x00,0x00,0x00,0x00,0x00,0x00,0x00,0x00,0x00,0x00,0x00,0x00,0x00,0x00,0x00,0x00,
    0x00,0x00,0x00,0x00,0x00,0x00,0x00,0x00,0x00,0x00,0x00,0x00,0x00,0x00,0x00,0x00,
    0x00,0x00,0x00,0x00,0x00,0x00,0x00,0x00,0x00,0x00,0x00,0x00,0x00,0x00,0x00,0x00,
    0x00,0x00,0x00,0x00,0x00,0x00,0x00,0x00,0x00,0x00,0x00,0x00,0x00,0x00,0x00,0x00,
    0x00,0x00,0x00,0x00,0x00,0x00,0x00,0x00,0x00,0x00,0x00,0x00,0x00,0x00,0x00,0x00,
    0x00,0x00,0x00,0x00,0x00,0x00,0x00,0x00,0x00,0x00,0x00,0x00,0x00,0x00,0x00,0x00,
    0x00,0x00,0x00,0x00,0x00,0x00,0x00,0x00,0x00,0x00,0x00,0x00,0x00,0x00,0x00,0x00,
    0x00,0x00,0x00,0x00,0x00,0x00,0x00,0x00,0x00,0x00,0x00,0x00,0x00,0x00,0x00,0x00,
    0x00,0x00,0x00,0x00,0x00,0x00,0x00,0x00,0x00,0x00,0x00,0x00,0x00,0x00,0x00,0x00,
    0x00,0x00,0x00,0x00,0x00,0x00,0x00,0x00,0x00,0x00,0x00,0x00,0x00,0x00,0x00,0x00,
    0x00,0x00,0x00,0x00,0x00,0x00,0x00,0x00,0x00,0x00,0x00,0x00,0x00,0x00,0x00,0x00,
    0x00,0x00,0x00,0x00,0x00,0x00,0x00,0x00,0x00,0x00,0x00,0x00,0x00,0x00,0x00,0x00,
    0x00,0x00,0x00,0x00,0x00,0x00,0x00,0x00,0x00,0x00,0x00,0x00,0x00,0x00,0x00,0x00,
    0x00,0x00,0x00,0x00,0x00,0x00,0x00,0x00,0x00,0x00,0x00,0x00,0x00,0x00,0x00,0x00,
    0x00,0x00,0x00,0x00,0x00,0x00,0x00,0x00,0x00,0x00,0x00,0x00,0x00,0x00,0x00,0x00,
    0x00,0x00,0x00,0x00,0x00,0x00,0x00,0x00,0x00,0x00,0x00,0x00,0x00,0x00,0x00,0x00,
    0x00,0x00,0x00,0x00,0x00,0x00,0x00,0x00,0x00,0x00,0x00,0x00,0x00,0x00,0x00,0x00,
    0x00,0x00,0x00,0x00,0x00,0x00,0x00,0x00,0x00,0x00,0x00,0x00,0x00,0x00,0x00,0x00,
    0x00,0x00,0x00,0x00,0x00,0x00,0x00,0x00,0x00,0x00,0x00,0x00,0x00,0x00,0x00,0x00,
    0x00,0x00,0x00,0x00,0x00,0x00,0x00,0x00,0x00,0x00,0x00,0x00,0x00,0x00,0x00,0x00,
    0x00,0x00,0x00,0x00,0x00,0x00,0x00,0x00,0x00,0x00,0x00,0x00,0x00,0x00,0x00,0x00,
    0x00,0x00,0x00,0x00,0x00,0x00,0x00,0x00,0x00,0x00,0x00,0x00,0x00,0x00,0x00,0x00,
    0x00,0x00,0x00,0x00,0x00,0x00,0x00,0x00,0x00,0x00,0x00,0x00,0x00,0x00,0x00,0x00,
    0x00,0x00,0x3a,0x46,0x69,0x6c,0x65,0x20,0x6e,0x6f,0x74,0x20,0x66,0x6f,0x75,0x6e,
    0x64,0x24,0x3a,0x4e,0x6f,0x20,0x66,0x69,0x6c,0x65,0x20,0x62,0x75,0x66,0x66,0x65,
    0x72,0x73,0x20,0x61,0x76,0x61,0x69,0x6c,0x61,0x62,0x6c,0x65,0x24,0x3a,0x4f,0x70,
    0x65,0x6e,0x20,0x65,0x72,0x72,0x6f,0x72,0x20,0x24,0x46,0x69,0x6c,0x65,0x20,0x63,
    0x6c,0x6f,0x73,0x69,0x6e,0x67,0x20,0x65,0x72,0x72,0x6f,0x72,0x24,0x52,0x65,0x61,
    0x64,0x20,0x65,0x72,0x72,0x6f,0x72,0x24,0x57,0x72,0x69,0x74,0x65,0x20,0x65,0x72,
    0x72,0x6f,0x72,0x24,0x00,0x00,0x00,0x00,0x00,0x00,0x00,0x00,0x00,0x00,0x00,0x00,
    0x00,0x00,0x00,0x00,0x00,0x00,0x00,0x00,0x00,0x00,0x00,0x00,0x00,0x00,0x00,0x00,
    0x00,0x00,0x00,0x00,0x00,0x00,0x00,0x00,0x00,0x00,0x00,0x00,0x00,0x00,0x00,0x00,
    0x00,0x00,0x00,0x00,0x00,0x00,0x00,0x00,0x00,0x00,0x00,0x00,0x00,0x00,0x00,0x00,
    0x00,0x00,0x00,0x00,0x00,0x00,0x00,0x00,0x00,0x00,0x00,0x00,0x00,0x00,0x00,0x00,
    0x00,0x00,0x00,0x00,0x00,0x00,0x00,0x00,0x00,0x00,0x00,0x00,0x00,0x00,0x00,0x00,
    0x00,0x00,0x00,0x00,0x00,0x00,0x00,0x00,0x00,0x00,0x00,0x00,0x00,0x00,0x00,0x00,
    0x00,0x00,0x00,0x00,0x00,0x00,0x00,0x00,0x00,0x00,0x00,0x00,0x00,0x00,0x00,0x00,
    0x00,0x00,0x00,0x00,0x00,0x00,0x00,0x00,0x00,0x00,0x00,0x00,0x00,0x00,0x00,0x00,
    0x00,0x00,0x00,0x00,0x00,0x00,0x00,0x00,0x00,0x00,0x00,0x00,0x00,0x00,0x00,0x00,
    0x00,0x00,0x00,0x00,0x00,0x00,0x00,0x00,0x00,0x00,0x00,0x00,0x00,0x00,0x00,0x00,
    0x00,0x00,0x00,0x00,0x00,0x00,0x00,0x00,0x00,0x00,0x00,0x00,0x00,0x00,0x00,0x00,
    0x00,0x00,0x00,0x00,0x00,0x00,0x00,0x00,0x00,0x00,0x00,0x00,0x00,0x00,0x00,0x00,
    0x00,0x00,0x00,0x00,0x00,0x00,0x00,0x00,0x00,0x00,0x00,0x00,0x00,0x00,0x00,0x00,
    0x00,0x00,0x00,0x00,0x00,0x00,0x00,0x00,0x00,0x00,0x00,0x00,0x00,0x00,0x00,0x00,
    0x00,0x00,0x00,0x00,0x00,0x00,0x00,0x00,0x00,0x00,0x00,0x00,0x00,0x00,0x00,0x00,
    0x00,0x00,0x00,0x00,0x00,0x00,0x00,0x00,0x00,0x00,0x00,0x00,0x00,0x00,0x00,0x00,
    0x00,0x00,0x00,0x00,0x00,0x00,0x00,0x00,0x00,0x00,0x00,0x00,0x00,0x00,0x00,0x00,
    0x00,0x00,0x00,0x00,0x00,0x00,0x00,0x00,0x00,0x00,0x00,0x00,0x00,0x00,0x00,0x00,
    0x00,0x00,0x00,0x00,0x00,0x00,0x00,0x00,0x00,0x00,0x00,0x00,0x00,0x00,0x00,0x00,
    0x00,0x00,0x00,0x00,0x00,0x00,0x00,0x00,0x00,0x00,0x00,0x00,0x00,0x00,0x00,0x00,
    0x00,0x00,0x00,0x00,0x00,0x00,0x00,0x00,0x00,0x00,0x00,0x00,0x00,0x00,0x00,0x00,
    0x00,0x00,0x00,0x00,0x00,0x00,0x00,0x00,0x00,0x00,0x00,0x00,0x00,0x00,0x00,0x00,
    0x00,0x00,0x00,0x00,0x00,0x00,0x00,0x00,0x00,0x00,0x00,0x00,0x00,0x00,0x00,0x00,
    0x00,0x00,0x00,0x00,0x00,0x00,0x00,0x00,0x00,0x00,0x00,0x00,0x00,0x00,0x00,0x00,
    0x00,0x00,0x00,0x00,0x00,0x00,0x00,0x00,0x00,0x00,0x00,0x00,0x00,0x00,0x00,0x00,
    0x00,0x00,0x00,0x00,0x00,0x00,0x00,0x00,0x00,0x00,0x00,0xb8,0x01,0x00,0x00,0x00,
    0x0f,0x00,0x00,0x00,0x00,0x00,0x00,0xb8,0x01,0x00,0x00,0x00,0x0f,0x00,0x00,0x00,
    0x00,0x00,0x00,0xb8,0x01,0x00,0x00,0x00,0x0f,0x00,0x00,0x00,0x00,0x00,0x00,0xb8,
    0x01,0x00,0x00,0x00,0x0f,0x00,0x00,0x00,0x00,0x00,0x00,0xb8,0x01,0x00,0x00,0x00,
    0x0f,0x00,0x00,0x00,0x00,0x00,0xca,0x16,0xd6,0x16,0xe2,0x16,0xee,0x16,0xfa,0x16,
    0x00,0x00,0x00,0x00,0x00,0x00,0x00,0x00,0x00,0x00,0x00,0x00,0x00,0x00,0x00,0x00,
    0x00,0x00,0x00,0x00,0x00,0x00,0x00,0x00,0x00,0x00,0x00,0x00,0x00,0x00,0x00,0x00,
    0x00,0x00,0x00,0x00,0x00,0x00,0x00,0x00,0x00,0x00,0x00,0x00,0x00,0x00,0x00,0x00,
    0x00,0x00,0x00,0x00,0x00,0x00,0x00,0x00,0x00,0x00,0x00,0x00,0x00,0x00,0x00,0x00,
    0x00,0x00,0x00,0x00,0x00,0x00,0x00,0x00,0x00,0x00,0x00,0x00,0x00,0x00,0x00,0x00,
    0x00,0x00,0x00,0x00,0x00,0x00,0x00,0x00,0x00,0x00,0x00,0x00,0x00,0x00,0x00,0x00,
    0x00,0x00,0x00,0x00,0x00,0x00,0x00,0x00,0x00,0x00,0x00,0x00,0x00,0x00,0x00,0x00,
    0x00,0x00,0x00,0x00,0x00,0x00,0x00,0x00,0x00,0x00,0x00,0x00,0x00,0x00,0x00,0x00,
    0x00,0x00,0x00,0x00,0x00,0x00,0x00,0x00,0x00,0x00,0x00,0x00,0x00,0x00,0x00,0x00,
    0x00,0x00,0x00,0x00,0x00,0x00,0x00,0x00,0x00,0x00,0x00,0x00,0x00,0x00,0x00,0x00,
    0x00,0x00,0x00,0x00,0x00,0x00,0x00,0x00,0x00,0x00,0x00,0x00,0x00,0x00,0x00,0x00,
    0x00,0x00,0x00,0x00,0x00,0x00,0x00,0x00,0x00,0x00,0x00,0x00,0x00,0x00,0x00,0x00,
    0x00,0x00,0x00,0x00,0x00,0x00,0x00,0x00,0x00,0x00,0x00,0x00,0x00,0x00,0x00,0x00,
    0x00,0x00,0x00,0x00,0x00,0x00,0x00,0x00,0x00,0x00,0x00,0x00,0x00,0x00,0x00,0x00,
    0x00,0x00,0x00,0x00,0x00,0x00,0x00,0x00,0x00,0x00,0x00,0x00,0x00,0x00,0x00,0x00,
    0x00,0x00,0x00,0x00,0x00,0x00,0x00,0x00,0x00,0x00,0x00,0x00,0x00,0x00,0x00,0x00,
    0x00,0x00,0x00,0x00,0x00,0x00,0x00,0x00,0x00,0x00,0x00,0x00,0x00,0x00,0x00,0x00,
    0x00,0x00,0x00,0x00,0x00,0x00,0x00,0x00,0x00,0x00,0x00,0x00,0x00,0x00,0x00,0x00,
    0x00,0x00,0x00,0x00,0x00,0x00,0x00,0x00,0x00,0x00,0x00,0x00,0x00,0x00,0x00,0x00,
    0x00,0x00,0x00,0x00,0x00,0x00,0x00,0x00,0x00,0x00,0x00,0x00,0x00,0x00,0x00,0x00,
    0x00,0x00,0x00,0x00,0x00,0x00,0x00,0x00,0x00,0x00,0x00,0x00,0x00,0x00,0x00,0x00,
    0x00,0x00,0x00,0x00,0x00,0x00,0x00,0x00,0x00,0x00,0x00,0x00,0x00,0x00,0x00,0x00,
    0x00,0x00,0x00,0x00,0x00,0x00,0x00,0x00,0x00,0x00,0x00,0x00,0x00,0x00,0x00,0x00,
    0x00,0x00,0x00,0x00,0x00,0x00,0x00,0x00,0x00,0x00,0x00,0x00,0x00,0x00,0x00,0x00,
    0x00,0x00,0x00,0x00,0x00,0x00,0x00,0x00,0x00,0x00,0x00,0x00,0x00,0x00,0x00,0x00,
    0x00,0x00,0x00,0x00,0x00,0x00,0x00,0x00,0x00,0x00,0x00,0x00,0x00,0x00,0x00,0x00,
    0x00,0x00,0x00,0x00,0x00,0x00,0x00,0x00,0x00,0x00,0x00,0x00,0x00,0x00,0x00,0x00,
    0x00,0x00,0x00,0x00,0x00,0x00,0x00,0x00,0x00,0x00,0x00,0x00,0x00,0x00,0x00,0x00,
    0x00,0x00,0x00,0x00,0x00,0x00,0x00,0x00,0x00,0x00,0x00,0x00,0x00,0x00,0x00,0x00,
    0x00,0x00,0x00,0x00,0x00,0x00,0x00,0x00,0x00,0x00,0x00,0x00,0x00,0x00,0x00,0x00,
    0x00,0x00,0x00,0x00,0x00,0x00,0x00,0x00,0x00,0x00,0x00,0x00,0x00,0x00,0x00,0x00,
    0x00,0x00,0x00,0x00,0x00,0x00,0x00,0x00,0x00,0x00,0x00,0x00,0x00,0x00,0x00,0x00,
    0x00,0x00,0x00,0x00,0x00,0x00,0x00,0x00,0x00,0x00,0x00,0x00,0x00,0x00,0x00,0x00,
    0x00,0x00,0x00,0x00,0x00,0x00,0x00,0x00,0x00,0x00,0x00,0x00,0x00,0x00,0x00,0x00,
    0x00,0x00,0x00,0x00,0x00,0x00,0x00,0x00,0x00,0x00,0x00,0x00,0x00,0x00,0x00,0x00,
    0x00,0x00,0x00,0x00,0x00,0x00,0x00,0x00,0x00,0x00,0x00,0x00,0x00,0x00,0x00,0x00,
    0x00,0x00,0x00,0x00,0x00,0x00,0x00,0x00,0x00,0x00,0x00,0x00,0x00,0x00,0x00,0x00,
    0x00,0x00,0x00,0x00,0x00,0x00,0x00,0x00,0x00,0x00,0x00,0x00,0x00,0x00,0x00,0x00,
    0x00,0x00,0x00,0x00,0x00,0x00,0x00,0x00,0x00,0x00,0x00,0x00,0x00,0x00,0x00,0x00,
    0x00,0x00,0x00,0x00,0x00,0x00,0x00,0x00,0x00,0x00,0x00,0x00,0x00,0x00,0x00,0x00,
    0x00,0x00,0x00,0x00,0x00,0x00,0x00,0x00,0x00,0x00,0x00,0x00,0x00,0x00,0x00,0x00,
    0x00,0x00,0x00,0x00,0x00,0x00,0x00,0x00,0x00,0x00,0x00,0x00,0x00,0x00,0x00,0x00,
    0x00,0x00,0x00,0x00,0x00,0x00,0x00,0x00,0x00,0x00,0x00,0x00,0x00,0x00,0x00,0x00,
    0x00,0x00,0x00,0x00,0x00,0x00,0x00,0x00,0x00,0x00,0x00,0x00,0x00,0x00,0x00,0x00,
    0x00,0x00,0x00,0x00,0x00,0x00,0x00,0x00,0x00,0x00,0x00,0x00,0x00,0x00,0x00,0x00,
    0x00,0x00,0x00,0x00,0x00,0x00,0x00,0x00,0x00,0x00,0x00,0x00,0x00,0x00,0x00,0x00,
    0x00,0x00,0x00,0x00,0x00,0x00,0x00,0x00,0x00,0x00,0x00,0x00,0x00,0x00,0x00,0x00,
    0x00,0x00,0x00,0x00,0x00,0x00,0x00,0x00,0x00,0x00,0x00,0x00,0x00,0x00,0x00,0x00,
    0x00,0x00,0x00,0x00,0x00,0x00,0x00,0x00,0x00,0x00,0x00,0x00,0x00,0x00,0x00,0x00,
    0x00,0x00,0x00,0x00,0x00,0x00,0x00,0x00,0x00,0x00,0x00,0x00,0x00,0x00,0x00,0x00,
    0x00,0x00,0x00,0x00,0x00,0x00,0x00,0x00,0x00,0x00,0x00,0x00,0x00,0x00,0x00,0x00,
    0x00,0x00,0x00,0x00,0x00,0x00,0x00,0x00,0x00,0x00,0x00,0x00,0x00,0x00,0x00,0x00,
    0x00,0x00,0x00,0x00,0x00,0x00,0x00,0x00,0x00,0x00,0x00,0x00,0x00,0x00,0x00,0x00,
    0x00,0x00,0x00,0x00,0x00,0x00,0x00,0x00,0x00,0x00,0x00,0x00,0x00,0x00,0x00,0x00,
    0x00,0x00,0x00,0x00,0x00,0x00,0x00,0x00,0x00,0x00,0x00,0x00,0x00,0x00,0x00,0x00,
    0x00,0x00,0x00,0x00,0x00,0x00,0x00,0x00,0x00,0x00,0x00,0x00,0x00,0x00,0x00,0x00,
    0x00,0x00,0x00,0x00,0x00,0x00,0x00,0x00,0x00,0x00,0x00,0x00,0x00,0x00,0x00,0x00,
    0x00,0x00,0x00,0x00,0x00,0x00,0x00,0x00,0x00,0x00,0x00,0x00,0x00,0x00,0x00,0x00,
    0x00,0x00,0x00,0x00,0x00,0x00,0x00,0x00,0x00,0x00,0x00,0x00,0x00,0x00,0x00,0x00,
    0x00,0x00,0x00,0x00,0x00,0x00,0x00,0x00,0x00,0x00,0x00,0x00,0x00,0x00,0x00,0x00,
    0x00,0x00,0x00,0x00,0x00,0x00,0x00,0x00,0x00,0x00,0x00,0x00,0x00,0x00,0x00,0x00,
    0x00,0x00,0x00,0x00,0x00,0x00,0x00,0x00,0x00,0x00,0x00,0x00,0x00,0x00,0x00,0x00,
    0x00,0x00,0x00,0x00,0x00,0x00,0x00,0x00,0x00,0x00,0x00,0x00,0x00,0x00,0x00,0x00,
    0x00,0x00,0x00,0x00,0x00,0x00,0x00,0x00,0x00,0x00,0x00,0x00,0x00,0x00,0x00,0x00,
    0x00,0x00,0x00,0x00,0x00,0x00,0x00,0x00,0x00,0x00,0x00,0x00,0x00,0x00,0x00,0x00,
    0x00,0x00,0x00,0x00,0x00,0x00,0x00,0x00,0x00,0x00,0x00,0x00,0x00,0x00,0x00,0x00,
    0x00,0x00,0x00,0x00,0x00,0x00,0x00,0x00,0x00,0x00,0x00,0x00,0x00,0x00,0x00,0x00,
    0x00,0x00,0x00,0x00,0x00,0x00,0x00,0x00,0x00,0x00,0x00,0x00,0x00,0x00,0x00,0x00,
    0x00,0x00,0x00,0x00,0x00,0x00,0x00,0x00,0x00,0x00,0x00,0x00,0x00,0x00,0x00,0x00,
    0x00,0x00,0x00,0x00,0x00,0x00,0x00,0x00,0x00,0x00,0x00,0x00,0x00,0x00,0x00,0x00,
    0x00,0x00,0x00,0x00,0x00,0x00,0x00,0x00,0x00,0x00,0x00,0x00,0x00,0x00,0x00,0x00,
    0x00,0x00,0x00,0x00,0x00,0x00,0x00,0x00,0x00,0x00,0x00,0x00,0x00,0x00,0x00,0x00,
    0x00,0x00,0x00,0x00,0x00,0x00,0x00,0x00,0x00,0x00,0x00,0x00,0x00,0x00,0x00,0x00,
    0x00,0x00,0x00,0x00,0x00,0x00,0x00,0x00,0x00,0x00,0x00,0x00,0x00,0x00,0x00,0x00,
    0x00,0x00,0x00,0x00,0x00,0x00,0x00,0x00,0x00,0x00,0x00,0x00,0x00,0x00,0x00,0x00,
    0x00,0x00,0x00,0x00,0x00,0x00,0x00,0x00,0x00,0x00,0x00,0x00,0x00,0x00,0x00,0x00,
    0x00,0x00,0x00,0x00,0x00,0x00,0x00,0x00,0x00,0x00,0x00,0x00,0x00,0x00,0x00,0x00,
    0x00,0x00,0x00,0x00,0x00,0x00,0x00,0x00,0x00,0x00,0x00,0x00,0x00,0x00,0x00,0x00,
    0x00,0x00,0x00,0x00,0x00,0x00,0x00,0x00,0x00,0x00,0x00,0x00,0x00,0x00,0x00,0x00,
    0x00,0x00,0x00,0x00,0x00,0x00,0x00,0x00,0x00,0x00,0x00,0x00,0x00,0x00,0x00,0x00,
    0x00,0x00,0x00,0x00,0x00,0x00,0x00,0x00,0x00,0x00,0x00,0x00,0x00,0x00,0x00,0x00,
    0x00,0x00,0x00,0x00,0x00,0x00,0x00,0x00,0x00,0x00,0x00,0x00,0x00,0x00,0x00,0x00,
    0x00,0x00,0x00,0x00,0x00,0x00,0x00,0x00,0x00,0x00,0x00,0x00,0x00,0x00,0x00,0x00,
    0x00,0x00,0x00,0x00,0x00,0x00,0x00,0x00,0x00,0x00,0x00,0x00,0x00,0x00,0x00,0x00,
    0x00,0x00,0x00,0x00,0x00,0x00,0x00,0x00,0x00,0x00,0x00,0x00,0x00,0x00,0x00,0x00,
    0x00,0x00,0x00,0x00,0x00,0x00,0x00,0x00,0x00,0x00,0x00,0x00,0x00,0x00,0x00,0x00,
    0x00,0x00,0x00,0x00,0x00,0x00,0x00,0x00,0x00,0x00,0x00,0x00,0x00,0x00,0x00,0x00,
    0x00,0x00,0x00,0x00,0x00,0x00,0x00,0x00,0x00,0x00,0x00,0x00,0x00,0x00,0x00,0x00,
    0x00,0x00,0x00,0x00,0x00,0x00,0x00,0x00,0x00,0x00,0x00,0x00,0x00,0x00,0x00,0x00,
    0x00,0x00,0x00,0x00,0x00,0x00,0x00,0x00,0x00,0x00,0x00,0x00,0x00,0x00,0x00,0x00,
    0x00,0x00,0x00,0x00,0x00,0x00,0x00,0x00,0x00,0x00,0x00,0x00,0x00,0x00,0x00,0x00,
    0x00,0x00,0x00,0x00,0x00,0x00,0x00,0x00,0x00,0x00,0x00,0x00,0x00,0x00,0x00,0x00,
    0x00,0x00,0x00,0x00,0x00,0x00,0x00,0x00,0x00,0x00,0x00,0x00,0x00,0x00,0x00,0x00,
    0x00,0x00,0x00,0x00,0x00,0x00,0x00,0x00,0x00,0x00,0x00,0x00,0x00,0x00,0x00,0x00,
    0x00,0x00,0x00,0x00,0x00,0x00,0x00,0x00,0x00,0x00,0x00,0x00,0x00,0x00,0x00,0x00,
    0x00,0x00,0x00,0x00,0x00,0x00,0x00,0x00,0x00,0x00,0x00,0x00,0x00,0x00,0x00,0x00,
    0x00,0x00,0x00,0x00,0x00,0x00,0x00,0x00,0x00,0x00,0x00,0x00,0x00,0x00,0x00,0x00,
    0x00,0x00,0x00,0x00,0x00,0x00,0x00,0x00,0x00,0x00,0x00,0x00,0x00,0x00,0x00,0x00,
    0x00,0x00,0x00,0x00,0x00,0x00,0x00,0x00,0x00,0x00,0x00,0x00,0x00,0x00,0x00,0x00,
    0x00,0x00,0x00,0x00,0x00,0x00,0x00,0x00,0x00,0x00,0x00,0x00,0x00,0x00,0x00,0x00,
    0x00,0x00,0x00,0x00,0x00,0x00,0x00,0x00,0x00,0x00,0x00,0x00,0x00,0x00,0x00,0x00,
    0x00,0x00,0x00,0x00,0x00,0x00,0x00,0x00,0x00,0x00,0x00,0x00,0x00,0x00,0x00,0x00,
    0x00,0x00,0x00,0x00,0x00,0x00,0x00,0x00,0x00,0x00,0x00,0x00,0x00,0x00,0x00,0x00,
    0x00,0x00,0x00,0x00,0x00,0x00,0x00,0x00,0x00,0x00,0x00,0x00,0x00,0x00,0x00,0x00,
    0x00,0x00,0x00,0x00,0x00,0x00,0x00,0x00,0x00,0x00,0x00,0x00,0x00,0x00,0x00,0x00,
    0x00,0x00,0x00,0x00,0x00,0x00,0x00,0x00,0x00,0x00,0x00,0x00,0x00,0x00,0x00,0x00,
    0x00,0x00,0x00,0x00,0x00,0x00,0x00,0x00,0x00,0x00,0x00,0x00,0x00,0x00,0x00,0x00,
    0x00,0x00,0x00,0x00,0x00,0x00,0x00,0x00,0x00,0x00,0x00,0x00,0x00,0x00,0x00,0x00,
    0x00,0x00,0x00,0x00,0x00,0x00,0x00,0x00,0x00,0x00,0x00,0x00,0x00,0x00,0x00,0x00,
    0x00,0x00,0x00,0x00,0x00,0x00,0x00,0x00,0x00,0x00,0x00,0x00,0x00,0x00,0x00,0x00,
    0x00,0x00,0x00,0x00,0x00,0x00,0x00,0x00,0x00,0x00,0x00,0x00,0x00,0x00,0x00,0x00,
    0x00,0x00,0x00,0x00,0x00,0x00,0x00,0x00,0x00,0x00,0x00,0x00,0x00,0x00,0x00,0x00,
    0x00,0x00,0x00,0x00,0x00,0x00,0x00,0x00,0x00,0x00,0x00,0x00,0x00,0x00,0x00,0x00,
    0x00,0x00,0x00,0x00,0x00,0x00,0x00,0x00,0x00,0x00,0x00,0x00,0x00,0x00,0x00,0x00,
    0x00,0x00,0x00,0x00,0x00,0x00,0x00,0x00,0x00,0x00,0x00,0x00,0x00,0x00,0x00,0x00,
    0x00,0x00,0x00,0x00,0x00,0x00,0x00,0x00,0x00,0x00,0x00,0x00,0x00,0x00,0x00,0x00,
    0x00,0x00,0x00,0x00,0x00,0x00,0x00,0x00,0x00,0x00,0x00,0x00,0x00,0x00,0x00,0x00,
    0x00,0x00,0x00,0x00,0x00,0x00,0x00,0x00,0x00,0x00,0x00,0x00,0x00,0x00,0x00,0x00,
    0x00,0x00,0x00,0x00,0x00,0x00,0x00,0x00,0x00,0x00,0x00,0x00,0x00,0x00,0x00,0x00,
    0x00,0x00,0x00,0x00,0x00,0x00,0x00,0x00,0x00,0x00,0x00,0x00,0x00,0x00,0x00,0x00,
    0x00,0x00,0x00,0x00,0x00,0x00,0x00,0x00,0x00,0x00,0x00,0x00,0x00,0x00,0x00,0x00,
    0x00,0x00,0x00,0x00,0x00,0x00,0x00,0x00,0x00,0x00,0x00,0x00,0x00,0x00,0x00,0x00,
    0x00,0x00,0x00,0x00,0x00,0x00,0x00,0x00,0x00,0x00,0x00,0x00,0x00,0x00,0x00,0x00,
    0x00,0x00,0x00,0x00,0x00,0x00,0x00,0x00,0x00,0x00,0x00,0x00,0x00,0x00,0x00,0x00,
    0x00,0x00,0x00,0x00,0x00,0x00,0x00,0x00,0x00,0x00,0x00,0x00,0x00,0x00,0x00,0x00,
    0x00,0x00,0x00,0x00,0x00,0x00,0x00,0x00,0x00,0x00,0x00,0x00,0x00,0x00,0x00,0x00,
    0x00,0x00,0x00,0x00,0x00,0x00,0x00,0x00,0x00,0x00,0x00,0x00,0x00,0x00,0x00,0x00,
    0x00,0x00,0x00,0x00,0x00,0x00,0x00,0x00,0x00,0x00,0x00,0x00,0x00,0x00,0x00,0x00,
    0x00,0x00,0x00,0x00,0x00,0x00,0x00,0x00,0x00,0x00,0x00,0x00,0x00,0x00,0x00,0x00,
    0x00,0x00,0x00,0x00,0x00,0x00,0x00,0x00,0x00,0x00,0x00,0x00,0x00,0x00,0x00,0x00,
    0x00,0x00,0x00,0x00,0x00,0x00,0x00,0x00,0x00,0x00,0x00,0x00,0x00,0x00,0x00,0x00,
    0x00,0x00,0x00,0x00,0x00,0x00,0x00,0x00,0x00,0x00,0x00,0x00,0x00,0x00,0x00,0x00,
    0x00,0x00,0x00,0x00,0x00,0x00,0x00,0x00,0x00,0x00,0x00,0x00,0x00,0x00,0x00,0x00,
    0x00,0x00,0x00,0x00,0x00,0x00,0x00,0x00,0x00,0x00,0x00,0x00,0x00,0x00,0x00,0x00,
    0x00,0x00,0x00,0x00,0x00,0x00,0x00,0x00,0x00,0x00,0x00,0x00,0x00,0x00,0x00,0x00,
    0x00,0x00,0x00,0x00,0x00,0x00,0x00,0x00,0x00,0x00,0x00,0x00,0x00,0x00,0x00,0x00,
    0x00,0x00,0x00,0x00,0x00,0x00,0x00,0x00,0x00,0x00,0x00,0x00,0x00,0x00,0x00,0x00,
    0x00,0x00,0x00,0x00,0x00,0x00,0x00,0x00,0x00,0x00,0x00,0x00,0x00,0x00,0x00,0x00,
    0x00,0x00,0x00,0x00,0x00,0x00,0x00,0x00,0x00,0x00,0x00,0x00,0x00,0x00,0x00,0x00,
    0x00,0x00,0x00,0x00,0x00,0x00,0x00,0x00,0x00,0x00,0x00,0x00,0x00,0x00,0x00,0x00,
    0x00,0x00,0x00,0x00,0x00,0x00,0x00,0x00,0x00,0x00,0x00,0x00,0x00,0x00,0x00,0x00,
    0x00,0x00,0x00,0x00,0x00,0x00,0x00,0x00,0x00,0x00,0x00,0x00,0x00,0x00,0x00,0x00,
    0x00,0x00,0x00,0x00,0x00,0x00,0x00,0x00,0x00,0x00,0x00,0x00,0x00,0x00,0x00,0x00,
    0x00,0x00,0x00,0x00,0x00,0x00,0x00,0x00,0x00,0x00,0x00,0x00,0x00,0x00,0x00,0x00,
    0x00,0x00,0x00,0x00,0x00,0x00,0x00,0x00,0x00,0x00,0x00,0x00,0x00,0x00,0x00,0x00,
    0x00,0x00,0x00,0x00,0x00,0x00,0x00,0x00,0x00,0x00,0x00,0x00,0x00,0x00,0x00,0x00,
    0x00,0x00,0x00,0x00,0x00,0x00,0x00,0x00,0x00,0x00,0x00,0x00,0x00,0x00,0x00,0x00,
    0x00,0x00,0x00,0x00,0x00,0x00,0x00,0x00,0x00,0x00,0x00,0x00,0x00,0x00,0x00,0x00,
    0x00,0x00,0x00,0x00,0x00,0x00,0x00,0x00,0x00,0x00,0x00,0x00,0x00,0x00,0x00,0x00,
    0x00,0x00,0x00,0x00,0x00,0x00,0x00,0x00,0x00,0x00,0x00,0x00,0x00,0x00,0x00,0x00,
    0x00,0x00,0x00,0x00,0x00,0x00,0x00,0x00,0x00,0x00,0x00,0x00,0x00,0x00,0x00,0x00,
    0x00,0x00,0x00,0x00,0x00,0x00,0x00,0x00,0x00,0x00,0x00,0x00,0x00,0x00,0x00,0x00,
    0x00,0x00,0x00,0x00,0x00,0x00,0x00,0x00,0x00,0x00,0x00,0x00,0x00,0x00,0x00,0x00,
    0x00,0x00,0x00,0x00,0x00,0x00,0x00,0x00,0x00,0x00,0x00,0x00,0x00,0x00,0x00,0x00,
    0x00,0x00,0x00,0x00,0x00,0x00,0x00,0x00,0x00,0x00,0x00,0x00,0x00,0x00,0x00,0x00,
    0x00,0x00,0x00,0x00,0x00,0x00,0x00,0x00,0x00,0x00,0x00,0x00,0x00,0x00,0x00,0x00,
    0x00,0x00,0x00,0x00,0x00,0x00,0x00,0x00,0x00,0x00,0x00,0x00,0x00,0x00,0x00,0x00,
    0x00,0x00,0x00,0x00,0x00,0x00,0x00,0x00,0x00,0x00,0x00,0x00,0x00,0x00,0x00,0x00,
    0x00,0x00,0x00,0x00,0x00,0x00,0x00,0x00,0x00,0x00,0x00,0x00,0x00,0x00,0x00,0x00,
    0x00,0x00,0x00,0x00,0x00,0x00,0x00,0x00,0x00,0x00,0x00,0x00,0x00,0x00,0x00,0x00,
    0x00,0x00,0x00,0x00,0x00,0x00,0x00,0x00,0x00,0x00,0x00,0x00,0x00,0x00,0x00,0x00,
    0x00,0x00,0x00,0x00,0x00,0x00,0x00,0x00,0x00,0x00,0x00,0x00,0x00,0x00,0x00,0x00,
    0x00,0x00,0x00,0x00,0x00,0x00,0x00,0x00,0x00,0x00,0x00,0x00,0x00,0x00,0x00,0x00,
    0x00,0x00,0x00,0x00,0x00,0x00,0x00,0x00,0x00,0x00,0x00,0x00,0x00,0x00,0x00,0x00,
    0x00,0x00,0x00,0x00,0x00,0x00,0x00,0x00,0x00,0x00,0x00,0x00,0x00,0x00,0x00,0x00,
    0x00,0x00,0x00,0x00,0x00,0x00,0x00,0x00,0x00,0x00,0x00,0x00,0x00,0x00,0x00,0x00,
    0x00,0x00,0x00,0x00,0x00,0x00,0x00,0x00,0x00,0x00,0x00,0x00,0x00,0x00,0x00,0x00,
    0x00,0x00,0x00,0x00,0x00,0x00,0x00,0x00,0x00,0x00,0x00,0x00,0x00,0x00,0x00,0x00,
    0x00,0x00,0x00,0x00,0x00,0x00,0x00,0x00,0x00,0x00,0x00,0x00,0x00,0x00,0x00,0x00,
    0x00,0x00,0x00,0x00,0x00,0x00,0x00,0x00,0x00,0x00,0x00,0x00,0x00,0x00,0x00,0x00,
    0x00,0x00,0x00,0x00,0x00,0x00,0x00,0x00,0x00,0x00,0x00,0x00,0x00,0x00,0x00,0x00,
    0x00,0x00,0x00,0x00,0x00,0x00,0x00,0x00,0x00,0x00,0x00,0x00,0x00,0x00,0x00,0x00,
    0x00,0x00,0x00,0x00,0x00,0x00,0x00,0x00,0x00,0x00,0x00,0x00,0x00,0x00,0x00,0x00,
    0x00,0x00,0x00,0x00,0x00,0x00,0x00,0x00,0x00,0x00,0x00,0x00,0x00,0x00,0x00,0x00,
    0x00,0x00,0x00,0x00,0x00,0x00,0x00,0x00,0x00,0x00,0x00,0x00,0x00,0x00,0x00,0x00,
    0x00,0x00,0x00,0x00,0x00,0x00,0x00,0x00,0x00,0x00,0x00,0x00,0x00,0x00,0x00,0x00,
    0x00,0x00,0x00,0x00,0x00,0x00,0x00,0x00,0x00,0x00,0x00,0x00,0x00,0x00,0x00,0x00,
    0x00,0x00,0x00,0x00,0x00,0x00,0x00,0x00,0x00,0x00,0x00,0x00,0x00,0x00,0x00,0x00,
    0x00,0x00,0x00,0x00,0x00,0x00,0x00,0x00,0x00,0x00,0x00,0x00,0x00,0x00,0x00,0x00,
    0x00,0x00,0x00,0x00,0x00,0x00,0x00,0x00,0x00,0x00,0x00,0x00,0x00,0x00,0x00,0x00,
    0x00,0x00,0x00,0x00,0x00,0x00,0x00,0x00,0x00,0x00,0x00,0x00,0x00,0x00,0x00,0x00,
    0x00,0x00,0x00,0x00,0x00,0x00,0x00,0x00,0x00,0x00,0x00,0x00,0x00,0x00,0x00,0x00,
    0x00,0x00,0x00,0x00,0x00,0x00,0x00,0x00,0x00,0x00,0x00,0x00,0x00,0x00,0x00,0x00,
    0x00,0x00,0x00,0x00,0x00,0x00,0x00,0x00,0x00,0x00,0x00,0x00,0x00,0x00,0x00,0x00,
    0x00,0x00,0x00,0x00,0x00,0x00,0x00,0x00,0x00,0x00,0x00,0x00,0x00,0x00,0x00,0x00,
    0x00,0x00,0x00,0x00,0x00,0x00,0x00,0x00,0x00,0x00,0x00,0x00,0x00,0x00,0x00,0x00,
    0x00,0x00,0x00,0x00,0x00,0x00,0x00,0x00,0x00,0x00,0x00,0x00,0x00,0x00,0x00,0x00,
    0x00,0x00,0x00,0x00,0x00,0x00,0x00,0x00,0x00,0x00,0x00,0x00,0x00,0x00,0x00,0x00,
    0x00,0x00,0x00,0x00,0x00,0x00,0x00,0x00,0x00,0x00,0x00,0x00,0x00,0x00,0x00,0x00,
    0x00,0x00,0x00,0x00,0x00,0x00,0x00,0x00,0x00,0x00,0x00,0x00,0x00,0x00,0x00,0x00,
    0x00,0x00,0x00,0x00,0x00,0x00,0x00,0x00,0x00,0x00,0x00,0x00,0x00,0x00,0x00,0x00,
    0x00,0x00,0x00,0x00,0x00,0x00,0x00,0x00,0x00,0x00,0x00,0x00,0x00,0x00,0x00,0x00,
    0x00,0x00,0x00,0x00,0x00,0x00,0x00,0x00,0x00,0x00,0x00,0x00,0x00,0x00,0x00,0x00,
    0x00,0x00,0x00,0x00,0x00,0x00,0x00,0x00,0x00,0x00,0x00,0x00,0x00,0x00,0x00,0x00,
    0x00,0x00,0x00,0x00,0x00,0x00,0x00,0x00,0x00,0x00,0x00,0x00,0x00,0x00,0x00,0x00,
    0x00,0x00,0x00,0x00,0x00,0x00,0x00,0x00,0x00,0x00,0x00,0x00,0x00,0x00,0x00,0x00,
    0x00,0x00,0x00,0x00,0x00,0x00,0x00,0x00,0x00,0x00,0x00,0x00,0x00,0x00,0x00,0x00,
    0x00,0x00,0x00,0x00,0x00,0x00,0x00,0x00,0x00,0x00,0x00,0x00,0x00,0x00,0x00,0x00,
    0x00,0x00,0x00,0x00,0x00,0x00,0x00,0x00,0x00,0x00,0x00,0x00,0x00,0x00,0x00,0x00,
    0x00,0x00,0x00,0x00,0x00,0x00,0x00,0x00,0x00,0x00,0x00,0x00,0x00,0x00,0x00,0x00,
    0x00,0x00,0x00,0x00,0x00,0x00,0x00,0x00,0x00,0x00,0x00,0x00,0x00,0x00,0x00,0x00,
    0x00,0x00,0x00,0x00,0x00,0x00,0x00,0x00,0x00,0x00,0x00,0x00,0x00,0x00,0x00,0x00,
    0x00,0x00,0x00,0x00,0x00,0x00,0x00,0x00,0x00,0x00,0x00,0x00,0x00,0x00,0x00,0x00,
    0x00,0x00,0x00,0x00,0x00,0x00,0x00,0x00,0x00,0x00,0x00,0x00,0x00,0x00,0x00,0x00,
    0x00,0x00,0x00,0x00,0x00,0x00,0x00,0x00,0x00,0x00,0x00,0x00,0x00,0x00,0x00,0x00,
    0x00,0x00,0x00,0x00,0x00,0x00,0x00,0x00,0x00,0x00,0x00,0x00,0x00,0x00,0x00,0x00,
    0x00,0x00,0x00,0x00,0x00,0x00,0x00,0x00,0x00,0x00,0x00,0x00,0x00,0x00,0x00,0x00,
    0x00,0x00,0x00,0x00,0x00,0x00,0x00,0x00,0x00,0x00,0x00,0x00,0x00,0x00,0x00,0x00,
    0x00,0x00,0x00,0x00,0x00,0x00,0x00,0x00,0x00,0x00,0x00,0x00,0x00,0x00,0x00,0x00,
    0x00,0x00,0x00,0x00,0x00,0x00,0x00,0x00,0x00,0x00,0x00,0x00,0x00,0x00,0x00,0x00,
    0x00,0x00,0x00,0x00,0x00,0x00,0x00,0x00,0x00,0x00,0x00,0x00,0x00,0x00,0x00,0x00,
    0x00,0x00,0x00,0x00,0x00,0x00,0x00,0x00,0x00,0x00,0x00,0x00,0x00,0x00,0x00,0x00,
    0x00,0x00,0x00,0x00,0x00,0x00,0x00,0x00,0x00,0x00,0x00,0x00,0x00,0x00,0x00,0x00,
    0x00,0x00,0x00,0x00,0x00,0x00,0x00,0x00,0x00,0x00,0x00,0x00,0x00,0x00,0x00,0x00,
    0x00,0x00,0x00,0x00,0x00,0x00,0x00,0x00,0x00,0x00,0x00,0x00,0x00,0x00,0x00,0x00,
    0x00,0x00,0x00,0x00,0x00,0x00,0x00,0x00,0x00,0x00,0x00,0x00,0x00,0x00,0x00,0x00,
    0x00,0x00,0x00,0x00,0x00,0x00,0x00,0x00,0x00,0x00,0x00,0x00,0x00,0x00,0x00,0x00,
    0x00,0x00,0x00,0x00,0x00,0x00,0x00,0x00,0x00,0x00,0x00,0x00,0x00,0x00,0x00,0x00,
    0x00,0x00,0x00,0x00,0x00,0x00,0x00,0x00,0x00,0x00,0x00,0x00,0x00,0x00,0x00,0x00,
    0x00,0x00,0x00,0x00,0x00,0x00,0x00,0x00,0x00,0x00,0x00,0x00,0x00,0x00,0x00,0x00,
    0x00,0x00,0x00,0x00,0x00,0x00,0x00,0x00,0x00,0x00,0x00,0x00,0x00,0x00,0x00,0x00,
    0x00,0x00,0x00,0x00,0x00,0x00,0x00,0x00,0x00,0x00,0x00,0x00,0x00,0x00,0x00,0x00,
    0x00,0x00,0x00,0x00,0x00,0x00,0x00,0x00,0x00,0x00,0x00,0x00,0x00,0x00,0x00,0x00,
    0x00,0x00,0x00,0x00,0x00,0x00,0x00,0x00,0x00,0x00,0x00,0x00,0x00,0x00,0x00,0x00,
    0x00,0x00,0x00,0x00,0x00,0x00,0x00,0x00,0x00,0x00,0x00,0x00,0x00,0x00,0x00,0x00,
    0x00,0x00,0x00,0x00,0x00,0x00,0x00,0x00,0x00,0x00,0x00,0x00,0x00,0x00,0x00,0x00,
    0x00,0x00,0x00,0x00,0x00,0x00,0x00,0x00,0x00,0x00,0x00,0x00,0x00,0x00,0x00,0x00,
    0x00,0x00,0x00,0x00,0x00,0x00,0x00,0x00,0x00,0x00,0x00,0x00,0x00,0x00,0x00,0x00,
    0x00,0x00,0x00,0x00,0x00,0x00,0x00,0x00,0x00,0x00,0x00,0x00,0x00,0x00,0x00,0x00,
    0x00,0x00,0x00,0x00,0x00,0x00,0x00,0x00,0x00,0x00,0x00,0x00,0x00,0x00,0x00,0x00,
    0x00,0x00,0x00,0x00,0x00,0x00,0x00,0x00,0x00,0x00,0x00,0x00,0x00,0x00,0x00,0x00,
    0x00,0x00,0x00,0x00,0x00,0x00,0x00,0x00,0x00,0x00,0x00,0x00,0x00,0x00,0x00,0x00,
    0x00,0x00,0x00,0x00,0x00,0x00,0x00,0x00,0x00,0x00,0x00,0x00,0x00,0x00,0x00,0x00,
    0x00,0x00,0x00,0x00,0x00,0x00,0x00,0x00,0x00,0x00,0x00,0x00,0x00,0x00,0x00,0x00,
    0x00,0x00,0x00,0x00,0x00,0x00,0x00,0x00,0x00,0x00,0x00,0x00,0x00,0x00,0x00,0x00,
    0x00,0x00,0x00,0x00,0x00,0x00,0x00,0x00,0x00,0x00,0x00,0x00,0x00,0x00,0x00,0x00,
    0x00,0x00,0x00,0x00,0x00,0x00,0x00,0x00,0x00,0x00,0x00,0x00,0x00,0x00,0x00,0x00,
    0x00,0x00,0x00,0x00,0x00,0x00,0x00,0x00,0x00,0x00,0x00,0x00,0x00,0x00,0x00,0x00,
    0x00,0x00,0x00,0x00,0x00,0x00,0x00,0x00,0x00,0x00,0x00,0x00,0x00,0x00,0x00,0x00,
    0x00,0x00,0x00,0x00,0x00,0x00,0x00,0x00,0x00,0x00,0x00,0x00,0x00,0x00,0x00,0x00,
    0x00,0x00,0x00,0x00,0x00,0x00,0x00,0x00,0x00,0x00,0x00,0x00,0x00,0x00,0x00,0x00,
    0x00,0x00,0x00,0x00,0x00,0x00,0x00,0x00,0x00,0x00,0x00,0x00,0x00,0x00,0x00,0x00,
    0x00,0x00,0x00,0x00,0x00,0x00,0x00,0x00,0x00,0x00,0x00,0x00,0x00,0x00,0x00,0x00,
    0x00,0x00,0x00,0x00,0x00,0x00,0x00,0x00,0x00,0x00,0x00,0x00,0x00,0x00,0x00,0x00,
    0x00,0x00,0x00,0x00,0x00,0x00,0x00,0x00,0x00,0x00,0x00,0x00,0x00,0x00,0x00,0x00,
    0x00,0x00,0x00,0x00,0x00,0x00,0x00,0x00,0x00,0x00,0x00,0x00,0x00,0x00,0x00,0x00,
    0x00,0x00,0x00,0x00,0x00,0x00,0x00,0x00,0x00,0x00,0x00,0x00,0x00,0x00,0x00,0x00,
    0x00,0x00,0x00,0x00,0x00,0x00,0x00,0x00,0x00,0x00,0x00,0x00,0x00,0x00,0x00,0x00,
    0x00,0x00,0x00,0x00,0x00,0x00,0x00,0x00,0x00,0x00,0x00,0x00,0x00,0x00,0x00,0x00,
    0x00,0x00,0x00,0x00,0x00,0x00,0x00,0x00,0x00,0x00,0x00,0x00,0x00,0x00,0x00,0x00,
    0x00,0x00,0x00,0x00,0x00,0x00,0x00,0x00,0x00,0x00,0x00,0x00,0x00,0x00,0x00,0x00,
    0x00,0x00,0x00,0x00,0x00,0x00,0x00,0x00,0x00,0x00,0x00,0x00,0x00,0x00,0x00,0x00,
    0x00,0x00,0x00,0x00,0x00,0x00,0x00,0x00,0x00,0x00,0x00,0x00,0x00,0x00,0x00,0x00,
    0x00,0x00,0x00,0x00,0x00,0x00,0x00,0x00,0x00,0x00,0x00,0x00,0x00,0x00,0x00,0x00,
    0x00,0x00,0x00,0x00,0x00,0x00,0x00,0x00,0x00,0x00,0x00,0x00,0x00,0x00,0x00,0x00,
    0x00,0x00,0x00,0x00,0x00,0x00,0x00,0x00,0x00,0x00,0x00,0x00,0x00,0x00,0x00,0x00,
    0x00,0x00,0x00,0x00,0x00,0x00,0x00,0x00,0x00,0x00,0x00,0x00,0x00,0x00,0x00,0x00,
    0x00,0x00,0x00,0x00,0x00,0x00,0x00,0x00,0x00,0x00,0x00,0x00,0x00,0x00,0x00,0x00,
    0x00,0x00,0x00,0x00,0x00,0x00,0x00,0x00,0x00,0x00,0x00,0x00,0x00,0x00,0x00,0x00,
    0x00,0x00,0x00,0x00,0x00,0x00,0x00,0x00,0x00,0x00,0x00,0x00,0x00,0x00,0x00,0x00,
    0x00,0x00,0x00,0x00,0x00,0x00,0x00,0x00,0x00,0x00,0x00,0x00,0x00,0x00,0x00,0x00,
    0x00,0x00,0x00,0x00,0x00,0x00,0x00,0x00,0x00,0x00,0x00,0x00,0x00,0x00,0x00,0x00,
    0x00,0x00,0x00,0x00,0x00,0x00,0x00,0x00,0x00,0x00,0x00,0x00,0x00,0x00,0x00,0x00,
    0x00,0x00,0x00,0x00,0x00,0x00,0x00,0x00,0x00,0x00,0x00,0x00,0x00,0x00,0x00,0x00,
    0x00,0x00,0x00,0x00,0x00,0x00,0x00,0x00,0x00,0x00,0x00,0x00,0x00,0x00,0x00,0x00,
    0x00,0x00,0x00,0x00,0x00,0x00,0x00,0x00,0x00,0x00,0x00,0x00,0x00,0x00,0x00,0x00,
    0x00,0x00,0x00,0x00,0x00,0x00,0x00,0x00,0x00,0x00,0x00,0x00,0x00,0x00,0x00,0x00,
    0x00,0x00,0x00,0x00,0x00,0x00,0x00,0x00,0x00,0x00,0x00,0x00,0x00,0x00,0x00,0x00,
    0x00,0x00,0x00,0x00,0x00,0x00,0x00,0x00,0x00,0x00,0x00,0x00,0x00,0x00,0x00,0x00,
    0x00,0x00,0x00,0x00,0x00,0x00,0x00,0x00,0x00,0x00,0x00,0x00,0x00,0x00,0x00,0x00,
    0x00,0x00,0x00,0x00,0x00,0x00,0x00,0x00,0x00,0x00,0x00,0x00,0x00,0x00,0x00,0x00,
    0x00,0x00,0x00,0x00,0x00,0x00,0x00,0x00,0x00,0x00,0x00,0x00,0x00,0x00,0x00,0x00,
    0x00,0x00,0x00,0x00,0x00,0x00,0x00,0x00,0x00,0x00,0x00,0x00,0x00,0x00,0x00,0x00,
    0x00,0x00,0x00,0x00,0x00,0x00,0x00,0x00,0x00,0x00,0x00,0x00,0x00,0x00,0x00,0x00,
    0x00,0x00,0x00,0x00,0x00,0x00,0x00,0x00,0x00,0x00,0x00,0x00,0x00,0x00,0x00,0x00,
    0x00,0x00,0x00,0x00,0x00,0x00,0x00,0x00,0x00,0x00,0x00,0x00,0x00,0x00,0x00,0x00,
    0x00,0x00,0x00,0x00,0x00,0x00,0x00,0x00,0x00,0x00,0x00,0x00,0x00,0x00,0x00,0x00,
    0x00,0x00,0x00,0x00,0x00,0x00,0x00,0x00,0x00,0x00,0x00,0x00,0x00,0x00,0x00,0x00,
    0x00,0x00,0x00,0x00,0x00,0x00,0x00,0x00,0x00,0x00,0x00,0x00,0x00,0x00,0x00,0x00,
    0x00,0x00,0x00,0x00,0x00,0x00,0x00,0x00,0x00,0x00,0x00,0x00,0x00,0x00,0x00,0x00,
    0x00,0x00,0x00,0x00,0x00,0x00,0x00,0x00,0x00,0x00,0x00,0x00,0x00,0x00,0x00,0x00,
    0x00,0x00,0x00,0x00,0x00,0x00,0x00,0x00,0x00,0x00,0x00,0x00,0x00,0x00,0x00,0x00,
    0x00,0x00,0x00,0x00,0x00,0x00,0x00,0x00,0x00,0x00,0x00,0x00,0x00,0x00,0x00,0x00,
    0x00,0x00,0x00,0x00,0x00,0x00,0x00,0x00,0x00,0x00,0x00,0x00,0x00,0x00,0x00,0x00,
    0x00,0x00,0x00,0x00,0x00,0x00,0x00,0x00,0x00,0x00,0x00,0x00,0x00,0x00,0x00,0x00,
    0x00,0x00,0x00,0x00,0x00,0x00,0x00,0x00,0x00,0x00,0x00,0x00,0x00,0x00,0x00,0x00,
    0x00,0x00,0x00,0x00,0x00,0x00,0x00,0x00,0x00,0x00,0x00,0x00,0x00,0x00,0x00,0x00,
    0x00,0x00,0x00,0x00,0x00,0x00,0x00,0x00,0x00,0x00,0x00,0x00,0x00,0x00,0x00,0x00,
    0x00,0x00,0x00,0x00,0x00,0x00,0x00,0x00,0x00,0x00,0x00,0x00,0x00,0x00,0x00,0x00,
    0x00,0x00,0x00,0x00,0x00,0x00,0x00,0x00,0x00,0x00,0x00,0x00,0x00,0x00,0x00,0x00,
    0x00,0x00,0x00,0x00,0x00,0x00,0x00,0x00,0x00,0x00,0x00,0x00,0x00,0x00,0x00,0x00,
    0x00,0x00,0x00,0x00,0x00,0x00,0x00,0x00,0x00,0x00,0x00,0x00,0x00,0x00,0x00,0x00,
    0x00,0x00,0x00,0x00,0x00,0x00,0x00,0x00,0x00,0x00,0x00,0x00,0x00,0x00,0x00,0x00,
    0x00,0x00,0x00,0x00,0x00,0x00,0x00,0x00,0x00,0x00,0x00,0x00,0x00,0x00,0x00,0x00,
    0x00,0x00,0x00,0x00,0x00,0x00,0x00,0x00,0x00,0x00,0x00,0x00,0x00,0x00,0x00,0x00,
    0x00,0x00,0x00,0x00,0x00,0x00,0x00,0x00,0x00,0x00,0x00,0x00,0x00,0x00,0x00,0x00,
    0x00,0x00,0x00,0x00,0x00,0x00,0x00,0x00,0x00,0x00,0x00,0x00,0x00,0x00,0x00,0x00,
    0x00,0x00,0x00,0x00,0x00,0x00,0x00,0x00,0x00,0x00,0x00,0x00,0x00,0x00,0x00,0x00,
    0x00,0x00,0x00,0x00,0x00,0x00,0x00,0x00,0x00,0x00,0x00,0x00,0x00,0x00,0x00,0x00,
    0x00,0x00,0x00,0x00,0x00,0x00,0x00,0x00,0x00,0x00,0x00,0x00,0x00,0x00,0x00,0x00,
    0x00,0x00,0x00,0x00,0x00,0x00,0x00,0x00,0x00,0x00,0x00,0x00,0x00,0x00,0x00,0x00,
    0x00,0x00,0x00,0x00,0x00,0x00,0x00,0x00,0x00,0x00,0x00,0x00,0x00,0x00,0x00,0x00,
    0x00,0x00,0x00,0x00,0x00,0x00,0x00,0x00,0x00,0x00,0x00,0x00,0x00,0x00,0x00,0x00,
    0x00,0x00,0x00,0x00,0x00,0x00,0x00,0x00,0x00,0x00,0x00,0x00,0x00,0x00,0x00,0x00,
    0x00,0x00,0x00,0x00,0x00,0x00,0x00,0x00,0x00,0x00,0x00,0x00,0x00,0x00,0x00,0x00,
    0x00,0x00,0x00,0x00,0x00,0x00,0x00,0x00,0x00,0x00,0x00,0x00,0x00,0x00,0x00,0x00,
    0x00,0x00,0x00,0x00,0x00,0x00,0x00,0x00,0x00,0x00,0x00,0x00,0x00,0x00,0x00,0x00,
    0x00,0x00,0x00,0x00,0x00,0x00,0x00,0x00,0x00,0x00,0x00,0x00,0x00,0x00,0x00,0x00,
    0x00,0x00,0x00,0x00,0x00,0x00,0x00,0x00,0x00,0x00,0x00,0x00,0x00,0x00,0x00,0x00,
    0x00,0x00,0x00,0x00,0x00,0x00,0x00,0x00,0x00,0x00,0x00,0x00,0x00,0x00,0x00,0x00,
    0x00,0x00,0x00,0x00,0x00,0x00,0x00,0x00,0x00,0x00,0x00,0x00,0x00,0x00,0x00,0x00,
    0x00,0x00,0x00,0x00,0x00,0x00,0x00,0x00,0x00,0x00,0x00,0x00,0x00,0x00,0x00,0x00,
    0x00,0x00,0x00,0x00,0x00,0x00,0x00,0x00,0x00,0x00,0x00,0x00,0x00,0x00,0x00,0x00,
    0x00,0x00,0x00,0x00,0x00,0x00,0x00,0x00,0x00,0x00,0x00,0x00,0x00,0x00,0x00,0x00,
    0x00,0x00,0x00,0x00,0x00,0x00,0x00,0x00,0x00,0x00,0x00,0x00,0x00,0x00,0x00,0x00,
    0x00,0x00,0x00,0x00,0x00,0x00,0x00,0x00,0x00,0x00,0x00,0x00,0x00,0x00,0x00,0x00,
    0x00,0x00,0x00,0x00,0x00,0x00,0x00,0x00,0x00,0x00,0x00,0x00,0x00,0x00,0x00,0x00,
    0x00,0x00,0x00,0x00,0x00,0x00,0x00,0x00,0x00,0x00,0x00,0x00,0x00,0x00,0x00,0x00,
    0x00,0x00,0x00,0x00,0x00,0x00,0x00,0x00,0x00,0x00,0x00,0x00,0x00,0x00,0x00,0x00,
    0x00,0x00,0x00,0x00,0x00,0x00,0x00,0x00,0x00,0x00,0x00,0x00,0x00,0x00,0x00,0x00,
    0x00,0x00,0x00,0x00,0x00,0x00,0x00,0x00,0x00,0x00,0x00,0x00,0x00,0x00,0x00,0x00,
    0x00,0x00,0x00,0x00,0x00,0x00,0x00,0x00,0x00,0x00,0x00,0x00,0x00,0x00,0x00,0x00,
    0x00,0x00,0x00,0x00,0x00,0x00,0x00,0x00,0x00,0x00,0x00,0x00,0x00,0x00,0x00,0x00,
    0x00,0x00,0x00,0x00,0x00,0x00,0x00,0x00,0x00,0x00,0x00,0x00,0x00,0x00,0x00,0x00,
    0x00,0x00,0x00,0x00,0x00,0x00,0x00,0x00,0x00,0x00,0x00,0x00,0x00,0x00,0x00,0x00,
    0x00,0x00,0x00,0x00,0x00,0x00,0x00,0x00,0x00,0x00,0x00,0x00,0x00,0x00,0x00,0x00,
    0x00,0x00,0x00,0x00,0x00,0x00,0x00,0x00,0x00,0x00,0x00,0x00,0x00,0x00,0x00,0x00,
    0x00,0x00,0x00,0x00,0x00,0x00,0x00,0x00,0x00,0x00,0x00,0x00,0x00,0x00,0x00,0x00,
    0x00,0x00,0x00,0x00,0x00,0x00,0x00,0x00,0x00,0x00,0x00,0x00,0x00,0x00,0x00,0x00,
    0x00,0x00,0x00,0x00,0x00,0x00,0x00,0x00,0x00,0x00,0x00,0x00,0x00,0x00,0x00,0x00,
    0x00,0x00,0x00,0x00,0x00,0x00,0x00,0x00,0x00,0x00,0x00,0x00,0x00,0x00,0x00,0x00,
    0x00,0x00,0x00,0x00,0x00,0x00,0x00,0x00,0x00,0x00,0x00,0x00,0x00,0x00,0x00,0x00,
    0x00,0x00,0x00,0x00,0x00,0x00,0x00,0x00,0x00,0x00,0x00,0x00,0x00,0x00,0x00,0x00,
    0x00,0x00,0x00,0x00,0x00,0x00,0x00,0x00,0x00,0x00,0x00,0x00,0x00,0x00,0x00,0x00,
    0x00,0x00,0x00,0x00,0x00,0x00,0x00,0x00,0x00,0x00,0x00,0x00,0x00,0x00,0x00,0x00,
    0x00,0x00,0x00,0x00,0x00,0x00,0x00,0x00,0x00,0x00,0x00,0x00,0x00,0x00,0x00,0x00,
    0x00,0x00,0x00,0x00,0x00,0x00,0x00,0x00,0x00,0x00,0x00,0x00,0x00,0x00,0x00,0x00,
    0x00,0x00,0x00,0x00,0x00,0x00,0x00,0x00,0x00,0x00,0x00,0x00,0x00,0x00,0x00,0x00,
    0x00,0x00,0x00,0x00,0x00,0x00,0x00,0x00,0x00,0x00,0x00,0x00,0x00,0x00,0x00,0x00,
    0x00,0x00,0x00,0x00,0x00,0x00,0x00,0x00,0x00,0x00,0x00,0x00,0x00,0x00,0x00,0x00,
    0x00,0x00,0x00,0x00,0x00,0x00,0x00,0x00,0x00,0x00,0x00,0x00,0x00,0x00,0x00,0x00,
    0x00,0x00,0x00,0x00,0x00,0x00,0x00,0x00,0x00,0x00,0x00,0x00,0x00,0x00,0x00,0x00,
    0x00,0x00,0x00,0x00,0x00,0x00,0x00,0x00,0x00,0x00,0x00,0x00,0x00,0x00,0x00,0x00,
    0x00,0x00,0x00,0x00,0x00,0x00,0x00,0x00,0x00,0x00,0x00,0x00,0x00,0x00,0x00,0x00,
    0x00,0x00,0x00,0x00,0x00,0x00,0x00,0x00,0x00,0x00,0x00,0x00,0x00,0x00,0x00,0x00,
    0x00,0x00,0x00,0x00,0x00,0x00,0x00,0x00,0x00,0x00,0x00,0x00,0x00,0x00,0x00,0x00,
    0x00,0x00,0x00,0x00,0x00,0x00,0x00,0x00,0x00,0x00,0x00,0x00,0x00,0x00,0x00,0x00,
    0x00,0x00,0x00,0x00,0x00,0x00,0x00,0x00,0x00,0x00,0x00,0x00,0x00,0x00,0x00,0x00,
    0x00,0x00,0x00,0x00,0x00,0x00,0x00,0x00,0x00,0x00,0x00,0x00,0x00,0x00,0x00,0x00,
    0x00,0x00,0x00,0x00,0x00,0x00,0x00,0x00,0x00,0x00,0x00,0x00,0x00,0x00,0x00,0x00,
    0x00,0x00,0x00,0x00,0x00,0x00,0x00,0x00,0x00,0x00,0x00,0x00,0x00,0x00,0x00,0x00,
    0x00,0x00,0x00,0x00,0x00,0x00,0x00,0x00,0x00,0x00,0x00,0x00,0x00,0x00,0x00,0x00,
    0x00,0x00,0x00,0x00,0x00,0x00,0x00,0x00,0x00,0x00,0x00,0x00,0x00,0x00,0x00,0x00,
    0x00,0x00,0x00,0x00,0x00,0x00,0x00,0x00,0x00,0x00,0x00,0x00,0x00,0x00,0x00,0x00,
    0x00,0x00,0x00,0x00,0x00,0x00,0x00,0x00,0x00,0x00,0x00,0x00,0x00,0x00,0x00,0x00,
    0x00,0x00,0x00,0x00,0x00,0x00,0x00,0x00,0x00,0x00,0x00,0x00,0x00,0x00,0x00,0x00,
    0x00,0x00,0x00,0x00,0x00,0x00,0x00,0x00,0x00,0x00,0x00,0x00,0x00,0x00,0x00,0x00,
    0x00,0x00,0x00,0x00,0x00,0x00,0x00,0x00,0x00,0x00,0x00,0x00,0x00,0x00,0x00,0x00,
    0x00,0x00,0x00,0x00,0x00,0x00,0x00,0x00,0x00,0x00,0x00,0x00,0x00,0x00,0x00,0x00,
    0x00,0x00,0x00,0x00,0x00,0x00,0x00,0x00,0x00,0x00,0x00,0x00,0x00,0x00,0x00,0x00,
    0x00,0x00,0x00,0x00,0x00,0x00,0x00,0x00,0x00,0x00,0x00,0x00,0x00,0x00,0x00,0x00,
    0x00,0x00,0x00,0x00,0x00,0x00,0x00,0x00,0x00,0x00,0x00,0x00,0x00,0x00,0x00,0x00,
    0x00,0x00,0x00,0x00,0x00,0x00,0x00,0x00,0x00,0x00,0x00,0x00,0x00,0x00,0x00,0x00,
    0x00,0x00,0x00,0x00,0x00,0x00,0x00,0x00,0x00,0x00,0x00,0x00,0x00,0x00,0x00,0x00,
    0x00,0x00,0x00,0x00,0x00,0x00,0x00,0x00,0x00,0x00,0x00,0x00,0x00,0x00,0x00,0x00,
    0x00,0x00,0x00,0x00,0x00,0x00,0x00,0x00,0x00,0x00,0x00,0x00,0x00,0x00,0x00,0x00,
    0x00,0x00,0x00,0x00,0x00,0x00,0x00,0x00,0x00,0x00,0x00,0x00,0x00,0x00,0x00,0x00,
    0x00,0x00,0x00,0x00,0x00,0x00,0x00,0x00,0x00,0x00,0x00,0x00,0x00,0x00,0x00,0x00,
    0x00,0x00,0x00,0x00,0x00,0x00,0x00,0x00,0x00,0x00,0x00,0x00,0x00,0x00,0x00,0x00,
    0x00,0x00,0x00,0x00,0x00,0x00,0x00,0x00,0x00,0x00,0x00,0x00,0x00,0x00,0x00,0x00,
    0x00,0x00,0x00,0x00,0x00,0x00,0x00,0x00,0x00,0x00,0x00,0x00,0x00,0x00,0x00,0x00,
    0x00,0x00,0x00,0x00,0x00,0x00,0x00,0x00,0x00,0x00,0x00,0x00,0x00,0x00,0x00,0x00,
    0x00,0x00,0x00,0x00,0x00,0x00,0x00,0x00,0x00,0x00,0x00,0x00,0x00,0x00,0x00,0x00,
    0x00,0x00,0x00,0x00,0x00,0x00,0x00,0x00,0x00,0x00,0x00,0x00,0x00,0x00,0x00,0x00,
    0x00,0x00,0x00,0x00,0x00,0x00,0x00,0x00,0x00,0x00,0x00,0x00,0x00,0x00,0x00,0x00,
    0x00,0x00,0x00,0x00,0x00,0x00,0x00,0x00,0x00,0x00,0x00,0x00,0x00,0x00,0x00,0x00,
    0x00,0x00,0x00,0x00,0x00,0x00,0x00,0x00,0x00,0x00,0x00,0x00,0x00,0x00,0x00,0x00,
    0x00,0x00,0x00,0x00,0x00,0x00,0x00,0x00,0x00,0x00,0x00,0x00,0x00,0x00,0x00,0x00,
    0x00,0x00,0x00,0x00,0x00,0x00,0x00,0x00,0x00,0x00,0x00,0x00,0x00,0x00,0x00,0x00,
    0x00,0x00,0x00,0x00,0x00,0x00,0x00,0x00,0x00,0x00,0x00,0x00,0x00,0x00,0x00,0x00,
    0x00,0x00,0x00,0x00,0x00,0x00,0x00,0x00,0x00,0x00,0x00,0x00,0x00,0x00,0x00,0x00,
    0x00,0x00,0x00,0x00,0x00,0x00,0x00,0x00,0x00,0x00,0x00,0x00,0x00,0x00,0x00,0x00,
    0x00,0x00,0x00,0x00,0x00,0x00,0x00,0x00,0x00,0x00,0x00,0x00,0x00,0x00,0x00,0x00,
    0x00,0x00,0x00,0x00,0x00,0x00,0x00,0x00,0x00,0x00,0x00,0x00,0x00,0x00,0x00,0x00,
    0x00,0x00,0x00,0x00,0x00,0x00,0x00,0x00,0x00,0x00,0x00,0x00,0x00,0x00,0x00,0x00,
    0x00,0x00,0x00,0x00,0x00,0x00,0x00,0x00,0x00,0x00,0x00,0x00,0x00,0x00,0x00,0x00,
    0x00,0x00,0x00,0x00,0x00,0x00,0x00,0x00,0x00,0x00,0x00,0x00,0x00,0x00,0x00,0x00,
    0x00,0x00,0x00,0x00,0x00,0x00,0x00,0x00,0x00,0x00,0x00,0x00,0x00,0x00,0x00,0x00,
    0x00,0x00,0x00,0x00,0x00,0x00,0x00,0x00,0x00,0x00,0x00,0x00,0x00,0x00,0x00,0x00,
    0x00,0x00,0x00,0x00,0x00,0x00,0x00,0x00,0x00,0x00,0x00,0x00,0x00,0x00,0x00,0x00,
    0x00,0x00,0x00,0x00,0x00,0x00,0x00,0x00,0x00,0x00,0x00,0x00,0x00,0x00,0x00,0x00,
    0x00,0x00,0x00,0x00,0x00,0x00,0x00,0x00,0x00,0x00,0x00,0x00,0x00,0x00,0x00,0x00,
    0x00,0x00,0x00,0x00,0x00,0x00,0x00,0x00,0x00,0x00,0x00,0x00,0x00,0x00,0x00,0x00,
    0x00,0x00,0x00,0x00,0x00,0x00,0x00,0x00,0x00,0x00,0x00,0x00,0x00,0x00,0x00,0x00,
    0x00,0x00,0x00,0x00,0x00,0x00,0x00,0x00,0x00,0x00,0x00,0x00,0x00,0x00,0x00,0x00,
    0x00,0x00,0x00,0x00,0x00,0x00,0x00,0x00,0x00,0x00,0x00,0x00,0x00,0x00,0x00,0x00,
    0x00,0x00,0x00,0x00,0x00,0x00,0x00,0x00,0x00,0x00,0x00,0x00,0x00,0x00,0x00,0x00,
    0x00,0x00,0x00,0x00,0x00,0x00,0x00,0x00,0x00,0x00,0x00,0x00,0x00,0x00,0x00,0x00,
    0x00,0x00,0x00,0x00,0x00,0x00,0x00,0x00,0x00,0x00,0x00,0x00,0x00,0x00,0x00,0x00,
    0x00,0x00,0x00,0x00,0x00,0x00,0x00,0x00,0x00,0x00,0x00,0x00,0x00,0x00,0x00,0x00,
    0x00,0x00,0x00,0x00,0x00,0x00,0x00,0x00,0x00,0x00,0x00,0x00,0x00,0x00,0x00,0x00,
    0x00,0x00,0x00,0x00,0x00,0x00,0x00,0x00,0x00,0x00,0x00,0x00,0x00,0x00,0x00,0x00,
    0x00,0x00,0x00,0x00,0x00,0x00,0x00,0x00,0x00,0x00,0x00,0x00,0x00,0x00,0x00,0x00,
    0x00,0x00,0x00,0x00,0x00,0x00,0x00,0x00,0x00,0x00,0x00,0x00,0x00,0x00,0x00,0x00,
    0x00,0x00,0x00,0x00,0x00,0x00,0x00,0x00,0x00,0x00,0x00,0x00,0x00,0x00,0x00,0x00,
    0x00,0x00,0x00,0x00,0x00,0x00,0x00,0x00,0x00,0x00,0x00,0x00,0x00,0x00,0x00,0x00,
    0x00,0x00,0x00,0x00,0x00,0x00,0x00,0x00,0x00,0x00,0x00,0x00,0x00,0x00,0x00,0x00,
    0x00,0x00,0x00,0x00,0x00,0x00,0x00,0x00,0x00,0x00,0x00,0x00,0x00,0x00,0x00,0x00,
    0x00,0x00,0x00,0x00,0x00,0x00,0x00,0x00,0x00,0x00,0x00,0x00,0x00,0x00,0x00,0x00,
    0x00,0x00,0x00,0x00,0x00,0x00,0x00,0x00,0x00,0x00,0x00,0x00,0x00,0x00,0x00,0x00,
    0x00,0x00,0x00,0x00,0x00,0x00,0x00,0x00,0x00,0x00,0x00,0x00,0x00,0x00,0x00,0x00,
    0x00,0x00,0x00,0x00,0x00,0x00,0x00,0x00,0x00,0x00,0x00,0x00,0x00,0x00,0x00,0x00,
    0x00,0x00,0x00,0x00,0x00,0x00,0x00,0x00,0x00,0x00,0x00,0x00,0x00,0x00,0x00,0x00,
    0x00,0x00,0x00,0x00,0x00,0x00,0x00,0x00,0x00,0x00,0x00,0x00,0x00,0x00,0x00,0x00,
    0x00,0x00,0x00,0x00,0x00,0x00,0x00,0x00,0x00,0x00,0x00,0x00,0x00,0x00,0x00,0x00,
    0x00,0x00,0x00,0x00,0x00,0x00,0x00,0x00,0x00,0x00,0x00,0x00,0x00,0x00,0x00,0x00,
    0x00,0x00,0x00,0x00,0x00,0x00,0x00,0x00,0x00,0x00,0x00,0x00,0x00,0x00,0x00,0x00,
    0x00,0x00,0x00,0x00,0x00,0x00,0x00,0x00,0x00,0x00,0x00,0x00,0x00,0x00,0x00,0x00,
    0x00,0x00,0x00,0x00,0x00,0x00,0x00,0x00,0x00,0x00,0x00,0x00,0x00,0x00,0x00,0x00,
    0x00,0x00,0x00,0x00,0x00,0x00,0x00,0x00,0x00,0x00,0x00,0x00,0x00,0x00,0x00,0x00,
    0x00,0x00,0x00,0x00,0x00,0x00,0x00,0x00,0x00,0x00,0x00,0x00,0x00,0x00,0x00,0x00,
    0x00,0x00,0x00,0x00,0x00,0x00,0x00,0x00,0x00,0x00,0x00,0x00,0x00,0x00,0x00,0x00,
    0x00,0x00,0x00,0x00,0x00,0x00,0x00,0x00,0x00,0x00,0x00,0x00,0x00,0x00,0x00,0x00,
    0x00,0x00,0x00,0x00,0x00,0x00,0x00,0x00,0x00,0x00,0x00,0x00,0x00,0x00,0x00,0x00,
    0x00,0x00,0x00,0x00,0x00,0x00,0x00,0x00,0x00,0x00,0x00,0x00,0x00,0x00,0x00,0x00,
    0x00,0x00,0x00,0x00,0x00,0x00,0x00,0x00,0x00,0x00,0x00,0x00,0x00,0x00,0x00,0x00,
    0x00,0x00,0x00,0x00,0x00,0x00,0x00,0x00,0x00,0x00,0x00,0x00,0x00,0x00,0x00,0x00,
    0x00,0x00,0x00,0x00,0x00,0x00,0x00,0x00,0x00,0x00,0x00,0x00,0x00,0x00,0x00,0x00,
    0x00,0x00,0x00,0x00,0x00,0x00,0x00,0x00,0x00,0x00,0x00,0x00,0x00,0x00,0x00,0x00,
    0x00,0x00,0x00,0x00,0x00,0x00,0x00,0x00,0x00,0x00,0x00,0x00,0x00,0x00,0x00,0x00,
    0x00,0x00,0x00,0x00,0x00,0x00,0x00,0x00,0x00,0x00,0x00,0x00,0x00,0x00,0x00,0x00,
    0x00,0x00,0x00,0x00,0x00,0x00,0x00,0x00,0x00,0x00,0x00,0x00,0x00,0x00,0x00,0x00,
    0x00,0x00,0x00,0x00,0x00,0x00,0x00,0x00,0x00,0x00,0x00,0x00,0x00,0x00,0x00,0x00,
    0x00,0x00,0x00,0x00,0x00,0x00,0x00,0x00,0x00,0x00,0x00,0x00,0x00,0x00,0x00,0x00,
    0x00,0x00,0x00,0x00,0x00,0x00,0x00,0x00,0x00,0x00,0x00,0x00,0x00,0x00,0x00,0x00,
    0x00,0x00,0x00,0x00,0x00,0x00,0x00,0x00,0x00,0x00,0x00,0x00,0x00,0x00,0x00,0x00,
    0x00,0x00,0x00,0x00,0x00,0x00,0x00,0x00,0x00,0x00,0x00,0x00,0x00,0x00,0x00,0x00,
    0x00,0x00,0x00,0x00,0x00,0x00,0x00,0x00,0x00,0x00,0x00,0x00,0x00,0x00,0x00,0x00,
    0x00,0x00,0x00,0x00,0x00,0x00,0x00,0x00,0x00,0x00,0x00,0x00,0x00,0x00,0x00,0x00,
    0x00,0x00,0x00,0x00,0x00,0x00,0x00,0x00,0x00,0x00,0x00,0x00,0x00,0x00,0x00,0x00,
    0x00,0x00,0x00,0x00,0x00,0x00,0x00,0x00,0x00,0x00,0x00,0x00,0x00,0x00,0x00,0x00,
    0x00,0x00,0x00,0x00,0x00,0x00,0x00,0x00,0x00,0x00,0x00,0x00,0x00,0x00,0x00,0x00,
    0x00,0x00,0x00,0x00,0x00,0x00,0x00,0x00,0x00,0x00,0x00,0x00,0x00,0x00,0x00,0x00,
    0x00,0x00,0x00,0x00,0x00,0x00,0x00,0x00,0x00,0x00,0x00,0x00,0x00,0x00,0x00,0x00,
    0x00,0x00,0x00,0x00,0x00,0x00,0x00,0x00,0x00,0x00,0x00,0x00,0x00,0x00,0x00,0x00,
    0x00,0x00,0x00,0x00,0x00,0x00,0x00,0x00,0x00,0x00,0x00,0x00,0x00,0x00,0x00,0x00,
    0x00,0x00,0x00,0x00,0x00,0x00,0x00,0x00,0x00,0x00,0x00,0x00,0x00,0x00,0x00,0x00,
    0x00,0x00,0x00,0x00,0x00,0x00,0x00,0x00,0x00,0x00,0x00,0x00,0x00,0x00,0x00,0x00,
    0x00,0x00,0x00,0x00,0x00,0x00,0x00,0x00,0x00,0x00,0x00,0x00,0x00,0x00,0x00,0x00,
    0x00,0x00,0x00,0x00,0x00,0x00,0x00,0x00,0x00,0x00,0x00,0x00,0x00,0x00,0x00,0x00,
    0x00,0x00,0x00,0x00,0x00,0x00,0x00,0x00,0x00,0x00,0x00,0x00,0x00,0x00,0x00,0x00,
    0x00,0x00,0x00,0x00,0x00,0x00,0x00,0x00,0x00,0x00,0x00,0x00,0x00,0x00,0x00,0x00,
    0x00,0x00,0x00,0x00,0x00,0x00,0x00,0x00,0x00,0x00,0x00,0x00,0x00,0x00,0x00,0x00,
    0x00,0x00,0x00,0x00,0x00,0x00,0x00,0x00,0x00,0x00,0x00,0x00,0x00,0x00,0x00,0x00,
    0x00,0x00,0x00,0x00,0x00,0x00,0x00,0x00,0x00,0x00,0x00,0x00,0x00,0x00,0x00,0x00,
    0x00,0x00,0x00,0x00,0x00,0x00,0x00,0x00,0x00,0x00,0x00,0x00,0x00,0x00,0x00,0x00,
    0x00,0x00,0x00,0x00,0x00,0x00,0x00,0x00,0x00,0x00,0x00,0x00,0x00,0x00,0x00,0x00,
    0x00,0x00,0x00,0x00,0x00,0x00,0x00,0x00,0x00,0x00,0x00,0x00,0x00,0x00,0x00,0x00,
    0x00,0x00,0x00,0x00,0x00,0x00,0x00,0x00,0x00,0x00,0x00,0x00,0x00,0x00,0x00,0x00,
    0x00,0x00,0x00,0x00,0x00,0x00,0x00,0x00,0x00,0x00,0x00,0x00,0x00,0x00,0x00,0x00,
    0x00,0x00,0x00,0x00,0x00,0x00,0x00,0x00,0x00,0x00,0x00,0x00,0x00,0x00,0x00,0x00,
    0x00,0x00,0x00,0x00,0x00,0x00,0x00,0x00,0x00,0x00,0x00,0x00,0x00,0x00,0x00,0x00,
    0x00,0x00,0x00,0x00,0x00,0x00,0x00,0x00,0x00,0x00,0x00,0x00,0x00,0x00,0x00,0x00,
    0x00,0x00,0x00,0x00,0x00,0x00,0x00,0x00,0x00,0x00,0x00,0x00,0x00,0x00,0x00,0x00,
    0x00,0x00,0x00,0x00,0x00,0x00,0x00,0x00,0x00,0x00,0x00,0x00,0x00,0x00,0x00,0x00,
    0x00,0x00,0x00,0x00,0x00,0x00,0x00,0x00,0x00,0x00,0x00,0x00,0x00,0x00,0x00,0x00,
    0x00,0x00,0x00,0x00,0x00,0x00,0x00,0x00,0x00,0x00,0x00,0x00,0x00,0x00,0x00,0x00,
    0x00,0x00,0x00,0x00,0x00,0x00,0x00,0x00,0x00,0x00,0x00,0x00,0x00,0x00,0x00,0x00,
    0x00,0x00,0x00,0x00,0x00,0x00,0x00,0x00,0x00,0x00,0x00,0x00,0x00,0x00,0x00,0x00,
    0x00,0x00,0x00,0x00,0x00,0x00,0x00,0x00,0x00,0x00,0x00,0x00,0x00,0x00,0x00,0x00,
    0x00,0x00,0x00,0x00,0x00,0x00,0x00,0x00,0x00,0x00,0x00,0x00,0x00,0x00,0x00,0x00,
    0x00,0x00,0x00,0x00,0x00,0x00,0x00,0x00,0x00,0x00,0x00,0x00,0x00,0x00,0x00,0x00,
    0x00,0x00,0x00,0x00,0x00,0x00,0x00,0x00,0x00,0x00,0x00,0x00,0x00,0x00,0x00,0x00,
    0x00,0x00,0x00,0x00,0x00,0x00,0x00,0x00,0x00,0x00,0x00,0x00,0x00,0x00,0x00,0x00,
    0x00,0x00,0x00,0x00,0x00,0x00,0x00,0x00,0x00,0x00,0x00,0x00,0x00,0x00,0x00,0x00,
    0x00,0x00,0x00,0x00,0x00,0x00,0x00,0x00,0x00,0x00,0x00,0x00,0x00,0x00,0x00,0x00,
    0x00,0x00,0x00,0x00,0x00,0x00,0x00,0x00,0x00,0x00,0x00,0x00,0x00,0x00,0x00,0x00,
    0x00,0x00,0x00,0x00,0x00,0x00,0x00,0x00,0x00,0x00,0x00,0x00,0x00,0x00,0x00,0x00,
    0x00,0x00,0x00,0x00,0x00,0x00,0x00,0x00,0x00,0x00,0x00,0x00,0x00,0x00,0x00,0x00,
    0x00,0x00,0x00,0x00,0x00,0x00,0x00,0x00,0x00,0x00,0x00,0x00,0x00,0x00,0x00,0x00,
    0x00,0x00,0x00,0x00,0x00,0x00,0x00,0x00,0x00,0x00,0x00,0x00,0x00,0x00,0x00,0x00,
    0x00,0x00,0x00,0x00,0x00,0x00,0x00,0x00,0x00,0x00,0x00,0x00,0x00,0x00,0x00,0x00,
    0x00,0x00,0x00,0x00,0x00,0x00,0x00,0x00,0x00,0x00,0x00,0x00,0x00,0x00,0x00,0x00,
    0x00,0x00,0x00,0x00,0x00,0x00,0x00,0x00,0x00,0x00,0x00,0x00,0x00,0x00,0x00,0x00,
    0x00,0x00,0x00,0x00,0x00,0x00,0x00,0x00,0x00,0x00,0x00,0x00,0x00,0x00,0x00,0x00,
    0x00,0x00,0x00,0x00,0x00,0x00,0x00,0x00,0x00,0x00,0x00,0x00,0x00,0x00,0x00,0x00,
    0x00,0x00,0x00,0x00,0x00,0x00,0x00,0x00,0x00,0x00,0x00,0x00,0x00,0x00,0x00,0x00,
    0x00,0x00,0x00,0x00,0x00,0x00,0x00,0x00,0x00,0x00,0x00,0x00,0x00,0x00,0x00,0x00,
    0x00,0x00,0x00,0x00,0x00,0x00,0x00,0x00,0x00,0x00,0x00,0x00,0x00,0x00,0x00,0x00,
    0x00,0x00,0x00,0x00,0x00,0x00,0x00,0x00,0x00,0x00,0x00,0x00,0x00,0x00,0x00,0x00,
    0x00,0x00,0x00,0x00,0x00,0x00,0x00,0x00,0x00,0x00,0x00,0x00,0x00,0x00,0x00,0x00,
    0x00,0x00,0x00,0x00,0x00,0x00,0x00,0x00,0x00,0x00,0x00,0x00,0x00,0x00,0x00,0x00,
    0x00,0x00,0x00,0x00,0x00,0x00,0x00,0x00,0x00,0x00,0x00,0x00,0x00,0x00,0x00,0x00,
    0x00,0x00,0x00,0x00,0x00,0x00,0x00,0x00,0x00,0x00,0x00,0x00,0x00,0x00,0x00,0x00,
    0x00,0x00,0x00,0x00,0x00,0x00,0x00,0x00,0x00,0x00,0x00,0x00,0x00,0x00,0x00,0x00,
    0x00,0x00,0x00,0x00,0x00,0x00,0x00,0x00,0x00,0x00,0x00,0x00,0x00,0x00,0x00,0x00,
    0x00,0x00,0x00,0x00,0x00,0x00,0x00,0x00,0x00,0x00,0x00,0x00,0x00,0x00,0x00,0x00,
    0x00,0x00,0x00,0x00,0x00,0x00,0x00,0x00,0x00,0x00,0x00,0x00,0x00,0x00,0x00,0x00,
    0x00,0x00,0x00,0x00,0x00,0x00,0x00,0x00,0x00,0x00,0x00,0x00,0x00,0x00,0x00,0x00,
    0x00,0x00,0x00,0x00,0x00,0x00,0x00,0x00,0x00,0x00,0x00,0x00,0x00,0x00,0x00,0x00,
    0x00,0x00,0x00,0x00,0x00,0x00,0x00,0x00,0x00,0x00,0x00,0x00,0x00,0x00,0x00,0x00,
    0x00,0x00,0x00,0x00,0x00,0x00,0x00,0x00,0x00,0x00,0x00,0x00,0x00,0x00,0x00,0x00,
    0x00,0x00,0x00,0x00,0x00,0x00,0x00,0x00,0x00,0x00,0x00,0x00,0x00,0x00,0x00,0x00,
    0x00,0x00,0x49,0x6e,0x73,0x75,0x66,0x66,0x69,0x63,0x69,0x65,0x6e,0x74,0x20,0x73,
    0x79,0x73,0x74,0x65,0x6d,0x20,0x6d,0x65,0x6d,0x6f,0x72,0x79,0x20,0x2d,0x20,0x41,
    0x6c,0x6c,0x6f,0x63,0x42,0x75,0x66,0x66,0x65,0x72,0x24,0x00,0x42,0x75,0x66,0x66,
    0x65,0x72,0x20,0x64,0x65,0x61,0x6c,0x6c,0x6f,0x63,0x20,0x65,0x72,0x72,0x6f,0x72,
    0x24,0x00,0x00,0x00,0x28,0x00,0x50,0x00,0x78,0x00,0xa0,0x00,0xc8,0x00,0xf0,0x00,
    0x18,0x01,0x40,0x01,0x68,0x01,0x90,0x01,0xb8,0x01,0xe0,0x01,0x08,0x02,0x30,0x02,
    0x58,0x02,0x80,0x02,0xa8,0x02,0xd0,0x02,0xf8,0x02,0x20,0x03,0x48,0x03,0x70,0x03,
    0x98,0x03,0xc0,0x03,0xe8,0x03,0x10,0x04,0x38,0x04,0x60,0x04,0x88,0x04,0xb0,0x04,
    0xd8,0x04,0x00,0x05,0x28,0x05,0x50,0x05,0x78,0x05,0xa0,0x05,0xc8,0x05,0xf0,0x05,
    0x18,0x06,0x40,0x06,0x68,0x06,0x90,0x06,0xb8,0x06,0xe0,0x06,0x08,0x07,0x30,0x07,
    0x58,0x07,0x80,0x07,0xa8,0x07,0xd0,0x07,0xf8,0x07,0x20,0x08,0x48,0x08,0x70,0x08,
    0x98,0x08,0xc0,0x08,0xe8,0x08,0x10,0x09,0x38,0x09,0x60,0x09,0x88,0x09,0xb0,0x09,
    0xd8,0x09,0x00,0x0a,0x28,0x0a,0x50,0x0a,0x78,0x0a,0xa0,0x0a,0xc8,0x0a,0xf0,0x0a,
    0x18,0x0b,0x40,0x0b,0x68,0x0b,0x90,0x0b,0xb8,0x0b,0xe0,0x0b,0x08,0x0c,0x30,0x0c,
    0x58,0x0c,0x80,0x0c,0xa8,0x0c,0xd0,0x0c,0xf8,0x0c,0x20,0x0d,0x48,0x0d,0x70,0x0d,
    0x98,0x0d,0xc0,0x0d,0xe8,0x0d,0x10,0x0e,0x38,0x0e,0x60,0x0e,0x88,0x0e,0xb0,0x0e,
    0xd8,0x0e,0x00,0x0f,0x28,0x0f,0x50,0x0f,0x78,0x0f,0xa0,0x0f,0xc8,0x0f,0xf0,0x0f,
    0x18,0x10,0x40,0x10,0x68,0x10,0x90,0x10,0xb8,0x10,0xe0,0x10,0x08,0x11,0x30,0x11,
    0x58,0x11,0x80,0x11,0xa8,0x11,0xd0,0x11,0xf8,0x11,0x20,0x12,0x48,0x12,0x70,0x12,
    0x98,0x12,0xc0,0x12,0xe8,0x12,0x10,0x13,0x38,0x13,0x60,0x13,0x88,0x13,0xb0,0x13,
    0xd8,0x13,0x00,0x14,0x28,0x14,0x50,0x14,0x78,0x14,0xa0,0x14,0xc8,0x14,0xf0,0x14,
    0x18,0x15,0x40,0x15,0x68,0x15,0x90,0x15,0xb8,0x15,0xe0,0x15,0x08,0x16,0x30,0x16,
    0x58,0x16,0x80,0x16,0xa8,0x16,0xd0,0x16,0xf8,0x16,0x20,0x17,0x48,0x17,0x70,0x17,
    0x98,0x17,0xc0,0x17,0xe8,0x17,0x10,0x18,0x38,0x18,0x60,0x18,0x88,0x18,0xb0,0x18,
    0xd8,0x18,0x00,0x19,0x28,0x19,0x50,0x19,0x78,0x19,0xa0,0x19,0xc8,0x19,0xf0,0x19,
    0x18,0x1a,0x40,0x1a,0x68,0x1a,0x90,0x1a,0xb8,0x1a,0xe0,0x1a,0x08,0x1b,0x30,0x1b,
    0x58,0x1b,0x80,0x1b,0xa8,0x1b,0xd0,0x1b,0xf8,0x1b,0x20,0x1c,0x48,0x1c,0x70,0x1c,
    0x98,0x1c,0xc0,0x1c,0xe8,0x1c,0x10,0x1d,0x38,0x1d,0x60,0x1d,0x88,0x1d,0xb0,0x1d,
    0xd8,0x1d,0x00,0x1e,0x28,0x1e,0x50,0x1e,0x78,0x1e,0xa0,0x1e,0xc8,0x1e,0xf0,0x1e,
    0x18,0x1f,0x00,0x00,0x00,0x20,0x50,0x00,0x50,0x20,0xa0,0x00,0xa0,0x20,0xf0,0x00,
    0xf0,0x20,0x40,0x01,0x40,0x21,0x90,0x01,0x90,0x21,0xe0,0x01,0xe0,0x21,0x30,0x02,
    0x30,0x22,0x80,0x02,0x80,0x22,0xd0,0x02,0xd0,0x22,0x20,0x03,0x20,0x23,0x70,0x03,
    0x70,0x23,0xc0,0x03,0xc0,0x23,0x10,0x04,0x10,0x24,0x60,0x04,0x60,0x24,0xb0,0x04,
    0xb0,0x24,0x00,0x05,0x00,0x25,0x50,0x05,0x50,0x25,0xa0,0x05,0xa0,0x25,0xf0,0x05,
    0xf0,0x25,0x40,0x06,0x40,0x26,0x90,0x06,0x90,0x26,0xe0,0x06,0xe0,0x26,0x30,0x07,
    0x30,0x27,0x80,0x07,0x80,0x27,0xd0,0x07,0xd0,0x27,0x20,0x08,0x20,0x28,0x70,0x08,
    0x70,0x28,0xc0,0x08,0xc0,0x28,0x10,0x09,0x10,0x29,0x60,0x09,0x60,0x29,0xb0,0x09,
    0xb0,0x29,0x00,0x0a,0x00,0x2a,0x50,0x0a,0x50,0x2a,0xa0,0x0a,0xa0,0x2a,0xf0,0x0a,
    0xf0,0x2a,0x40,0x0b,0x40,0x2b,0x90,0x0b,0x90,0x2b,0xe0,0x0b,0xe0,0x2b,0x30,0x0c,
    0x30,0x2c,0x80,0x0c,0x80,0x2c,0xd0,0x0c,0xd0,0x2c,0x20,0x0d,0x20,0x2d,0x70,0x0d,
    0x70,0x2d,0xc0,0x0d,0xc0,0x2d,0x10,0x0e,0x10,0x2e,0x60,0x0e,0x60,0x2e,0xb0,0x0e,
    0xb0,0x2e,0x00,0x0f,0x00,0x2f,0x50,0x0f,0x50,0x2f,0xa0,0x0f,0xa0,0x2f,0xf0,0x0f,
    0xf0,0x2f,0x40,0x10,0x40,0x30,0x90,0x10,0x90,0x30,0xe0,0x10,0xe0,0x30,0x30,0x11,
    0x30,0x31,0x80,0x11,0x80,0x31,0xd0,0x11,0xd0,0x31,0x20,0x12,0x20,0x32,0x70,0x12,
    0x70,0x32,0xc0,0x12,0xc0,0x32,0x10,0x13,0x10,0x33,0x60,0x13,0x60,0x33,0xb0,0x13,
    0xb0,0x33,0x00,0x14,0x00,0x34,0x50,0x14,0x50,0x34,0xa0,0x14,0xa0,0x34,0xf0,0x14,
    0xf0,0x34,0x40,0x15,0x40,0x35,0x90,0x15,0x90,0x35,0xe0,0x15,0xe0,0x35,0x30,0x16,
    0x30,0x36,0x80,0x16,0x80,0x36,0xd0,0x16,0xd0,0x36,0x20,0x17,0x20,0x37,0x70,0x17,
    0x70,0x37,0xc0,0x17,0xc0,0x37,0x10,0x18,0x10,0x38,0x60,0x18,0x60,0x38,0xb0,0x18,
    0xb0,0x38,0x00,0x19,0x00,0x39,0x50,0x19,0x50,0x39,0xa0,0x19,0xa0,0x39,0xf0,0x19,
    0xf0,0x39,0x40,0x1a,0x40,0x3a,0x90,0x1a,0x90,0x3a,0xe0,0x1a,0xe0,0x3a,0x30,0x1b,
    0x30,0x3b,0x80,0x1b,0x80,0x3b,0xd0,0x1b,0xd0,0x3b,0x20,0x1c,0x20,0x3c,0x70,0x1c,
    0x70,0x3c,0xc0,0x1c,0xc0,0x3c,0x10,0x1d,0x10,0x3d,0x60,0x1d,0x60,0x3d,0xb0,0x1d,
    0xb0,0x3d,0x00,0x1e,0x00,0x3e,0x50,0x1e,0x50,0x3e,0xa0,0x1e,0xa0,0x3e,0xf0,0x1e,
    0xf0,0x3e,0x00,0x00,0x00,0x00,0x00,0x00,0x00,0x20,0x00,0x40,0x00,0x60,0xa0,0x00,
    0xa0,0x20,0xa0,0x40,0xa0,0x60,0x40,0x01,0x40,0x21,0x40,0x41,0x40,0x61,0xe0,0x01,
    0xe0,0x21,0xe0,0x41,0xe0,0x61,0x80,0x02,0x80,0x22,0x80,0x42,0x80,0x62,0x20,0x03,
    0x20,0x23,0x20,0x43,0x20,0x63,0xc0,0x03,0xc0,0x23,0xc0,0x43,0xc0,0x63,0x60,0x04,
    0x60,0x24,0x60,0x44,0x60,0x64,0x00,0x05,0x00,0x25,0x00,0x45,0x00,0x65,0xa0,0x05,
    0xa0,0x25,0xa0,0x45,0xa0,0x65,0x40,0x06,0x40,0x26,0x40,0x46,0x40,0x66,0xe0,0x06,
    0xe0,0x26,0xe0,0x46,0xe0,0x66,0x80,0x07,0x80,0x27,0x80,0x47,0x80,0x67,0x20,0x08,
    0x20,0x28,0x20,0x48,0x20,0x68,0xc0,0x08,0xc0,0x28,0xc0,0x48,0xc0,0x68,0x60,0x09,
    0x60,0x29,0x60,0x49,0x60,0x69,0x00,0x0a,0x00,0x2a,0x00,0x4a,0x00,0x6a,0xa0,0x0a,
    0xa0,0x2a,0xa0,0x4a,0xa0,0x6a,0x40,0x0b,0x40,0x2b,0x40,0x4b,0x40,0x6b,0xe0,0x0b,
    0xe0,0x2b,0xe0,0x4b,0xe0,0x6b,0x80,0x0c,0x80,0x2c,0x80,0x4c,0x80,0x6c,0x20,0x0d,
    0x20,0x2d,0x20,0x4d,0x20,0x6d,0xc0,0x0d,0xc0,0x2d,0xc0,0x4d,0xc0,0x6d,0x60,0x0e,
    0x60,0x2e,0x60,0x4e,0x60,0x6e,0x00,0x0f,0x00,0x2f,0x00,0x4f,0x00,0x6f,0xa0,0x0f,
    0xa0,0x2f,0xa0,0x4f,0xa0,0x6f,0x40,0x10,0x40,0x30,0x40,0x50,0x40,0x70,0xe0,0x10,
    0xe0,0x30,0xe0,0x50,0xe0,0x70,0x80,0x11,0x80,0x31,0x80,0x51,0x80,0x71,0x20,0x12,
    0x20,0x32,0x20,0x52,0x20,0x72,0xc0,0x12,0xc0,0x32,0xc0,0x52,0xc0,0x72,0x60,0x13,
    0x60,0x33,0x60,0x53,0x60,0x73,0x00,0x14,0x00,0x34,0x00,0x54,0x00,0x74,0xa0,0x14,
    0xa0,0x34,0xa0,0x54,0xa0,0x74,0x40,0x15,0x40,0x35,0x40,0x55,0x40,0x75,0xe0,0x15,
    0xe0,0x35,0xe0,0x55,0xe0,0x75,0x80,0x16,0x80,0x36,0x80,0x56,0x80,0x76,0x20,0x17,
    0x20,0x37,0x20,0x57,0x20,0x77,0xc0,0x17,0xc0,0x37,0xc0,0x57,0xc0,0x77,0x60,0x18,
    0x60,0x38,0x60,0x58,0x60,0x78,0x00,0x19,0x00,0x39,0x00,0x59,0x00,0x79,0xa0,0x19,
    0xa0,0x39,0xa0,0x59,0xa0,0x79,0x40,0x1a,0x40,0x3a,0x40,0x5a,0x40,0x7a,0xe0,0x1a,
    0xe0,0x3a,0xe0,0x5a,0xe0,0x7a,0x80,0x1b,0x80,0x3b,0x80,0x5b,0x80,0x7b,0x20,0x1c,
    0x20,0x3c,0x20,0x5c,0x20,0x7c,0xc0,0x1c,0xc0,0x3c,0xc0,0x5c,0xc0,0x7c,0x60,0x1d,
    0x60,0x3d,0x60,0x5d,0x60,0x7d,0x00,0x1e,0x00,0x3e,0x00,0x5e,0x00,0x7e,0xa0,0x1e,
    0xa0,0x3e,0xa0,0x5e,0xa0,0x7e,0x00,0x00,0x00,0x00,0x00,0x00,0x00,0x00,0x00,0x00,
    0x00,0x00,0x00,0x00,0x00,0x00,0xff,0xff,0x01,0x00,0x01,0x00,0xff,0xff,0x00,0x00,
    0x01,0x00,0x00,0x00,0xff,0xff,0x00,0x00,0x01,0x00,0x01,0x00,0xff,0xff,0xff,0xff,
    0x01,0x00,0x00,0x00,0xff,0xff,0x00,0x00,0x00,0x00,0x00,0xe0,0x00,0xf0,0x00,0x00,
    0x00,0x10,0x00,0x20,0x00,0x04,0x00,0x01,0x40,0x00,0x10,0x00,0x04,0x00,0x31,0x31,
    0x20,0x00,0x20,0x00,0x20,0x00,0x20,0x00,0x20,0x00,0x00,0x00,0x00,0x00,0x00,0x00,
    0x00,0x00,0x00,0x00,0x00,0x00,0x00,0x00,0x00,0x00,0x00,0x00,0x00,0x00,0x00,0x00,
    0x00,0x00,0x00,0x00,0x00,0x00,0x00,0x00,0x00,0x00,0x00,0x00,0x00,0x00,0x00,0x00,
    0x00,0x00,0x00,0x00,0x00,0x00,0x00,0x00,0x00,0x00,0x00,0x00,0x00,0x00,0x00,0x00,
    0x00,0x00,0x00,0x00,0x00,0x00,0x00,0x00,0x00,0x00,0x00,0x00,0x00,0x00,0x00,0x00,
    0x00,0x00,0x00,0x00,0x00,0x00,0x00,0x00,0x00,0x00,0x00,0x00,0x00,0x00,0x00,0x00,
    0x00,0x00,0x00,0x00,0x00,0x00,0x00,0x00,0x00,0x00,0x00,0x00,0x00,0x00,0x00,0x00,
    0x00,0x00,0x00,0x00,0x00,0x00,0x00,0x00,0x00,0x00,0x00,0x00,0x00,0x00,0x00,0x00,
    0x00,0x00,0x00,0x00,0x00,0x00,0x00,0x00,0x00,0x00,0x00,0x00,0x00,0x00,0x00,0x00,
    0x00,0x00,0x00,0x00,0x00,0x00,0x00,0x00,0x00,0x00,0x00,0x00,0x00,0x00,0x00,0x00,
    0x00,0x00,0x00,0x00,0x00,0x00,0x00,0x00,0x00,0x00,0x00,0x00,0x00,0x00,0x00,0x00,
    0x00,0x00,0x00,0x00,0x00,0x00,0x00,0x00,0x00,0x00,0x00,0x00,0x00,0x00,0x00,0x00,
    0x00,0x00,0x00,0x00,0x00,0x00,0x00,0x00,0x00,0x00,0x00,0x00,0x00,0x00,0x00,0x00,
    0x00,0x00,0x00,0x00,0x00,0x00,0x00,0x00,0x00,0x00,0x00,0x00,0x00,0x00,0x00,0x00,
    0x00,0x00,0x00,0x00,0x00,0x00,0x00,0x00,0x00,0x00,0x00,0x00,0x00,0x00,0x00,0x00,
    0x00,0x00,0x00,0x00,0x00,0x00,0x00,0x00,0x00,0x00,0x00,0x00,0x00,0x00,0x00,0x00,
    0x00,0x00,0x00,0x00,0x00,0x00,0x00,0x00,0x00,0x00,0x00,0x00,0x00,0x00,0x00,0x00,
    0x00,0x00,0x00,0x00,0x00,0x00,0x00,0x00,0x00,0x00,0x00,0x00,0x00,0x00,0x00,0x00,
    0x00,0x00,0x00,0x00,0x00,0x00,0x00,0x00,0x00,0x00,0x00,0x00,0x00,0x00,0x00,0x00,
    0x00,0x00,0x00,0x00,0x00,0x00,0x00,0x00,0x00,0x00,0x00,0x00,0x00,0x00,0x00,0x00,
    0x00,0x00,0x00,0x00,0x00,0x00,0x00,0x00,0x00,0x00,0x32,0x32,0xff,0xff,0x00,0x00,
    0x00,0x00,0x2e,0x33,0x64,0x54,0x00,0x72,0x62,0x00,0x4f,0x70,0x65,0x6e,0x20,0x45,
    0x72,0x72,0x6f,0x72,0x20,0x6f,0x6e,0x20,0x2a,0x2e,0x33,0x44,0x54,0x2c,0x20,0x61,
    0x73,0x73,0x75,0x6d,0x69,0x6e,0x67,0x20,0x6e,0x65,0x77,0x20,0x66,0x69,0x6c,0x65,
    0x20,0x21,0x00,0x42,0x61,0x64,0x20,0x54,0x69,0x6c,0x65,0x20,0x66,0x69,0x6c,0x65,
    0x20,0x66,0x6f,0x72,0x6d,0x61,0x74,0x2e,0x00,0x54,0x6f,0x6f,0x20,0x6d,0x61,0x6e,
    0x79,0x20,0x74,0x69,0x6c,0x65,0x73,0x2e,0x00,0x54,0x6f,0x6f,0x20,0x6d,0x75,0x63,
    0x68,0x20,0x74,0x69,0x6c,0x65,0x20,0x64,0x61,0x74,0x61,0x00,0x2e,0x33,0x64,0x47,
    0x00,0x72,0x62,0x00,0x4f,0x70,0x65,0x6e,0x20,0x45,0x72,0x72,0x6f,0x72,0x20,0x6f,
    0x6e,0x20,0x2a,0x2e,0x33,0x44,0x47,0x2c,0x20,0x61,0x73,0x73,0x75,0x6d,0x69,0x6e,
    0x67,0x20,0x6e,0x65,0x77,0x20,0x66,0x69,0x6c,0x65,0x20,0x21,0x00,0x42,0x61,0x64,
    0x20,0x47,0x72,0x69,0x64,0x20,0x66,0x69,0x6c,0x65,0x20,0x66,0x6f,0x72,0x6d,0x61,
    0x74,0x2e,0x00,0x00,0x72,0x65,0x67,0x6e,0x2e,0x78,0x78,0x78,0x00,0x6c,0x62,0x2e,
    0x78,0x78,0x78,0x00,0x70,0x67,0x2e,0x78,0x78,0x78,0x00,0x6e,0x63,0x2e,0x78,0x78,
    0x78,0x00,0x63,0x65,0x2e,0x78,0x78,0x78,0x00,0x6c,0x69,0x62,0x79,0x61,0x2e,0x77,
    0x6c,0x64,0x00,0x67,0x75,0x6c,0x66,0x2e,0x77,0x6c,0x64,0x00,0x6e,0x63,0x2e,0x77,
    0x6c,0x64,0x00,0x63,0x65,0x2e,0x77,0x6c,0x64,0x00,0x00,0x00,0x00,0x00,0x00,0x00,
    0x00,0x00,0x00,0x00,0x00,0x00,0x00,0x00,0x00,0x00,0x00,0x00,0x00,0x00,0x4e,0x6f,
    0x6e,0x65,0x00,0x00,0x00,0x00,0x00,0x00,0x00,0x00,0x00,0x00,0x53,0x41,0x2d,0x32,
    0x00,0x00,0x00,0x00,0xc8,0x00,0x03,0x00,0x00,0x00,0x53,0x41,0x2d,0x35,0x00,0x00,
    0x00,0x00,0x5e,0x01,0x02,0x00,0x00,0x00,0x53,0x41,0x2d,0x38,0x42,0x00,0x00,0x00,
    0x7d,0x00,0x05,0x00,0x00,0x00,0x53,0x41,0x2d,0x31,0x30,0x00,0x00,0x00,0x40,0x01,
    0x07,0x00,0x01,0x00,0x53,0x41,0x2d,0x31,0x31,0x00,0x00,0x00,0xc8,0x00,0x05,0x00,
    0x00,0x00,0x53,0x41,0x2d,0x31,0x32,0x00,0x00,0x00,0x22,0x01,0x06,0x00,0x01,0x00,
    0x53,0x41,0x2d,0x31,0x33,0x00,0x00,0x00,0x7d,0x00,0x03,0x00,0x00,0x00,0x53,0x41,
    0x2d,0x4e,0x2d,0x34,0x00,0x00,0xc8,0x00,0x04,0x00,0x01,0x00,0x53,0x41,0x2d,0x4e,
    0x2d,0x35,0x00,0x00,0x96,0x00,0x03,0x00,0x00,0x00,0x53,0x41,0x2d,0x4e,0x2d,0x36,
    0x00,0x00,0x40,0x01,0x06,0x00,0x01,0x00,0x53,0x41,0x2d,0x4e,0x2d,0x37,0x00,0x00,
    0xc8,0x00,0x05,0x00,0x00,0x00,0x48,0x61,0x77,0x6b,0x00,0x00,0x00,0x00,0xaf,0x00,
    0x06,0x00,0x01,0x00,0x52,0x61,0x70,0x69,0x65,0x72,0x00,0x00,0x4b,0x00,0x08,0x00,
    0x00,0x00,0x54,0x69,0x67,0x65,0x72,0x00,0x00,0x00,0x41,0x00,0x04,0x00,0x00,0x00,
    0x53,0x65,0x61,0x63,0x61,0x74,0x00,0x00,0xc8,0x00,0x02,0x00,0x00,0x00,0x49,0x4c,
    0x37,0x36,0x00,0x00,0x00,0x00,0xc8,0x00,0x08,0x00,0x03,0x00,0x00,0x00,0x00,0x00,
    0x00,0x00,0x00,0x00,0x32,0x00,0x05,0x00,0x00,0x00,0x00,0x00,0x00,0x00,0x00,0x00,
    0x00,0x00,0x46,0x00,0x06,0x00,0x00,0x00,0x00,0x00,0x00,0x00,0x00,0x00,0x00,0x00,
    0x50,0x00,0x07,0x00,0x01,0x00,0x00,0x00,0x00,0x00,0x00,0x00,0x00,0x00,0x64,0x00,
    0x08,0x00,0x01,0x00,0x4f,0x54,0x48,0x00,0x00,0x00,0x00,0x00,0xf4,0x01,0x05,0x00,
    0x01,0x00,0x00,0x00,0x00,0x00,0x00,0x00,0x00,0x00,0x28,0x00,0x03,0x00,0x00,0x00,
    0x4d,0x49,0x47,0x2d,0x32,0x33,0x00,0x20,0x46,0x6c,0x6f,0x67,0x67,0x65,0x72,0x00,
    0x00,0x00,0xe4,0x02,0x30,0x02,0x03,0x00,0x11,0x00,0x0a,0x00,0x02,0x00,0x00,0x00,
    0x4d,0x49,0x47,0x2d,0x32,0x35,0x00,0x20,0x46,0x6f,0x78,0x62,0x61,0x74,0x00,0x00,
    0x00,0x00,0x3a,0x02,0xbc,0x02,0x02,0x00,0x12,0x00,0x00,0x00,0x02,0x00,0x00,0x00,
    0x4d,0x49,0x47,0x2d,0x32,0x39,0x00,0x20,0x46,0x75,0x6c,0x63,0x72,0x75,0x6d,0x00,
    0x00,0x00,0xbc,0x02,0x90,0x01,0x05,0x00,0x13,0x00,0x14,0x00,0x02,0x00,0x00,0x00,
    0x4d,0x49,0x47,0x2d,0x33,0x31,0x00,0x20,0x46,0x6f,0x78,0x68,0x6f,0x75,0x6e,0x64,
    0x00,0x00,0x16,0x03,0xa2,0x03,0x03,0x00,0x14,0x00,0x00,0x00,0x02,0x00,0x00,0x00,
    0x53,0x75,0x2d,0x32,0x37,0x00,0x00,0x20,0x46,0x6c,0x61,0x6e,0x6b,0x65,0x72,0x00,
    0x00,0x00,0xd5,0x02,0xcb,0x02,0x04,0x00,0x13,0x00,0x14,0x00,0x02,0x00,0x00,0x00,
    0x49,0x4c,0x2d,0x37,0x36,0x00,0x00,0x20,0x4d,0x61,0x69,0x6e,0x73,0x74,0x61,0x79,
    0x00,0x00,0x90,0x01,0xa0,0x0f,0x01,0x00,0x10,0x00,0x0c,0x00,0x02,0x00,0x00,0x00,
    0x46,0x2d,0x34,0x45,0x00,0x00,0x00,0x20,0x50,0x68,0x61,0x6e,0x74,0x6f,0x6d,0x00,
    0x00,0x00,0x20,0x03,0x08,0x02,0x04,0x00,0x12,0x00,0x0b,0x00,0x02,0x00,0x00,0x00,
    0x46,0x2d,0x31,0x34,0x00,0x00,0x00,0x20,0x54,0x6f,0x6d,0x63,0x61,0x74,0x00,0x00,
    0x00,0x00,0x20,0x03,0x20,0x03,0x04,0x00,0x13,0x00,0x08,0x00,0x02,0x00,0x00,0x00,
    0x46,0x2d,0x31,0x38,0x00,0x00,0x00,0x20,0x48,0x6f,0x72,0x6e,0x65,0x74,0x00,0x00,
    0x00,0x00,0x94,0x02,0xcd,0x01,0x05,0x00,0xff,0xff,0x00,0x00,0x02,0x00,0x00,0x00,
    0x41,0x6e,0x2d,0x37,0x32,0x00,0x00,0x20,0x43,0x6f,0x61,0x6c,0x65,0x72,0x00,0x00,
    0x00,0x00,0x5e,0x01,0x6c,0x02,0x02,0x00,0x00,0x00,0x09,0x00,0x02,0x00,0x00,0x00,
    0x46,0x2d,0x31,0x38,0x00,0x00,0x00,0x20,0x48,0x6f,0x72,0x6e,0x65,0x74,0x00,0x00,
    0x00,0x00,0x94,0x02,0xcd,0x01,0x05,0x00,0xff,0xff,0x04,0x00,0x02,0x00,0x00,0x00,
    0x4d,0x49,0x47,0x2d,0x32,0x33,0x00,0x20,0x46,0x6c,0x6f,0x67,0x67,0x65,0x72,0x00,
    0x00,0x00,0xe4,0x02,0x30,0x02,0x03,0x00,0x00,0x00,0x04,0x00,0x02,0x00,0x00,0x00,
    0x46,0x2d,0x31,0x34,0x00,0x00,0x00,0x20,0x54,0x6f,0x6d,0x63,0x61,0x74,0x00,0x00,
    0x00,0x00,0x20,0x03,0x20,0x03,0x04,0x00,0xff,0xff,0x08,0x00,0x02,0x00,0x00,0x00,
    0x46,0x2d,0x34,0x45,0x00,0x00,0x00,0x20,0x50,0x68,0x61,0x6e,0x74,0x6f,0x6d,0x00,
    0x00,0x00,0x20,0x03,0x08,0x02,0x04,0x00,0xff,0xff,0x0b,0x00,0x02,0x00,0x00,0x00,
    0x59,0x61,0x6b,0x2d,0x33,0x38,0x00,0x20,0x46,0x6f,0x72,0x67,0x65,0x72,0x00,0x00,
    0x00,0x00,0x26,0x02,0x2c,0x01,0x03,0x00,0x11,0x00,0x10,0x00,0x02,0x00,0x00,0x00,
    0x54,0x75,0x2d,0x39,0x35,0x00,0x00,0x20,0x42,0x65,0x61,0x72,0x00,0x00,0x00,0x00,
    0x00,0x00,0x9a,0x01,0xec,0x13,0x01,0x00,0x00,0x00,0x12,0x00,0x02,0x00,0x00,0x00,
    0x4d,0x69,0x2d,0x32,0x34,0x00,0x00,0x20,0x48,0x69,0x6e,0x64,0x00,0x00,0x00,0x00,
    0x00,0x00,0xc8,0x00,0x2c,0x01,0x01,0x00,0x11,0x00,0x13,0x00,0x02,0x00,0x00,0x00,
    0x46,0x2d,0x35,0x00,0x00,0x00,0x00,0x20,0x54,0x69,0x67,0x65,0x72,0x00,0x00,0x00,
    0x00,0x00,0xf4,0x01,0xfa,0x00,0x03,0x00,0x16,0x00,0x10,0x00,0x02,0x00,0x00,0x00,
    0x37,0x36,0x37,0x00,0x00,0x00,0x00,0x20,0x42,0x6f,0x65,0x69,0x6e,0x67,0x00,0x00,
    0x00,0x00,0x90,0x01,0xe8,0x03,0x01,0x00,0xff,0xff,0x12,0x00,0x02,0x00,0x00,0x00,
    0x4e,0x6f,0x6e,0x65,0x00,0x00,0x00,0x00,0x00,0x00,0x00,0x00,0x00,0x00,0x01,0x00,
    0x13,0x00,0x53,0x41,0x2d,0x32,0x00,0x00,0x00,0x00,0x7d,0x00,0xd0,0x07,0x01,0x00,
    0x04,0x00,0x13,0x00,0x53,0x41,0x2d,0x35,0x00,0x00,0x00,0x00,0x96,0x00,0x08,0x07,
    0x01,0x00,0x01,0x00,0x13,0x00,0x53,0x41,0x2d,0x38,0x42,0x00,0x00,0x00,0x41,0x00,
    0xb0,0x04,0x02,0x00,0x03,0x00,0x13,0x00,0x53,0x41,0x2d,0x31,0x30,0x00,0x00,0x00,
    0x7d,0x00,0x08,0x07,0x03,0x00,0x02,0x00,0x13,0x00,0x53,0x41,0x2d,0x31,0x31,0x00,
    0x00,0x00,0x64,0x00,0xdc,0x05,0x02,0x00,0x03,0x00,0x13,0x00,0x53,0x41,0x2d,0x31,
    0x32,0x00,0x00,0x00,0x96,0x00,0xd0,0x07,0x03,0x00,0x02,0x00,0x13,0x00,0x53,0x41,
    0x2d,0x31,0x33,0x00,0x00,0x00,0x41,0x00,0x84,0x03,0x00,0x00,0x04,0x00,0x13,0x00,
    0x53,0x41,0x2d,0x4e,0x2d,0x34,0x00,0x00,0x1e,0x00,0xb0,0x04,0x02,0x00,0x03,0x00,
    0x13,0x00,0x53,0x41,0x2d,0x4e,0x2d,0x35,0x00,0x00,0x1e,0x00,0x84,0x03,0xff,0xff,
    0x04,0x00,0x13,0x00,0x53,0x41,0x2d,0x4e,0x2d,0x36,0x00,0x00,0x7d,0x00,0x08,0x07,
    0x03,0x00,0x02,0x00,0x13,0x00,0x53,0x41,0x2d,0x4e,0x2d,0x37,0x00,0x00,0x64,0x00,
    0xdc,0x05,0x02,0x00,0x03,0x00,0x13,0x00,0x48,0x61,0x77,0x6b,0x00,0x00,0x00,0x00,
    0x7d,0x00,0x84,0x03,0x02,0x00,0x03,0x00,0x13,0x00,0x52,0x61,0x70,0x69,0x65,0x72,
    0x00,0x00,0x41,0x00,0xb0,0x04,0x02,0x00,0x04,0x00,0x13,0x00,0x54,0x69,0x67,0x65,
    0x72,0x00,0x00,0x00,0x1e,0x00,0x84,0x03,0x01,0x00,0x03,0x00,0x13,0x00,0x53,0x65,
    0x61,0x63,0x61,0x74,0x00,0x00,0x1e,0x00,0x84,0x03,0x01,0x00,0x03,0x00,0x13,0x00,
    0x41,0x41,0x2d,0x32,0x00,0x00,0x00,0x00,0x0e,0x00,0xdc,0x05,0xff,0xff,0x04,0x00,
    0x13,0x00,0x41,0x41,0x2d,0x38,0x00,0x00,0x00,0x00,0x0c,0x00,0x08,0x07,0x00,0x00,
    0x05,0x00,0x13,0x00,0x41,0x41,0x2d,0x36,0x00,0x00,0x00,0x00,0x32,0x00,0x60,0x09,
    0x02,0x00,0x02,0x00,0x13,0x00,0x41,0x41,0x2d,0x37,0x00,0x00,0x00,0x00,0x22,0x00,
    0x08,0x07,0x02,0x00,0x02,0x00,0x13,0x00,0x41,0x41,0x2d,0x39,0x00,0x00,0x00,0x00,
    0x52,0x00,0xd0,0x07,0x02,0x00,0x03,0x00,0x13,0x00,0x41,0x41,0x2d,0x31,0x30,0x00,
    0x00,0x00,0x40,0x00,0xd0,0x07,0x03,0x00,0x04,0x00,0x13,0x00,0x41,0x49,0x4d,0x31,
    0x32,0x30,0x00,0x00,0x20,0x00,0x60,0x09,0x07,0x00,0x04,0x00,0x01,0x00,0x41,0x49,
    0x4d,0x2d,0x39,0x00,0x00,0x00,0x11,0x00,0xd0,0x07,0x07,0x00,0x08,0x00,0x01,0x00,
    0x48,0x41,0x52,0x4d,0x00,0x00,0x00,0x00,0x14,0x00,0xb0,0x04,0x04,0x00,0x02,0x00,
    0x01,0x00,0x50,0x65,0x6e,0x67,0x75,0x69,0x6e,0x00,0x20,0x00,0xf4,0x01,0x05,0x00,
    0x02,0x00,0x13,0x00,0x48,0x61,0x72,0x70,0x6f,0x6f,0x6e,0x00,0x3c,0x00,0xf4,0x01,
    0x05,0x00,0x02,0x00,0x13,0x00,0x41,0x47,0x4d,0x2d,0x36,0x35,0x00,0x00,0x20,0x00,
    0x20,0x03,0x06,0x00,0x02,0x00,0x0d,0x00,0x4c,0x47,0x42,0x4f,0x4d,0x42,0x00,0x00,
    0x0a,0x00,0x00,0x00,0x1c,0x00,0x02,0x00,0x0f,0x00,0x52,0x54,0x42,0x4f,0x4d,0x42,
    0x00,0x00,0x00,0x00,0x00,0x00,0x1d,0x00,0x02,0x00,0x0f,0x00,0x46,0x46,0x42,0x4f,
    0x4d,0x42,0x00,0x00,0x00,0x00,0x00,0x00,0x1e,0x00,0x02,0x00,0x0f,0x00,0x41,0x49,
    0x4d,0x2d,0x37,0x57,0x00,0x00,0x2c,0x00,0x60,0x09,0x02,0x00,0x04,0x00,0x01,0x00,
    0x41,0x49,0x4d,0x2d,0x39,0x57,0x00,0x00,0x0c,0x00,0xd0,0x07,0x00,0x00,0x05,0x00,
    0x01,0x00,0x53,0x41,0x2d,0x31,0x34,0x00,0x00,0x00,0x10,0x00,0x84,0x03,0x00,0x00,
    0x05,0x00,0x01,0x00,0x41,0x41,0x2d,0x36,0x00,0x00,0x00,0x00,0x32,0x00,0x60,0x09,
    0xff,0xff,0x02,0x00,0x13,0x00,0x41,0x41,0x2d,0x37,0x00,0x00,0x00,0x00,0x22,0x00,
    0x08,0x07,0xff,0xff,0x02,0x00,0x13,0x00,0x41,0x41,0x2d,0x39,0x00,0x00,0x00,0x00,
    0x52,0x00,0xd0,0x07,0xff,0xff,0x03,0x00,0x13,0x00,0x41,0x41,0x2d,0x31,0x30,0x00,
    0x00,0x00,0x40,0x00,0xd0,0x07,0x00,0x00,0x04,0x00,0x13,0x00,0x45,0x71,0x75,0x69,
    0x70,0x2e,0x00,0x00,0x00,0x00,0x00,0x00,0x1d,0x00,0x00,0x00,0x0e,0x00,0x00,0x00,
    0x00,0x00,0x02,0x00,0x00,0x00,0x06,0x00,0x01,0x00,0x07,0x00,0x03,0x00,0x06,0x00,
    0x02,0x00,0x05,0x00,0x07,0x00,0x04,0x00,0x02,0x00,0x05,0x00,0x03,0x00,0x08,0x00,
    0x00,0x00,0x08,0x00,0x00,0x00,0x0a,0x00,0x0b,0x00,0x0b,0x00,0x09,0x00,0x0c,0x00,
    0x0d,0x00,0x0c,0x00,0x0e,0x00,0x0d,0x00,0x0e,0x00,0x0f,0x00,0x00,0x00,0x04,0x00,
    0x88,0x13,0x00,0x00,0x0c,0x00,0x12,0x00,0x03,0x00,0x01,0x00,0x03,0x00,0x10,0x00,
    0x01,0x00,0x05,0x00,0x03,0x00,0x09,0x00,0x03,0x00,0x00,0x00,0x8a,0x02,0x00,0x00,
    0x01,0x00,0x01,0x00,0x01,0x00,0x00,0x00,0x01,0x00,0x01,0x00,0x04,0x00,0x41,0x49,
    0x4d,0x2d,0x39,0x4d,0x00,0x00,0x00,0x00,0x53,0x69,0x64,0x65,0x77,0x69,0x6e,0x64,
    0x65,0x72,0x00,0x00,0x17,0x00,0x04,0x00,0x41,0x49,0x4d,0x2d,0x31,0x32,0x30,0x00,
    0x00,0x00,0x41,0x4d,0x52,0x41,0x41,0x4d,0x00,0x00,0x00,0x00,0x00,0x00,0x16,0x00,
    0x03,0x00,0x41,0x47,0x4d,0x2d,0x38,0x38,0x41,0x00,0x00,0x00,0x48,0x41,0x52,0x4d,
    0x00,0x00,0x00,0x00,0x00,0x00,0x00,0x00,0x18,0x00,0x01,0x00,0x50,0x33,0x20,0x41,
    0x53,0x4d,0x00,0x00,0x00,0x00,0x50,0x65,0x6e,0x67,0x75,0x69,0x6e,0x00,0x00,0x00,
    0x00,0x00,0x19,0x00,0x02,0x00,0x41,0x47,0x4d,0x2d,0x38,0x36,0x41,0x00,0x00,0x00,
    0x48,0x61,0x72,0x70,0x6f,0x6f,0x6e,0x00,0x00,0x00,0x00,0x00,0x1a,0x00,0x01,0x00,
    0x41,0x47,0x4d,0x2d,0x36,0x35,0x44,0x00,0x00,0x00,0x4d,0x61,0x76,0x65,0x72,0x69,
    0x63,0x6b,0x00,0x00,0x00,0x00,0x1b,0x00,0x02,0x00,0x47,0x42,0x55,0x2d,0x31,0x32,
    0x00,0x00,0x00,0x00,0x50,0x61,0x76,0x65,0x77,0x61,0x79,0x00,0x00,0x00,0x00,0x00,
    0x1c,0x00,0x02,0x00,0x4d,0x6b,0x20,0x32,0x30,0x00,0x00,0x00,0x00,0x00,0x52,0x6f,
    0x63,0x6b,0x65,0x79,0x65,0x00,0x00,0x00,0x00,0x00,0x1d,0x00,0x02,0x00,0x44,0x6e,
    0x64,0x6c,0x00,0x00,0x00,0x00,0x00,0x00,0x44,0x75,0x72,0x61,0x6e,0x64,0x61,0x6c,
    0x00,0x00,0x00,0x00,0x1d,0x00,0x02,0x00,0x4d,0x6b,0x20,0x38,0x32,0x2d,0x30,0x00,
    0x00,0x00,0x53,0x6c,0x69,0x63,0x6b,0x00,0x00,0x00,0x00,0x00,0x00,0x00,0x1e,0x00,
    0x03,0x00,0x4d,0x6b,0x20,0x38,0x32,0x2d,0x31,0x00,0x00,0x00,0x53,0x6e,0x61,0x6b,
    0x65,0x79,0x65,0x00,0x00,0x00,0x00,0x00,0x1d,0x00,0x03,0x00,0x4d,0x6b,0x20,0x32,
    0x30,0x00,0x00,0x00,0x00,0x00,0x52,0x6f,0x63,0x6b,0x65,0x79,0x65,0x20,0x49,0x49,
    0x00,0x00,0x1c,0x00,0x02,0x00,0x4d,0x6b,0x20,0x31,0x32,0x32,0x00,0x00,0x00,0x00,
    0x46,0x69,0x72,0x65,0x65,0x79,0x65,0x00,0x00,0x00,0x00,0x00,0x1e,0x00,0x02,0x00,
    0x43,0x42,0x55,0x2d,0x37,0x32,0x00,0x00,0x00,0x00,0x46,0x75,0x65,0x6c,0x2d,0x41,
    0x69,0x72,0x00,0x00,0x00,0x00,0x1c,0x00,0x02,0x00,0x4d,0x6b,0x20,0x33,0x35,0x00,
    0x00,0x00,0x00,0x00,0x49,0x4e,0x20,0x43,0x6c,0x75,0x73,0x74,0x65,0x72,0x00,0x00,
    0x1d,0x00,0x02,0x00,0x49,0x53,0x43,0x20,0x42,0x2d,0x31,0x00,0x00,0x00,0x4d,0x69,
    0x6e,0x65,0x6c,0x65,0x74,0x73,0x00,0x00,0x00,0x00,0x1d,0x00,0x01,0x00,0x31,0x33,
    0x35,0x20,0x6d,0x6d,0x00,0x00,0x00,0x00,0x43,0x61,0x6d,0x65,0x72,0x61,0x00,0x00,
    0x00,0x00,0x00,0x00,0xff,0xff,0x01,0x00,0x31,0x39,0x30,0x30,0x6c,0x62,0x73,0x00,
    0x00,0x00,0x45,0x78,0x74,0x72,0x61,0x20,0x46,0x75,0x65,0x6c,0x00,0x00,0xfe,0xff,
    0x01,0x00,0x32,0x30,0x20,0x6d,0x6d,0x00,0x00,0x00,0x00,0x00,0x47,0x75,0x6e,0x73,
    0x00,0x00,0x00,0x00,0x00,0x00,0x00,0x00,0x00,0x00,0x01,0x00,0x53,0x70,0x65,0x63,
    0x69,0x61,0x6c,0x00,0x00,0x00,0x45,0x71,0x75,0x69,0x70,0x00,0x00,0x00,0x00,0x00,
    0x00,0x00,0x26,0x00,0x01,0x00,0x00,0x00,0x00,0x00,0x00,0x00,0x00,0x00,0x00,0x00,
    0x00,0x00,0x00,0x00,0x00,0x00,0x00,0x00,0x00,0x00,0x00,0x00,0x00,0x00,0x00,0x00,
    0x00,0x00,0x00,0x00,0x00,0x00,0x00,0x00,0x06,0x00,0x00,0x00,0x05,0x00,0x00,0x00,
    0x00,0x00,0x00,0x00,0x00,0x00,0x00,0x00,0x00,0x04,0x00,0x00,0x00,0x00,0x00,0x00,
    0x00,0x00,0x00,0x00,0x00,0x00,0x06,0x02,0x00,0x02,0x03,0x04,0x04,0x03,0x03,0x04,
    0x04,0x04,0x00,0x04,0x04,0x01,0x02,0x04,0x05,0x05,0x04,0x04,0x05,0x04,0x04,0x00,
    0x03,0x00,0x00,0x04,0x04,0x00,0x00,0x05,0x05,0x04,0x04,0x05,0x00,0x04,0x00,0x08,
    0x00,0x00,0x02,0x01,0x00,0x00,0x00,0x00,0x00,0x00,0x00,0x03,0x01,0x03,0x04,0x01,
    0x01,0x04,0x02,0x03,0x03,0x04,0x00,0x03,0x00,0x01,0x04,0x04,0x00,0x00,0x04,0x00,
    0x02,0x00,0x04,0x00,0x00,0x00,0x00,0x04,0x04,0x00,0x00,0x04,0x04,0x04,0x04,0x04,
    0x00,0x03,0x02,0x00,0x04,0x04,0x00,0x02,0x05,0x03,0x03,0x02,0x05,0x01,0x03,0x04,
    0x00,0x00,0x06,0x00,0x05,0x00,0x00,0x00,0x04,0x00,0x05,0x02,0x01,0x00,0x06,0x04,
    0x00,0x00,0x06,0x06,0x03,0x06,0x06,0x00,0x03,0x00,0x06,0x00,0x03,0x00,0x00,0x02,
    0x03,0x00,0x00,0x03,0x00,0x00,0x00,0x00,0x00,0x00,0x00,0x00,0x00,0x00,0x00,0x00,
    0x00,0x00,0x00,0x00,0x00,0x00,0x00,0x00,0x00,0x00,0x00,0x00,0x00,0x00,0x00,0x00,
    0x03,0x00,0x04,0x04,0x00,0x02,0x04,0x04,0x03,0x04,0x05,0x00,0x03,0x00,0x00,0x00,
    0x00,0x00,0x00,0x00,0x00,0x00,0x00,0x00,0x00,0x00,0x00,0x00,0x00,0x00,0x00,0x00,
    0x00,0x00,0x00,0x00,0x00,0x00,0x00,0x00,0x00,0x00,0x00,0x00,0x00,0x00,0x00,0x00,
    0x00,0x00,0x00,0x00,0x00,0x00,0x00,0x00,0x00,0x00,0x00,0x00,0x00,0x00,0x00,0x00,
    0x00,0x00,0x00,0x00,0x00,0x00,0x00,0x00,0x00,0x00,0x00,0x00,0x00,0x00,0x00,0x00,
    0x00,0x00,0x00,0x00,0x00,0x00,0x00,0x00,0x00,0x00,0x00,0x00,0x00,0x00,0x00,0x00,
    0x00,0x00,0x00,0x00,0x00,0x00,0x00,0x00,0x00,0x00,0x00,0x00,0x00,0x00,0x00,0x00,
    0x00,0x00,0x00,0x00,0x00,0x00,0x00,0x00,0x00,0x00,0x00,0x00,0x00,0x00,0x00,0x00,
    0x00,0x00,0x00,0x00,0x00,0x00,0x00,0x00,0x00,0x00,0x00,0x00,0x03,0x00,0x03,0x00,
    0x02,0x00,0x01,0x00,0x00,0x00,0xff,0xff,0xfe,0xff,0xff,0xff,0x03,0x00,0x02,0x00,
    0x02,0x00,0x02,0x00,0x01,0x00,0x01,0x00,0x01,0x00,0x02,0x00,0x03,0x00,0x03,0x00,
    0x03,0x00,0x02,0x00,0x02,0x00,0x02,0x00,0x03,0x00,0x03,0x00,0x03,0x00,0x03,0x00,
    0x03,0x00,0x03,0x00,0x03,0x00,0xfd,0xff,0xfd,0xff,0xfd,0xff,0x03,0x00,0x03,0x00,
    0x03,0x00,0xfd,0xff,0xfd,0xff,0xfd,0xff,0xfd,0xff,0xfd,0xff,0xfd,0xff,0xfd,0xff,
    0xfe,0xff,0xfe,0xff,0xfe,0xff,0xfd,0xff,0xfd,0xff,0xfd,0xff,0xfe,0xff,0xff,0xff,
    0xff,0xff,0xff,0xff,0xfe,0xff,0xfe,0xff,0xfe,0xff,0xfd,0xff,0x01,0x00,0x02,0x00,
    0x01,0x00,0x00,0x00,0xff,0xff,0xfe,0xff,0xfd,0xff,0xfd,0xff,0x02,0x00,0x03,0x00,
    0x02,0x00,0x02,0x00,0x01,0x00,0x01,0x00,0x01,0x00,0xfe,0xff,0x04,0x00,0x04,0x00,
    0x03,0x00,0x02,0x00,0x01,0x00,0x04,0x00,0x04,0x00,0x04,0x00,0x04,0x00,0x04,0x00,
    0x04,0x00,0x04,0x00,0xfe,0xff,0x04,0x00,0x04,0x00,0x04,0x00,0x04,0x00,0x04,0x00,
    0xfc,0xff,0xfc,0xff,0x04,0x00,0x04,0x00,0x04,0x00,0x04,0x00,0xfc,0xff,0xfc,0xff,
    0xfc,0xff,0xfc,0xff,0x04,0x00,0x04,0x00,0xfc,0xff,0xfc,0xff,0xfc,0xff,0xfc,0xff,
    0xfc,0xff,0x02,0x00,0xfc,0xff,0xfc,0xff,0xfc,0xff,0xfc,0xff,0xfc,0xff,0xfc,0xff,
    0xfc,0xff,0xff,0xff,0xfd,0xff,0xfc,0xff,0xfc,0xff,0xfc,0xff,0x02,0x00,0xff,0xff,
    0xff,0xff,0xff,0xff,0xfe,0xff,0xfe,0xff,0xfd,0xff,0xff,0xff,0x02,0x00,0x03,0x00,
    0x02,0x00,0x02,0x00,0x01,0x00,0x01,0x00,0xff,0xff,0xfe,0xff,0x04,0x00,0x04,0x00,
    0x03,0x00,0x02,0x00,0x01,0x00,0x04,0x00,0xfc,0xff,0x04,0x00,0x04,0x00,0x04,0x00,
    0x04,0x00,0x04,0x00,0x00,0x01,0x04,0x00,0x00,0x01,0x00,0x01,0x00,0x01,0x04,0x00,
    0xfc,0xff,0xfc,0xff,0x00,0x02,0x04,0x00,0x00,0x01,0x00,0x01,0x00,0x01,0x00,0x01,
    0xfc,0xff,0x00,0x02,0x04,0x00,0x04,0x00,0xfc,0xff,0x00,0x01,0x00,0x01,0x00,0x01,
    0xfc,0xff,0x04,0x00,0xfc,0xff,0xfc,0xff,0xfc,0xff,0xfc,0xff,0xfc,0xff,0x04,0x00,
    0x00,0x01,0xff,0xff,0xfd,0xff,0xfc,0xff,0xfc,0xff,0xfc,0xff,0x02,0x00,0x01,0x00,
    0xff,0xff,0xff,0xff,0xfe,0xff,0xfe,0xff,0xfd,0xff,0xff,0xff,0x00,0x00,0x00,0x00,
    0x00,0x00,0x00,0x00,0x00,0x00,0x00,0x00,0x00,0x00,0x00,0x00,0x00,0x00,0x00,0x00,
    0x00,0x00,0x00,0x00,0x00,0x00,0x00,0x00,0x00,0x00,0x00,0x00,0x00,0x00,0x00,0x00,
    0x00,0x00,0x00,0x00,0x00,0x00,0x00,0x00,0x00,0x00,0x00,0x00,0x00,0x00,0x00,0x00,
    0x00,0x00,0x00,0x00,0x00,0x00,0x00,0x00,0x00,0x00,0x00,0x00,0x00,0x00,0x00,0x00,
    0x00,0x00,0x00,0x00,0x00,0x00,0x00,0x00,0x00,0x00,0x00,0x00,0x00,0x00,0x00,0x00,
    0x00,0x00,0x00,0x00,0x00,0x00,0x00,0x00,0x00,0x00,0x00,0x00,0x00,0x00,0x00,0x00,
    0x00,0x00,0x00,0x00,0x00,0x00,0x00,0x00,0x00,0x00,0x00,0x00,0x00,0x00,0x00,0x00,
    0x00,0x00,0x00,0x00,0x00,0x00,0x00,0x00,0x00,0x00,0x00,0x00,0x00,0x00,0x00,0x00,
    0x00,0x00,0x00,0x00,0x00,0x00,0x00,0x00,0x00,0x00,0x00,0x00,0x00,0x00,0x00,0x00,
    0x00,0x00,0x00,0x00,0x00,0x00,0x00,0x00,0x00,0x00,0x00,0x00,0x00,0x00,0x00,0x00,
    0x00,0x00,0x00,0x00,0x00,0x00,0x00,0x00,0x00,0x00,0x00,0x00,0x00,0x00,0x00,0x00,
    0x00,0x00,0x00,0x00,0x00,0x00,0x00,0x00,0x00,0x00,0x00,0x00,0x00,0x00,0x00,0x00,
    0x00,0x00,0x00,0x00,0x00,0x00,0x00,0x00,0x00,0x00,0x00,0x00,0x00,0x00,0x00,0x00,
    0x00,0x00,0x00,0x00,0x00,0x00,0x00,0x00,0x00,0x00,0x00,0x00,0x00,0x00,0x00,0x00,
    0x00,0x00,0x00,0x00,0x00,0x00,0x00,0x00,0x00,0x00,0x00,0x00,0x00,0x00,0x00,0x00,
    0x00,0x00,0x00,0x00,0x00,0x00,0x00,0x00,0x00,0x00,0x00,0x00,0x00,0x00,0x00,0x00,
    0x00,0x00,0x00,0x00,0x00,0x00,0x00,0x00,0x00,0x00,0x00,0x00,0x00,0x00,0x00,0x00,
    0x00,0x00,0x00,0x00,0x00,0x00,0x00,0x00,0x00,0x00,0x00,0x00,0x0f,0x00,0x07,0x00,
    0x04,0x00,0x01,0x00,0x2f,0x00,0x00,0x00,0x0f,0x00,0x07,0x00,0x04,0x00,0x01,0x00,
    0x2f,0x00,0x00,0x00,0x0f,0x00,0x01,0x00,0x03,0x00,0x01,0x00,0x3a,0x00,0x00,0x00,
    0x0f,0x00,0x06,0x00,0x03,0x00,0x01,0x00,0x3a,0x00,0x00,0x00,0x0f,0x00,0x03,0x00,
    0x01,0x00,0x02,0x00,0x00,0x00,0x00,0x00,0x0f,0x00,0x06,0x00,0x02,0x00,0x02,0x00,
    0x00,0x00,0x00,0x00,0x0f,0x00,0x06,0x00,0x02,0x00,0x03,0x00,0x00,0x00,0x01,0x00,
    0x0f,0x00,0x07,0x00,0x01,0x00,0x04,0x00,0x00,0x00,0x00,0x00,0x0f,0x00,0x06,0x00,
    0x02,0x00,0x04,0x00,0x00,0x00,0x00,0x00,0x0f,0x00,0x01,0x00,0x01,0x00,0x05,0x00,
    0x00,0x00,0x00,0x00,0x0f,0x00,0x07,0x00,0x02,0x00,0x05,0x00,0x00,0x00,0x00,0x00,
    0x0f,0x00,0x07,0x00,0x01,0x00,0x06,0x00,0x00,0x00,0x09,0x00,0x0f,0x00,0x04,0x00,
    0x02,0x00,0x06,0x00,0x00,0x00,0x09,0x00,0x0f,0x00,0x03,0x00,0x01,0x00,0x07,0x00,
    0x00,0x00,0x04,0x00,0x0f,0x00,0x07,0x00,0x02,0x00,0x07,0x00,0x00,0x00,0x04,0x00,
    0x0f,0x00,0x07,0x00,0x01,0x00,0x16,0x00,0x00,0x00,0x05,0x00,0x0f,0x00,0x07,0x00,
    0x02,0x00,0x16,0x00,0x00,0x00,0x05,0x00,0x0f,0x00,0x07,0x00,0x01,0x00,0x16,0x00,
    0x00,0x00,0x06,0x00,0x0f,0x00,0x07,0x00,0x02,0x00,0x16,0x00,0x00,0x00,0x06,0x00,
    0x0f,0x00,0x03,0x00,0x01,0x00,0x16,0x00,0x22,0x00,0x06,0x00,0x0f,0x00,0x07,0x00,
    0x02,0x00,0x16,0x00,0x22,0x00,0x06,0x00,0x03,0x00,0x03,0x00,0x01,0x00,0x17,0x00,
    0x00,0x00,0x0b,0x00,0x03,0x00,0x07,0x00,0x02,0x00,0x17,0x00,0x02,0x00,0x0b,0x00,
    0x0f,0x00,0x01,0x00,0x01,0x00,0x0a,0x00,0x00,0x00,0x03,0x00,0x0f,0x00,0x06,0x00,
    0x02,0x00,0x0a,0x00,0x00,0x00,0x03,0x00,0x0f,0x00,0x07,0x00,0x01,0x00,0x0c,0x00,
    0x00,0x00,0x07,0x00,0x03,0x00,0x07,0x00,0x02,0x00,0x0c,0x00,0x02,0x00,0x07,0x00,
    0x03,0x00,0x07,0x00,0x02,0x00,0x0c,0x00,0x00,0x00,0x07,0x00,0x03,0x00,0x07,0x00,
    0x01,0x00,0x0d,0x00,0x00,0x00,0x01,0x00,0x03,0x00,0x07,0x00,0x02,0x00,0x0d,0x00,
    0x00,0x00,0x01,0x00,0x02,0x00,0x03,0x00,0x01,0x00,0x0e,0x00,0x00,0x00,0x08,0x00,
    0x02,0x00,0x07,0x00,0x02,0x00,0x0e,0x00,0x00,0x00,0x08,0x00,0x03,0x00,0x03,0x00,
    0x01,0x00,0x0f,0x00,0x00,0x00,0x02,0x00,0x03,0x00,0x07,0x00,0x02,0x00,0x0f,0x00,
    0x00,0x00,0x02,0x00,0x0f,0x00,0x03,0x00,0x01,0x00,0x10,0x00,0x00,0x00,0x00,0x00,
    0x0f,0x00,0x06,0x00,0x02,0x00,0x10,0x00,0x00,0x00,0x00,0x00,0x0f,0x00,0x03,0x00,
    0x01,0x00,0x11,0x00,0x22,0x00,0x00,0x00,0x03,0x00,0x07,0x00,0x02,0x00,0x11,0x00,
    0x22,0x00,0x00,0x00,0x0f,0x00,0x03,0x00,0x01,0x00,0x12,0x00,0x00,0x00,0x00,0x00,
    0x0f,0x00,0x06,0x00,0x02,0x00,0x12,0x00,0x00,0x00,0x00,0x00,0x0f,0x00,0x01,0x00,
    0x01,0x00,0x13,0x00,0x00,0x00,0x00,0x00,0x0f,0x00,0x07,0x00,0x02,0x00,0x13,0x00,
    0x00,0x00,0x00,0x00,0x0b,0x00,0x07,0x00,0x01,0x00,0x09,0x00,0x00,0x00,0x00,0x00,
    0x0b,0x00,0x07,0x00,0x02,0x00,0x09,0x00,0x00,0x00,0x00,0x00,0x0c,0x00,0x06,0x00,
    0x02,0x00,0x09,0x00,0x02,0x00,0x00,0x00,0x0f,0x00,0x06,0x00,0x01,0x00,0x14,0x00,
    0x00,0x00,0x00,0x00,0x0f,0x00,0x06,0x00,0x02,0x00,0x14,0x00,0x00,0x00,0x00,0x00,
    0x0c,0x00,0x06,0x00,0x05,0x00,0x15,0x00,0x00,0x00,0x00,0x00,0x03,0x00,0x07,0x00,
    0x05,0x00,0x15,0x00,0x00,0x00,0x00,0x00,0x0c,0x00,0x06,0x00,0x07,0x00,0x15,0x00,
    0x00,0x00,0x00,0x00,0x03,0x00,0x03,0x00,0x07,0x00,0x15,0x00,0x00,0x00,0x00,0x00,
    0x0b,0x00,0x01,0x00,0x07,0x00,0x15,0x00,0x00,0x00,0x00,0x00,0x0f,0x00,0x03,0x00,
    0x06,0x00,0x15,0x00,0x00,0x00,0xf1,0xff,0x0c,0x00,0x06,0x00,0x08,0x00,0x15,0x00,
    0x00,0x00,0xf1,0xff,0x0d,0x00,0x06,0x00,0x08,0x00,0x15,0x00,0x00,0x00,0xfb,0xff,
    0x0f,0x00,0x07,0x00,0x08,0x00,0x15,0x00,0x00,0x00,0xfe,0xff,0xc4,0x3d,0xcd,0x3d,
    0xd4,0x3d,0xdb,0x3d,0xe2,0x3d,0x30,0x30,0x3a,0x30,0x30,0x00,0x30,0x30,0x3a,0x30,
    0x30,0x00,0x30,0x30,0x3a,0x30,0x30,0x00,0x58,0x59,0x30,0x30,0x00,0x00,0x00,0x00,
    0x72,0x62,0x00,0x77,0x62,0x00,0x54,0x44,0x30,0x30,0x00,0x4a,0x5a,0x30,0x30,0x00,
    0x57,0x58,0x30,0x30,0x00,0x43,0x43,0x30,0x30,0x00,0x30,0x30,0x3a,0x30,0x30,0x00,
    0x46,0x2d,0x31,0x34,0x44,0x20,0x54,0x6f,0x6d,0x63,0x61,0x74,0x00,0x46,0x2d,0x31,
    0x35,0x43,0x20,0x45,0x61,0x67,0x6c,0x65,0x00,0x46,0x2d,0x31,0x36,0x43,0x20,0x46,
    0x61,0x6c,0x63,0x6f,0x6e,0x00,0x46,0x2f,0x41,0x2d,0x31,0x38,0x20,0x48,0x6f,0x72,
    0x6e,0x65,0x74,0x00,0x41,0x56,0x2d,0x38,0x42,0x20,0x48,0x61,0x72,0x72,0x69,0x65,
    0x72,0x00,0x45,0x46,0x2d,0x31,0x31,0x31,0x41,0x20,0x52,0x61,0x76,0x65,0x6e,0x00,
    0x41,0x2d,0x36,0x45,0x20,0x01,0x6e,0x74,0x72,0x75,0x64,0x65,0x72,0x00,0x41,0x2d,
    0x31,0x30,0x41,0x20,0x54,0x68,0x75,0x6e,0x64,0x65,0x72,0x62,0x6f,0x6c,0x74,0x00,
    0x42,0x2d,0x31,0x42,0x20,0x42,0x6f,0x6d,0x62,0x65,0x72,0x00,0x45,0x2d,0x33,0x43,
    0x20,0x53,0x65,0x6e,0x74,0x72,0x79,0x00,0x4d,0x69,0x47,0x2d,0x32,0x31,0x20,0x46,
    0x69,0x73,0x68,0x62,0x65,0x64,0x00,0x4d,0x69,0x47,0x2d,0x32,0x35,0x20,0x46,0x6f,
    0x78,0x62,0x61,0x74,0x00,0x4d,0x69,0x47,0x2d,0x32,0x33,0x20,0x46,0x6c,0x6f,0x67,
    0x67,0x65,0x72,0x00,0x4d,0x69,0x47,0x2d,0x32,0x39,0x20,0x46,0x75,0x6c,0x63,0x72,
    0x75,0x6d,0x00,0x4d,0x69,0x47,0x2d,0x33,0x31,0x20,0x46,0x6f,0x78,0x68,0x6f,0x75,
    0x6e,0x64,0x00,0x53,0x75,0x2d,0x32,0x34,0x20,0x46,0x65,0x6e,0x63,0x65,0x72,0x00,
    0x59,0x61,0x6b,0x2d,0x33,0x38,0x20,0x46,0x6f,0x72,0x67,0x65,0x72,0x00,0x53,0x75,
    0x2d,0x32,0x37,0x20,0x46,0x6c,0x61,0x6e,0x6b,0x65,0x72,0x00,0x54,0x75,0x2d,0x32,
    0x36,0x20,0x42,0x61,0x63,0x6b,0x66,0x69,0x72,0x65,0x00,0x01,0x6c,0x2d,0x37,0x36,
    0x20,0x4d,0x61,0x69,0x6e,0x73,0x74,0x61,0x79,0x00,0x72,0x6f,0x73,0x74,0x65,0x72,
    0x2e,0x70,0x69,0x63,0x00,0x61,0x69,0x72,0x69,0x64,0x2e,0x73,0x70,0x6b,0x00,0x61,
    0x69,0x72,0x69,0x64,0x2e,0x73,0x70,0x6b,0x00,0x72,0x6f,0x73,0x74,0x65,0x72,0x2e,
    0x70,0x69,0x63,0x00,0x72,0x6f,0x73,0x74,0x65,0x72,0x2e,0x70,0x69,0x63,0x00,0x61,
    0x69,0x72,0x69,0x64,0x2e,0x73,0x70,0x6b,0x00,0x41,0x69,0x72,0x63,0x72,0x61,0x66,
    0x74,0x20,0x49,0x64,0x65,0x6e,0x74,0x69,0x66,0x69,0x63,0x61,0x74,0x69,0x6f,0x6e,
    0x20,0x45,0x78,0x61,0x6d,0x00,0x43,0x68,0x6f,0x6f,0x73,0x65,0x20,0x63,0x6f,0x72,
    0x72,0x65,0x63,0x74,0x20,0x61,0x69,0x72,0x63,0x72,0x61,0x66,0x74,0x2c,0x20,0x74,
    0x68,0x65,0x6e,0x20,0x70,0x72,0x65,0x73,0x73,0x20,0x53,0x65,0x6c,0x65,0x63,0x74,
    0x6f,0x72,0x2e,0x00,0x43,0x6f,0x72,0x72,0x65,0x63,0x74,0x20,0x49,0x64,0x65,0x6e,
    0x74,0x69,0x66,0x69,0x63,0x61,0x74,0x69,0x6f,0x6e,0x00,0x45,0x20,0x52,0x20,0x52,
    0x20,0x4f,0x20,0x52,0x20,0x20,0x2d,0x20,0x20,0x57,0x72,0x6f,0x6e,0x67,0x20,0x49,
    0x64,0x65,0x6e,0x74,0x69,0x66,0x69,0x63,0x61,0x74,0x69,0x6f,0x6e,0x20,0x20,0x2d,
    0x20,0x20,0x45,0x20,0x52,0x20,0x52,0x20,0x4f,0x20,0x52,0x00,0x46,0x61,0x69,0x6c,
    0x65,0x64,0x20,0x49,0x44,0x00,0x00,0x00,0x00,0x00,0x06,0x00,0x0f,0x00,0x00,0x00,
    0x00,0x00,0x01,0x00,0x00,0x00,0x00,0x00,0x00,0x00,0x00,0x00,0xe6,0x4f,0x00,0x00,
    0x00,0x00,0x09,0x00,0x0f,0x00,0x00,0x00,0x00,0x00,0x03,0x00,0x00,0x00,0x00,0x00,
    0x00,0x00,0x00,0x00,0xfe,0x4f,0x00,0x00,0x00,0x00,0x00,0x00,0x00,0x00,0x50,0x00,
    0x1e,0x00,0x9f,0x00,0x4f,0x00,0x00,0x00,0xc7,0x00,0x00,0x00,0x36,0x01,0x09,0x00,
    0x00,0x00,0x00,0x00,0x16,0x50,0x2e,0x00,0x6f,0x00,0x9e,0x00,0x76,0x00,0x2e,0x00,
    0x6f,0x00,0x9e,0x00,0x76,0x00,0x00,0x00,0x69,0x00,0xd5,0x00,0x02,0x00,0x35,0x01,
    0x41,0x00,0x08,0x00,0xe6,0x4f,0xe6,0x00,0x46,0x00,0x17,0x01,0x5b,0x00,0x00,0x00,
    0x00,0x00,0x00,0x00,0x00,0x00,0x08,0x00,0x2e,0x00,0x77,0x00,0x9e,0x00,0x7e,0x00,
    0x2e,0x00,0x77,0x00,0x9e,0x00,0x7e,0x00,0x00,0x00,0x69,0x00,0xd5,0x00,0x02,0x00,
    0x35,0x01,0x41,0x00,0x08,0x00,0xe6,0x4f,0xe6,0x00,0x46,0x00,0x17,0x01,0x5b,0x00,
    0x00,0x00,0x00,0x00,0x00,0x00,0x00,0x00,0x08,0x00,0x2e,0x00,0x7f,0x00,0x9e,0x00,
    0x86,0x00,0x2e,0x00,0x7f,0x00,0x9e,0x00,0x86,0x00,0x00,0x00,0x69,0x00,0xd5,0x00,
    0x02,0x00,0x35,0x01,0x41,0x00,0x08,0x00,0xe6,0x4f,0xe6,0x00,0x46,0x00,0x17,0x01,
    0x5b,0x00,0x00,0x00,0x00,0x00,0x00,0x00,0x00,0x00,0x08,0x00,0x2e,0x00,0x87,0x00,
    0x9e,0x00,0x8e,0x00,0x2e,0x00,0x87,0x00,0x9e,0x00,0x8e,0x00,0x00,0x00,0x69,0x00,
    0xd5,0x00,0x02,0x00,0x35,0x01,0x41,0x00,0x08,0x00,0xe6,0x4f,0xe6,0x00,0x46,0x00,
    0x17,0x01,0x5b,0x00,0x00,0x00,0x00,0x00,0x00,0x00,0x00,0x00,0x08,0x00,0x2e,0x00,
    0x8f,0x00,0x9e,0x00,0x96,0x00,0x2e,0x00,0x8f,0x00,0x9e,0x00,0x96,0x00,0x00,0x00,
    0x69,0x00,0xd5,0x00,0x02,0x00,0x35,0x01,0x41,0x00,0x08,0x00,0xe6,0x4f,0xe6,0x00,
    0x46,0x00,0x17,0x01,0x5b,0x00,0x00,0x00,0x00,0x00,0x00,0x00,0x00,0x00,0x08,0x00,
    0x2e,0x00,0x97,0x00,0x9e,0x00,0x9e,0x00,0x2e,0x00,0x97,0x00,0x9e,0x00,0x9e,0x00,
    0x00,0x00,0x69,0x00,0xd5,0x00,0x02,0x00,0x35,0x01,0x41,0x00,0x08,0x00,0xe6,0x4f,
    0xe6,0x00,0x46,0x00,0x17,0x01,0x5b,0x00,0x00,0x00,0x00,0x00,0x00,0x00,0x00,0x00,
    0x08,0x00,0x2e,0x00,0x9f,0x00,0x9e,0x00,0xa6,0x00,0x2e,0x00,0x9f,0x00,0x9e,0x00,
    0xa6,0x00,0x00,0x00,0x69,0x00,0xd5,0x00,0x02,0x00,0x35,0x01,0x41,0x00,0x08,0x00,
    0xe6,0x4f,0xe6,0x00,0x46,0x00,0x17,0x01,0x5b,0x00,0x00,0x00,0x00,0x00,0x00,0x00,
    0x00,0x00,0x08,0x00,0x2e,0x00,0xa7,0x00,0x9e,0x00,0xae,0x00,0x2e,0x00,0xa7,0x00,
    0x9e,0x00,0xae,0x00,0x00,0x00,0x69,0x00,0xd5,0x00,0x02,0x00,0x35,0x01,0x41,0x00,
    0x08,0x00,0xe6,0x4f,0xe6,0x00,0x46,0x00,0x17,0x01,0x5b,0x00,0x00,0x00,0x00,0x00,
    0x00,0x00,0x00,0x00,0x08,0x00,0x2e,0x00,0xaf,0x00,0x9e,0x00,0xb6,0x00,0x2e,0x00,
    0xaf,0x00,0x9e,0x00,0xb6,0x00,0x00,0x00,0x69,0x00,0xd5,0x00,0x02,0x00,0x35,0x01,
    0x41,0x00,0x08,0x00,0xe6,0x4f,0xe6,0x00,0x46,0x00,0x17,0x01,0x5b,0x00,0x00,0x00,
    0x00,0x00,0x00,0x00,0x00,0x00,0x08,0x00,0x2e,0x00,0xb7,0x00,0x9e,0x00,0xbe,0x00,
    0x2e,0x00,0xb7,0x00,0x9e,0x00,0xbe,0x00,0x00,0x00,0x69,0x00,0xd5,0x00,0x02,0x00,
    0x35,0x01,0x41,0x00,0x08,0x00,0xe6,0x4f,0xe6,0x00,0x46,0x00,0x17,0x01,0x5b,0x00,
    0x00,0x00,0x00,0x00,0x00,0x00,0x00,0x00,0x08,0x00,0x9f,0x00,0x6f,0x00,0x10,0x01,
    0x76,0x00,0x9f,0x00,0x6f,0x00,0x10,0x01,0x76,0x00,0x00,0x00,0x69,0x00,0xd5,0x00,
    0x02,0x00,0x35,0x01,0x41,0x00,0x08,0x00,0xe6,0x4f,0xe6,0x00,0x46,0x00,0x17,0x01,
    0x5b,0x00,0x00,0x00,0x00,0x00,0x00,0x00,0x00,0x00,0x08,0x00,0x9f,0x00,0x77,0x00,
    0x10,0x01,0x7e,0x00,0x9f,0x00,0x77,0x00,0x10,0x01,0x7e,0x00,0x00,0x00,0x69,0x00,
    0xd5,0x00,0x02,0x00,0x35,0x01,0x41,0x00,0x08,0x00,0xe6,0x4f,0xe6,0x00,0x46,0x00,
    0x17,0x01,0x5b,0x00,0x00,0x00,0x00,0x00,0x00,0x00,0x00,0x00,0x08,0x00,0x9f,0x00,
    0x7f,0x00,0x10,0x01,0x86,0x00,0x9f,0x00,0x7f,0x00,0x10,0x01,0x86,0x00,0x00,0x00,
    0x69,0x00,0xd5,0x00,0x02,0x00,0x35,0x01,0x41,0x00,0x08,0x00,0xe6,0x4f,0xe6,0x00,
    0x46,0x00,0x17,0x01,0x5b,0x00,0x00,0x00,0x00,0x00,0x00,0x00,0x00,0x00,0x08,0x00,
    0x9f,0x00,0x87,0x00,0x10,0x01,0x8e,0x00,0x9f,0x00,0x87,0x00,0x10,0x01,0x8e,0x00,
    0x00,0x00,0x69,0x00,0xd5,0x00,0x02,0x00,0x35,0x01,0x41,0x00,0x08,0x00,0xe6,0x4f,
    0xe6,0x00,0x46,0x00,0x17,0x01,0x5b,0x00,0x00,0x00,0x00,0x00,0x00,0x00,0x00,0x00,
    0x08,0x00,0x9f,0x00,0x8f,0x00,0x10,0x01,0x96,0x00,0x9f,0x00,0x8f,0x00,0x10,0x01,
    0x96,0x00,0x00,0x00,0x69,0x00,0xd5,0x00,0x02,0x00,0x35,0x01,0x41,0x00,0x08,0x00,
    0xe6,0x4f,0xe6,0x00,0x46,0x00,0x17,0x01,0x5b,0x00,0x00,0x00,0x00,0x00,0x00,0x00,
    0x00,0x00,0x08,0x00,0x9f,0x00,0x97,0x00,0x10,0x01,0x9e,0x00,0x9f,0x00,0x97,0x00,
    0x10,0x01,0x9e,0x00,0x00,0x00,0x69,0x00,0xd5,0x00,0x02,0x00,0x35,0x01,0x41,0x00,
    0x08,0x00,0xe6,0x4f,0xe6,0x00,0x46,0x00,0x17,0x01,0x5b,0x00,0x00,0x00,0x00,0x00,
    0x00,0x00,0x00,0x00,0x08,0x00,0x9f,0x00,0x9f,0x00,0x10,0x01,0xa6,0x00,0x9f,0x00,
    0x9f,0x00,0x10,0x01,0xa6,0x00,0x00,0x00,0x69,0x00,0xd5,0x00,0x02,0x00,0x35,0x01,
    0x41,0x00,0x08,0x00,0xe6,0x4f,0xe6,0x00,0x46,0x00,0x17,0x01,0x5b,0x00,0x00,0x00,
    0x00,0x00,0x00,0x00,0x00,0x00,0x08,0x00,0x9f,0x00,0xa7,0x00,0x10,0x01,0xae,0x00,
    0x9f,0x00,0xa7,0x00,0x10,0x01,0xae,0x00,0x00,0x00,0x69,0x00,0xd5,0x00,0x02,0x00,
    0x35,0x01,0x41,0x00,0x08,0x00,0xe6,0x4f,0xe6,0x00,0x46,0x00,0x17,0x01,0x5b,0x00,
    0x00,0x00,0x00,0x00,0x00,0x00,0x00,0x00,0x08,0x00,0x9f,0x00,0xaf,0x00,0x10,0x01,
    0xb6,0x00,0x9f,0x00,0xaf,0x00,0x10,0x01,0xb6,0x00,0x00,0x00,0x69,0x00,0xd5,0x00,
    0x02,0x00,0x35,0x01,0x5b,0x00,0x08,0x00,0xe6,0x4f,0xe6,0x00,0x46,0x00,0x17,0x01,
    0x5b,0x00,0x00,0x00,0x00,0x00,0x00,0x00,0x00,0x00,0x08,0x00,0x9f,0x00,0xb7,0x00,
    0x10,0x01,0xbe,0x00,0x9f,0x00,0xb7,0x00,0x10,0x01,0xbe,0x00,0x00,0x00,0x69,0x00,
    0xd5,0x00,0x02,0x00,0x35,0x01,0x5b,0x00,0x08,0x00,0xe6,0x4f,0xe6,0x00,0x46,0x00,
    0x17,0x01,0x5b,0x00,0x00,0x00,0x00,0x00,0x00,0x00,0x00,0x00,0x08,0x00,0x64,0x00,
    0x08,0x00,0x64,0x00,0xc8,0x00,0x70,0x00,0xb8,0x00,0x1e,0x54,0x00,0x00,0xdc,0x02,
    0xa0,0x05,0x8a,0x08,0x48,0x0b,0x2b,0x0e,0x9a,0x10,0x3e,0x13,0x42,0x15,0xbe,0x17,
    0x59,0x1a,0xc4,0x1c,0x55,0x1f,0x10,0x22,0xed,0x24,0xe9,0x27,0x5e,0x2a,0xf8,0x2c,
    0x05,0x30,0x8c,0x32,0xf0,0x4d,0xfd,0x4d,0x09,0x4e,0x16,0x4e,0x24,0x4e,0x32,0x4e,
    0x40,0x4e,0x4e,0x4e,0x60,0x4e,0x6c,0x4e,0x78,0x4e,0x87,0x4e,0x95,0x4e,0xa4,0x4e,
    0xb3,0x4e,0xc3,0x4e,0xd0,0x4e,0xde,0x4e,0xec,0x4e,0xfb,0x4e,0x2a,0x00,0xa2,0x00,
    0x4c,0x00,0xc4,0x00,0x32,0x6e,0x64,0x20,0x4c,0x74,0x20,0x00,0x31,0x73,0x74,0x20,
    0x4c,0x74,0x20,0x00,0x43,0x61,0x70,0x74,0x20,0x00,0x4d,0x61,0x6a,0x6f,0x72,0x20,
    0x00,0x4c,0x74,0x20,0x43,0x6f,0x6c,0x20,0x00,0x43,0x6f,0x6c,0x20,0x00,0x42,0x20,
    0x47,0x65,0x6e,0x20,0x00,0x41,0x63,0x74,0x69,0x76,0x65,0x00,0x52,0x65,0x74,0x69,
    0x72,0x65,0x64,0x00,0x4b,0x49,0x41,0x00,0x61,0x72,0x6d,0x69,0x6e,0x67,0x2e,0x73,
    0x70,0x72,0x00,0x61,0x72,0x6d,0x69,0x6e,0x67,0x2e,0x73,0x70,0x72,0x00,0x72,0x6f,
    0x73,0x74,0x65,0x72,0x2e,0x70,0x69,0x63,0x00,0x61,0x72,0x6d,0x69,0x6e,0x67,0x2e,
    0x73,0x70,0x72,0x00,0x72,0x6f,0x73,0x74,0x65,0x72,0x2e,0x70,0x69,0x63,0x00,0x61,
    0x72,0x6d,0x69,0x6e,0x67,0x2e,0x73,0x70,0x72,0x00,0x72,0x6f,0x73,0x74,0x65,0x72,
    0x2e,0x70,0x69,0x63,0x00,0x43,0x61,0x72,0x65,0x65,0x72,0x00,0x54,0x6f,0x74,0x61,
    0x6c,0x20,0x20,0x4d,0x69,0x73,0x73,0x69,0x6f,0x6e,0x73,0x20,0x53,0x74,0x61,0x74,
    0x75,0x73,0x00,0x46,0x31,0x39,0x20,0x44,0x75,0x74,0x79,0x20,0x52,0x6f,0x73,0x74,
    0x65,0x72,0x00,0x43,0x68,0x6f,0x6f,0x73,0x65,0x20,0x70,0x69,0x6c,0x6f,0x74,0x20,
    0x66,0x6f,0x72,0x20,0x6e,0x65,0x78,0x74,0x20,0x6d,0x69,0x73,0x73,0x69,0x6f,0x6e,
    0x2c,0x20,0x74,0x68,0x65,0x6e,0x20,0x70,0x72,0x65,0x73,0x73,0x20,0x53,0x65,0x6c,
    0x65,0x63,0x74,0x6f,0x72,0x00,0x45,0x53,0x43,0x20,0x77,0x69,0x6c,0x6c,0x20,0x65,
    0x72,0x61,0x73,0x65,0x20,0x61,0x20,0x70,0x69,0x6c,0x6f,0x74,0x2c,0x20,0x41,0x6c,
    0x74,0x2d,0x51,0x20,0x77,0x69,0x6c,0x6c,0x20,0x65,0x6e,0x64,0x20,0x74,0x68,0x65,
    0x20,0x67,0x61,0x6d,0x65,0x00,0x54,0x68,0x69,0x73,0x20,0x6f,0x66,0x66,0x69,0x63,
    0x65,0x72,0x20,0x68,0x61,0x73,0x20,0x72,0x65,0x74,0x69,0x72,0x65,0x64,0x2e,0x20,
    0x50,0x6c,0x65,0x61,0x73,0x65,0x20,0x63,0x68,0x6f,0x6f,0x73,0x65,0x20,0x61,0x67,
    0x61,0x69,0x6e,0x00,0x20,0x6f,0x72,0x20,0x65,0x72,0x61,0x73,0x65,0x20,0x74,0x68,
    0x69,0x73,0x20,0x65,0x6e,0x74,0x72,0x79,0x2e,0x00,0x55,0x2e,0x53,0x2e,0x20,0x41,
    0x69,0x72,0x20,0x46,0x6f,0x72,0x63,0x65,0x20,0x72,0x65,0x67,0x75,0x6c,0x61,0x74,
    0x69,0x6f,0x6e,0x73,0x20,0x70,0x72,0x6f,0x68,0x69,0x62,0x69,0x74,0x20,0x64,0x65,
    0x63,0x65,0x61,0x73,0x65,0x64,0x20,0x00,0x6f,0x66,0x66,0x69,0x63,0x65,0x72,0x73,
    0x20,0x66,0x72,0x6f,0x6d,0x20,0x66,0x6c,0x79,0x69,0x6e,0x67,0x20,0x6d,0x75,0x6c,
    0x74,0x69,0x2d,0x6d,0x69,0x6c,0x6c,0x69,0x6f,0x6e,0x20,0x64,0x6f,0x6c,0x6c,0x61,
    0x72,0x20,0x61,0x69,0x72,0x63,0x72,0x61,0x66,0x74,0x2e,0x20,0x20,0x00,0x50,0x6c,
    0x65,0x61,0x73,0x65,0x20,0x63,0x68,0x6f,0x6f,0x73,0x65,0x20,0x61,0x67,0x61,0x69,
    0x6e,0x20,0x6f,0x72,0x20,0x65,0x72,0x61,0x73,0x65,0x20,0x74,0x68,0x69,0x73,0x20,
    0x65,0x6e,0x74,0x72,0x79,0x2e,0x00,0x50,0x6c,0x65,0x61,0x73,0x65,0x20,0x65,0x6e,
    0x74,0x65,0x72,0x20,0x79,0x6f,0x75,0x72,0x20,0x6e,0x61,0x6d,0x65,0x20,0x61,0x73,
    0x20,0x79,0x6f,0x75,0x20,0x77,0x69,0x73,0x68,0x20,0x69,0x74,0x20,0x74,0x6f,0x20,
    0x61,0x70,0x70,0x65,0x61,0x72,0x20,0x00,0x6f,0x6e,0x20,0x79,0x6f,0x75,0x72,0x20,
    0x70,0x65,0x72,0x6d,0x61,0x6e,0x65,0x6e,0x74,0x20,0x72,0x65,0x63,0x6f,0x72,0x64,
    0x2e,0x00,0x32,0x6e,0x64,0x20,0x4c,0x74,0x2e,0x20,0x00,0x00,0x00,0x00,0x00,0x00,
    0x06,0x00,0x0f,0x00,0x00,0x00,0x00,0x00,0x01,0x00,0x00,0x00,0x00,0x00,0x00,0x00,
    0x00,0x00,0xcc,0x56,0x00,0x00,0x00,0x00,0x09,0x00,0x0f,0x00,0x00,0x00,0x00,0x00,
    0x04,0x00,0x00,0x00,0x00,0x00,0x00,0x00,0x00,0x00,0xe4,0x56,0x00,0x00,0x00,0x00,
    0xa3,0x00,0x00,0x00,0x00,0x00,0x45,0x00,0x22,0x00,0x08,0x00,0x00,0x00,0xc7,0x00,
    0x00,0x00,0x36,0x01,0x09,0x00,0x00,0x00,0x00,0x00,0x23,0x00,0x60,0x00,0x22,0x01,
    0x67,0x00,0x23,0x00,0x60,0x00,0x1f,0x01,0x67,0x00,0x00,0x00,0x69,0x00,0x2d,0x00,
    0x1a,0x00,0x13,0x01,0x4f,0x00,0x08,0x00,0xcc,0x56,0xe6,0x00,0x46,0x00,0x17,0x01,
    0x5b,0x00,0xfc,0x56,0x00,0x00,0x00,0x00,0x00,0x00,0x08,0x06,0x23,0x00,0x68,0x00,
    0x22,0x01,0x6f,0x00,0x23,0x00,0x68,0x00,0x1f,0x01,0x6f,0x00,0x00,0x00,0x69,0x00,
    0x2d,0x00,0x1a,0x00,0x13,0x01,0x4f,0x00,0x08,0x00,0xcc,0x56,0xe6,0x00,0x46,0x00,
    0x17,0x01,0x5b,0x00,0xfc,0x56,0x00,0x00,0x00,0x00,0x00,0x00,0x08,0x06,0x23,0x00,
    0x70,0x00,0x22,0x01,0x77,0x00,0x23,0x00,0x70,0x00,0x1f,0x01,0x77,0x00,0x00,0x00,
    0x69,0x00,0x2d,0x00,0x1a,0x00,0x13,0x01,0x4f,0x00,0x08,0x00,0xcc,0x56,0xe6,0x00,
    0x46,0x00,0x17,0x01,0x5b,0x00,0xfc,0x56,0x00,0x00,0x00,0x00,0x00,0x00,0x08,0x06,
    0x23,0x00,0x78,0x00,0x22,0x01,0x7f,0x00,0x23,0x00,0x78,0x00,0x1f,0x01,0x7f,0x00,
    0x00,0x00,0x69,0x00,0x2d,0x00,0x1a,0x00,0x13,0x01,0x4f,0x00,0x08,0x00,0xcc,0x56,
    0xe6,0x00,0x46,0x00,0x17,0x01,0x5b,0x00,0xfc,0x56,0x00,0x00,0x00,0x00,0x00,0x00,
    0x08,0x06,0x23,0x00,0x80,0x00,0x22,0x01,0x87,0x00,0x23,0x00,0x80,0x00,0x1f,0x01,
    0x87,0x00,0x00,0x00,0x69,0x00,0x2d,0x00,0x1a,0x00,0x13,0x01,0x4f,0x00,0x08,0x00,
    0xcc,0x56,0xe6,0x00,0x46,0x00,0x17,0x01,0x5b,0x00,0xfc,0x56,0x00,0x00,0x00,0x00,
    0x00,0x00,0x08,0x06,0x23,0x00,0x88,0x00,0x22,0x01,0x8f,0x00,0x23,0x00,0x88,0x00,
    0x1f,0x01,0x8f,0x00,0x00,0x00,0x69,0x00,0x2d,0x00,0x1a,0x00,0x13,0x01,0x4f,0x00,
    0x08,0x00,0xcc,0x56,0xe6,0x00,0x46,0x00,0x17,0x01,0x5b,0x00,0xfc,0x56,0x00,0x00,
    0x00,0x00,0x00,0x00,0x08,0x06,0x23,0x00,0x90,0x00,0x22,0x01,0x97,0x00,0x23,0x00,
    0x90,0x00,0x1f,0x01,0x97,0x00,0x00,0x00,0x69,0x00,0x2d,0x00,0x1a,0x00,0x13,0x01,
    0x4f,0x00,0x08,0x00,0xcc,0x56,0xe6,0x00,0x46,0x00,0x17,0x01,0x5b,0x00,0xfc,0x56,
    0x00,0x00,0x00,0x00,0x00,0x00,0x08,0x06,0x23,0x00,0x98,0x00,0x22,0x01,0x9f,0x00,
    0x23,0x00,0x98,0x00,0x1f,0x01,0x9f,0x00,0x00,0x00,0x69,0x00,0x2d,0x00,0x1a,0x00,
    0x13,0x01,0x4f,0x00,0x08,0x00,0xcc,0x56,0xe6,0x00,0x46,0x00,0x17,0x01,0x5b,0x00,
    0xfc,0x56,0x00,0x00,0x00,0x00,0x00,0x00,0x08,0x06,0x23,0x00,0xa0,0x00,0x22,0x01,
    0xa7,0x00,0x23,0x00,0xa0,0x00,0x1f,0x01,0xa7,0x00,0x00,0x00,0x69,0x00,0x2d,0x00,
    0x1a,0x00,0x13,0x01,0x4f,0x00,0x08,0x00,0xcc,0x56,0xe6,0x00,0x46,0x00,0x17,0x01,
    0x5b,0x00,0xfc,0x56,0x00,0x00,0x00,0x00,0x00,0x00,0x08,0x06,0x23,0x00,0xa8,0x00,
    0x22,0x01,0xaf,0x00,0x23,0x00,0xa8,0x00,0x1f,0x01,0xaf,0x00,0x00,0x00,0x69,0x00,
    0x2d,0x00,0x1a,0x00,0x13,0x01,0x4f,0x00,0x08,0x00,0xcc,0x56,0xe6,0x00,0x46,0x00,
    0x17,0x01,0x5b,0x00,0xfc,0x56,0x00,0x00,0x00,0x00,0x00,0x00,0x08,0x06,0x00,0x00,
    0x08,0x00,0x64,0x00,0x64,0x00,0x61,0x00,0xa9,0x00,0x0e,0x59,0x84,0x54,0x8c,0x54,
    0x94,0x54,0x9a,0x54,0xa1,0x54,0xa9,0x54,0xae,0x54,0xb5,0x54,0xbc,0x54,0xc4,0x54,
    0x09,0x00,0x0d,0x00,0x0b,0x00,0x0d,0x00,0x09,0x00,0x03,0x00,0x77,0x62,0x00,0x52,
    0x6f,0x73,0x74,0x65,0x72,0x2e,0x46,0x69,0x6c,0x00,0x4f,0x72,0x69,0x67,0x69,0x6e,
    0x61,0x6c,0x20,0x64,0x69,0x73,0x6b,0x20,0x69,0x6e,0x20,0x64,0x72,0x69,0x76,0x65,
    0x2e,0x20,0x20,0x52,0x6f,0x73,0x74,0x65,0x72,0x20,0x66,0x69,0x6c,0x65,0x20,0x77,
    0x69,0x6c,0x6c,0x20,0x6e,0x6f,0x74,0x20,0x62,0x65,0x20,0x73,0x61,0x76,0x65,0x64,
    0x2e,0x00,0x50,0x72,0x65,0x73,0x73,0x20,0x53,0x65,0x6c,0x65,0x63,0x74,0x6f,0x72,
    0x20,0x74,0x6f,0x20,0x63,0x6f,0x6e,0x74,0x69,0x6e,0x75,0x65,0x2e,0x00,0x72,0x62,
    0x00,0x52,0x6f,0x73,0x74,0x65,0x72,0x2e,0x46,0x69,0x6c,0x00,0x5f,0x00,0x5f,0x00,
    0x43,0x6c,0x69,0x70,0x63,0x2e,0x70,0x61,0x6b,0x00,0x43,0x6c,0x69,0x70,0x2e,0x70,
    0x69,0x63,0x00,0x4d,0x61,0x70,0x73,0x2e,0x73,0x70,0x72,0x00,0x43,0x6c,0x69,0x70,
    0x2e,0x70,0x69,0x63,0x00,0x4d,0x61,0x70,0x73,0x2e,0x73,0x70,0x72,0x00,0x43,0x6c,
    0x69,0x70,0x2e,0x70,0x69,0x63,0x00,0x53,0x65,0x6c,0x65,0x63,0x74,0x20,0x61,0x6e,
    0x20,0x6f,0x70,0x74,0x69,0x6f,0x6e,0x2c,0x20,0x70,0x72,0x65,0x73,0x73,0x20,0x53,
    0x65,0x6c,0x65,0x63,0x74,0x6f,0x72,0x00,0x50,0x72,0x65,0x73,0x73,0x20,0x53,0x65,
    0x6c,0x65,0x63,0x74,0x6f,0x72,0x20,0x74,0x6f,0x20,0x43,0x6f,0x6e,0x74,0x69,0x6e,
    0x75,0x65,0x00,0x4d,0x69,0x73,0x73,0x69,0x6f,0x6e,0x20,0x41,0x73,0x73,0x69,0x67,
    0x6e,0x6d,0x65,0x6e,0x74,0x3a,0x00,0x43,0x6f,0x6c,0x64,0x20,0x57,0x61,0x72,0x00,
    0x4c,0x69,0x6d,0x69,0x74,0x65,0x64,0x20,0x57,0x61,0x72,0x00,0x43,0x6f,0x6e,0x76,
    0x65,0x6e,0x74,0x69,0x6f,0x6e,0x61,0x6c,0x20,0x57,0x61,0x72,0x00,0x41,0x69,0x72,
    0x2d,0x74,0x6f,0x2d,0x41,0x69,0x72,0x20,0x4d,0x69,0x73,0x73,0x69,0x6f,0x6e,0x73,
    0x00,0x53,0x74,0x72,0x69,0x6b,0x65,0x20,0x4d,0x69,0x73,0x73,0x69,0x6f,0x6e,0x73,
    0x00,0x41,0x69,0x72,0x2d,0x74,0x6f,0x2d,0x41,0x69,0x72,0x20,0x54,0x72,0x61,0x69,
    0x6e,0x69,0x6e,0x67,0x00,0x53,0x74,0x72,0x69,0x6b,0x65,0x20,0x54,0x72,0x61,0x69,
    0x6e,0x69,0x6e,0x67,0x00,0x47,0x72,0x65,0x65,0x6e,0x20,0x4f,0x70,0x70,0x6f,0x6e,
    0x65,0x6e,0x74,0x73,0x00,0x52,0x65,0x67,0x75,0x6c,0x61,0x72,0x20,0x4f,0x70,0x70,
    0x6f,0x6e,0x65,0x6e,0x74,0x73,0x00,0x56,0x65,0x74,0x65,0x72,0x61,0x6e,0x20,0x4f,
    0x70,0x70,0x6f,0x6e,0x65,0x6e,0x74,0x73,0x00,0x45,0x6c,0x69,0x74,0x65,0x20,0x4f,
    0x70,0x70,0x6f,0x6e,0x65,0x6e,0x74,0x73,0x00,0x4e,0x6f,0x20,0x43,0x72,0x61,0x73,
    0x68,0x65,0x73,0x00,0x45,0x61,0x73,0x79,0x20,0x4c,0x61,0x6e,0x64,0x69,0x6e,0x67,
    0x73,0x00,0x52,0x65,0x61,0x6c,0x69,0x73,0x74,0x69,0x63,0x20,0x4c,0x61,0x6e,0x64,
    0x69,0x6e,0x67,0x73,0x00,0x00,0x00,0x00,0x00,0x00,0x02,0x00,0x0f,0x00,0x00,0x00,
    0x00,0x00,0x01,0x00,0x00,0x00,0x00,0x00,0x00,0x00,0x00,0x00,0x16,0x5b,0x00,0x00,
    0x00,0x00,0x00,0x00,0x0f,0x00,0x00,0x00,0x00,0x00,0x03,0x00,0x00,0x00,0x00,0x00,
    0x00,0x00,0x00,0x00,0x2e,0x5b,0x00,0x00,0x00,0x00,0x00,0x00,0x00,0x00,0x1a,0x00,
    0x04,0x00,0x75,0x00,0x3c,0x00,0x00,0x00,0xc7,0x00,0x00,0x00,0x36,0x01,0x09,0x00,
    0x00,0x00,0x00,0x00,0x46,0x5b,0x00,0x00,0x76,0x00,0x7c,0x00,0x00,0x00,0x1a,0x00,
    0x40,0x00,0x75,0x00,0x07,0x00,0x00,0x00,0xc7,0x00,0x00,0x00,0x36,0x01,0x09,0x00,
    0x00,0x00,0x00,0x00,0x66,0x5b,0x00,0x00,0x76,0x00,0x00,0x00,0x00,0x00,0x1a,0x00,
    0x04,0x00,0x75,0x00,0x3c,0x00,0x00,0x00,0xc7,0x00,0x00,0x00,0x36,0x01,0x09,0x00,
    0x00,0x00,0x00,0x00,0x86,0x5b,0x00,0x00,0x76,0x00,0x84,0x00,0x00,0x00,0x1a,0x00,
    0x40,0x00,0x75,0x00,0x07,0x00,0x00,0x00,0xc7,0x00,0x00,0x00,0x36,0x01,0x09,0x00,
    0x00,0x00,0x00,0x00,0xa6,0x5b,0x00,0x00,0x00,0x00,0x3e,0x00,0x00,0x00,0x1a,0x00,
    0x04,0x00,0x75,0x00,0x3c,0x00,0x00,0x00,0xc7,0x00,0x00,0x00,0x36,0x01,0x09,0x00,
    0x00,0x00,0x00,0x00,0xc6,0x5b,0x00,0x00,0x76,0x00,0x8c,0x00,0x00,0x00,0x1a,0x00,
    0x40,0x00,0x75,0x00,0x07,0x00,0x00,0x00,0xc7,0x00,0x00,0x00,0x36,0x01,0x09,0x00,
    0x00,0x00,0x00,0x00,0xe6,0x5b,0x00,0x00,0x76,0x00,0x3e,0x00,0x00,0x00,0x1a,0x00,
    0x04,0x00,0x75,0x00,0x3c,0x00,0x00,0x00,0xc7,0x00,0x00,0x00,0x36,0x01,0x09,0x00,
    0x00,0x00,0x00,0x00,0x06,0x5c,0x00,0x00,0x76,0x00,0x94,0x00,0x00,0x00,0x1a,0x00,
    0x40,0x00,0x75,0x00,0x07,0x00,0x00,0x00,0xc7,0x00,0x00,0x00,0x36,0x01,0x09,0x00,
    0x00,0x00,0x00,0x00,0x26,0x5c,0x00,0x00,0x00,0x00,0x7c,0x00,0x00,0x00,0x1a,0x00,
    0x04,0x00,0x75,0x00,0x3c,0x00,0x00,0x00,0xc7,0x00,0x00,0x00,0x36,0x01,0x09,0x00,
    0x00,0x00,0x00,0x00,0x46,0x5c,0x00,0x00,0x76,0x00,0x9c,0x00,0x00,0x00,0x1a,0x00,
    0x40,0x00,0x75,0x00,0x07,0x00,0x00,0x00,0xc7,0x00,0x00,0x00,0x36,0x01,0x09,0x00,
    0x00,0x00,0x00,0x00,0x66,0x5c,0xa0,0x00,0x82,0x00,0xf0,0x00,0x8a,0x00,0xa0,0x00,
    0x82,0x00,0x04,0x01,0x8a,0x00,0x00,0x00,0x69,0x00,0x98,0x00,0x08,0x00,0x11,0x01,
    0x39,0x00,0x07,0x00,0x2e,0x5b,0x1a,0x00,0x07,0x00,0xfa,0x00,0x3c,0x00,0x00,0x00,
    0x00,0x00,0x00,0x00,0x00,0x00,0x08,0x00,0xa0,0x00,0x8d,0x00,0xf0,0x00,0x95,0x00,
    0xa0,0x00,0x8d,0x00,0x04,0x01,0x95,0x00,0x00,0x00,0x69,0x00,0x98,0x00,0x08,0x00,
    0x11,0x01,0x39,0x00,0x07,0x00,0x2e,0x5b,0x1a,0x00,0x07,0x00,0xfa,0x00,0x3c,0x00,
    0x00,0x00,0x00,0x00,0x00,0x00,0x00,0x00,0x08,0x00,0x00,0x00,0x0b,0x00,0xc8,0x00,
    0xc8,0x00,0x84,0x00,0xb0,0x00,0xea,0x5c,0x53,0x65,0x6c,0x65,0x63,0x74,0x20,0x61,
    0x6e,0x20,0x6f,0x70,0x74,0x69,0x6f,0x6e,0x2c,0x20,0x70,0x72,0x65,0x73,0x73,0x20,
    0x53,0x65,0x6c,0x65,0x63,0x74,0x6f,0x72,0x00,0x00,0x00,0x00,0x00,0x00,0x02,0x00,
    0x0f,0x00,0x00,0x00,0x00,0x00,0x01,0x00,0x00,0x00,0x00,0x00,0x00,0x00,0x00,0x00,
    0x1a,0x5d,0x00,0x00,0x00,0x00,0x00,0x00,0x0f,0x00,0x00,0x00,0x00,0x00,0x03,0x00,
    0x00,0x00,0x00,0x00,0x00,0x00,0x00,0x00,0x32,0x5d,0x00,0x00,0x00,0x00,0x00,0x00,
    0x00,0x00,0x1a,0x00,0x04,0x00,0x75,0x00,0x3c,0x00,0x00,0x00,0xc7,0x00,0x00,0x00,
    0x36,0x01,0x09,0x00,0x00,0x00,0x00,0x00,0x00,0x00,0x76,0x00,0x7c,0x00,0x00,0x00,
    0x1a,0x00,0x40,0x00,0x75,0x00,0x07,0x00,0x00,0x00,0xc7,0x00,0x00,0x00,0x36,0x01,
    0x09,0x00,0x00,0x00,0x00,0x00,0x00,0x00,0x76,0x00,0x00,0x00,0x00,0x00,0x1a,0x00,
    0x04,0x00,0x75,0x00,0x3c,0x00,0x00,0x00,0xc7,0x00,0x00,0x00,0x36,0x01,0x09,0x00,
    0x00,0x00,0x00,0x00,0x00,0x00,0x76,0x00,0x84,0x00,0x00,0x00,0x1a,0x00,0x40,0x00,
    0x75,0x00,0x07,0x00,0x00,0x00,0xc7,0x00,0x00,0x00,0x36,0x01,0x09,0x00,0x00,0x00,
    0x00,0x00,0x00,0x00,0x00,0x00,0x3e,0x00,0x00,0x00,0x1a,0x00,0x04,0x00,0x75,0x00,
    0x3c,0x00,0x00,0x00,0xc7,0x00,0x00,0x00,0x36,0x01,0x09,0x00,0x00,0x00,0x00,0x00,
    0x00,0x00,0x76,0x00,0x8c,0x00,0x00,0x00,0x1a,0x00,0x40,0x00,0x75,0x00,0x07,0x00,
    0x00,0x00,0xc7,0x00,0x00,0x00,0x36,0x01,0x09,0x00,0x00,0x00,0x00,0x00,0x00,0x00,
    0x76,0x00,0x3e,0x00,0x00,0x00,0x1a,0x00,0x04,0x00,0x75,0x00,0x3c,0x00,0x00,0x00,
    0xc7,0x00,0x00,0x00,0x36,0x01,0x09,0x00,0x00,0x00,0x00,0x00,0x00,0x00,0x76,0x00,
    0x94,0x00,0x00,0x00,0x1a,0x00,0x40,0x00,0x75,0x00,0x07,0x00,0x00,0x00,0xc7,0x00,
    0x00,0x00,0x36,0x01,0x09,0x00,0x00,0x00,0x00,0x00,0x00,0x00,0x00,0x00,0x7c,0x00,
    0x00,0x00,0x1a,0x00,0x04,0x00,0x75,0x00,0x3c,0x00,0x00,0x00,0xc7,0x00,0x00,0x00,
    0x36,0x01,0x09,0x00,0x00,0x00,0x00,0x00,0x00,0x00,0x76,0x00,0x9c,0x00,0x00,0x00,
    0x1a,0x00,0x40,0x00,0x75,0x00,0x07,0x00,0x00,0x00,0xc7,0x00,0x00,0x00,0x36,0x01,
    0x09,0x00,0x00,0x00,0x00,0x00,0xa0,0x00,0x82,0x00,0xf0,0x00,0x8a,0x00,0xa0,0x00,
    0x82,0x00,0x04,0x01,0x8a,0x00,0x00,0x00,0x69,0x00,0x98,0x00,0x08,0x00,0x11,0x01,
    0x39,0x00,0x07,0x00,0x32,0x5d,0x1a,0x00,0x07,0x00,0xfa,0x00,0x3c,0x00,0x4a,0x5d,
    0x68,0x5d,0x00,0x00,0x00,0x00,0xc8,0x00,0xa0,0x00,0x8d,0x00,0xf0,0x00,0x95,0x00,
    0xa0,0x00,0x8d,0x00,0x04,0x01,0x95,0x00,0x00,0x00,0x69,0x00,0x98,0x00,0x08,0x00,
    0x11,0x01,0x39,0x00,0x07,0x00,0x32,0x5d,0x1a,0x00,0x07,0x00,0xfa,0x00,0x3c,0x00,
    0x86,0x5d,0xa4,0x5d,0x00,0x00,0x00,0x00,0xc8,0x00,0xa0,0x00,0x98,0x00,0xf0,0x00,
    0xa0,0x00,0xa0,0x00,0x98,0x00,0x04,0x01,0xa0,0x00,0x00,0x00,0x69,0x00,0x98,0x00,
    0x08,0x00,0x11,0x01,0x39,0x00,0x07,0x00,0x32,0x5d,0x1a,0x00,0x07,0x00,0xfa,0x00,
    0x3c,0x00,0xc2,0x5d,0xe0,0x5d,0x00,0x00,0x00,0x00,0xc8,0x00,0xa0,0x00,0xa3,0x00,
    0xf0,0x00,0xab,0x00,0xa0,0x00,0xa3,0x00,0x04,0x01,0xab,0x00,0x00,0x00,0x69,0x00,
    0x98,0x00,0x08,0x00,0x11,0x01,0x39,0x00,0x07,0x00,0x32,0x5d,0x1a,0x00,0x07,0x00,
    0xfa,0x00,0x3c,0x00,0xfe,0x5d,0x1c,0x5e,0x00,0x00,0x00,0x00,0xc8,0x00,0xa0,0x00,
    0xae,0x00,0xf0,0x00,0xb6,0x00,0xa0,0x00,0xae,0x00,0x04,0x01,0xb6,0x00,0x00,0x00,
    0x69,0x00,0x98,0x00,0x08,0x00,0x11,0x01,0x39,0x00,0x07,0x00,0x32,0x5d,0x1a,0x00,
    0x07,0x00,0xfa,0x00,0x3c,0x00,0x3a,0x5e,0x58,0x5e,0x00,0x00,0x00,0x00,0xc8,0x00,
    0x00,0x00,0x0b,0x00,0xc8,0x00,0xc8,0x00,0x84,0x00,0xb0,0x00,0x70,0x5f,0x00,0x00,
    0x00,0x00,0x06,0x00,0x0f,0x00,0x00,0x00,0x00,0x00,0x01,0x00,0x00,0x00,0x00,0x00,
    0x00,0x00,0x00,0x00,0x7e,0x5f,0x00,0x00,0x00,0x00,0x00,0x00,0x0f,0x00,0x00,0x00,
    0x00,0x00,0x03,0x00,0x00,0x00,0x00,0x00,0x00,0x00,0x00,0x00,0x96,0x5f,0xa0,0x00,
    0x82,0x00,0xf0,0x00,0x8a,0x00,0xa0,0x00,0x82,0x00,0x04,0x01,0x8a,0x00,0x00,0x00,
    0x69,0x00,0x98,0x00,0x08,0x00,0x11,0x01,0x39,0x00,0x07,0x00,0x96,0x5f,0x1a,0x00,
    0x07,0x00,0xfa,0x00,0x3c,0x00,0x00,0x00,0x00,0x00,0x00,0x00,0x00,0x00,0x48,0x00,
    0xa0,0x00,0x8d,0x00,0xf0,0x00,0x95,0x00,0xa0,0x00,0x8d,0x00,0x04,0x01,0x95,0x00,
    0x00,0x00,0x69,0x00,0x98,0x00,0x08,0x00,0x11,0x01,0x39,0x00,0x07,0x00,0x96,0x5f,
    0x1a,0x00,0x07,0x00,0xfa,0x00,0x3c,0x00,0x00,0x00,0x00,0x00,0x00,0x00,0x00,0x00,
    0x48,0x00,0xa0,0x00,0x98,0x00,0xf0,0x00,0xa0,0x00,0xa0,0x00,0x98,0x00,0x04,0x01,
    0xa0,0x00,0x00,0x00,0x69,0x00,0x98,0x00,0x08,0x00,0x11,0x01,0x39,0x00,0x07,0x00,
    0x96,0x5f,0x1a,0x00,0x07,0x00,0xfa,0x00,0x3c,0x00,0x00,0x00,0x00,0x00,0x00,0x00,
    0x00,0x00,0x48,0x00,0x00,0x00,0x0b,0x00,0xc8,0x00,0xc8,0x00,0x84,0x00,0xb0,0x00,
    0x44,0x60,0x43,0x6c,0x69,0x70,0x2e,0x70,0x69,0x63,0x00,0x43,0x6c,0x69,0x70,0x2e,
    0x70,0x61,0x6b,0x00,0x00,0x00,0x00,0x00,0x02,0x00,0x0f,0x00,0x00,0x00,0x00,0x00,
    0x01,0x00,0x00,0x00,0x00,0x00,0x00,0x00,0x00,0x00,0x64,0x60,0x00,0x00,0x00,0x00,
    0x00,0x00,0x0f,0x00,0x00,0x00,0x00,0x00,0x03,0x00,0x00,0x00,0x00,0x00,0x00,0x00,
    0x00,0x00,0x7c,0x60,0x00,0x00,0x00,0x00,0x00,0x00,0x00,0x00,0x1a,0x00,0x04,0x00,
    0x75,0x00,0x3c,0x00,0x00,0x00,0xc7,0x00,0x00,0x00,0x36,0x01,0x09,0x00,0x00,0x00,
    0x00,0x00,0x94,0x60,0x00,0x00,0x76,0x00,0x7c,0x00,0x00,0x00,0x1a,0x00,0x40,0x00,
    0x75,0x00,0x07,0x00,0x00,0x00,0xc7,0x00,0x00,0x00,0x36,0x01,0x09,0x00,0x00,0x00,
    0x00,0x00,0xb4,0x60,0x00,0x00,0x76,0x00,0x00,0x00,0x00,0x00,0x1a,0x00,0x04,0x00,
    0x75,0x00,0x3c,0x00,0x00,0x00,0xc7,0x00,0x00,0x00,0x36,0x01,0x09,0x00,0x00,0x00,
    0x00,0x00,0xd4,0x60,0x00,0x00,0x76,0x00,0x84,0x00,0x00,0x00,0x1a,0x00,0x40,0x00,
    0x75,0x00,0x07,0x00,0x00,0x00,0xc7,0x00,0x00,0x00,0x36,0x01,0x09,0x00,0x00,0x00,
    0x00,0x00,0xf4,0x60,0x00,0x00,0x00,0x00,0x3e,0x00,0x00,0x00,0x1a,0x00,0x04,0x00,
    0x75,0x00,0x3c,0x00,0x00,0x00,0xc7,0x00,0x00,0x00,0x36,0x01,0x09,0x00,0x00,0x00,
    0x00,0x00,0x14,0x61,0x00,0x00,0x76,0x00,0x8c,0x00,0x00,0x00,0x1a,0x00,0x40,0x00,
    0x75,0x00,0x07,0x00,0x00,0x00,0xc7,0x00,0x00,0x00,0x36,0x01,0x09,0x00,0x00,0x00,
    0x00,0x00,0x34,0x61,0x00,0x00,0x76,0x00,0x3e,0x00,0x00,0x00,0x1a,0x00,0x04,0x00,
    0x75,0x00,0x3c,0x00,0x00,0x00,0xc7,0x00,0x00,0x00,0x36,0x01,0x09,0x00,0x00,0x00,
    0x00,0x00,0x54,0x61,0x00,0x00,0x76,0x00,0x94,0x00,0x00,0x00,0x1a,0x00,0x40,0x00,
    0x75,0x00,0x07,0x00,0x00,0x00,0xc7,0x00,0x00,0x00,0x36,0x01,0x09,0x00,0x00,0x00,
    0x00,0x00,0x74,0x61,0x00,0x00,0x00,0x00,0x7c,0x00,0x00,0x00,0x1a,0x00,0x04,0x00,
    0x75,0x00,0x3c,0x00,0x00,0x00,0xc7,0x00,0x00,0x00,0x36,0x01,0x09,0x00,0x00,0x00,
    0x00,0x00,0x94,0x61,0x00,0x00,0x76,0x00,0x9c,0x00,0x00,0x00,0x1a,0x00,0x40,0x00,
    0x75,0x00,0x07,0x00,0x00,0x00,0xc7,0x00,0x00,0x00,0x36,0x01,0x09,0x00,0x00,0x00,
    0x00,0x00,0xb4,0x61,0xa0,0x00,0x82,0x00,0xf0,0x00,0x8a,0x00,0xa0,0x00,0x82,0x00,
    0x04,0x01,0x8a,0x00,0x00,0x00,0x69,0x00,0x98,0x00,0x08,0x00,0x11,0x01,0x39,0x00,
    0x07,0x00,0x7c,0x60,0x1a,0x00,0x07,0x00,0xfa,0x00,0x3c,0x00,0x00,0x00,0x00,0x00,
    0x00,0x00,0x00,0x00,0x48,0x00,0xa0,0x00,0x8d,0x00,0xf0,0x00,0x95,0x00,0xa0,0x00,
    0x8d,0x00,0x04,0x01,0x95,0x00,0x00,0x00,0x69,0x00,0x98,0x00,0x08,0x00,0x11,0x01,
    0x39,0x00,0x07,0x00,0x7c,0x60,0x1a,0x00,0x07,0x00,0xfa,0x00,0x3c,0x00,0x00,0x00,
    0x00,0x00,0x00,0x00,0x00,0x00,0x48,0x00,0xa0,0x00,0x98,0x00,0xf0,0x00,0xa0,0x00,
    0xa0,0x00,0x98,0x00,0x04,0x01,0xa0,0x00,0x00,0x00,0x69,0x00,0x98,0x00,0x08,0x00,
    0x11,0x01,0x39,0x00,0x07,0x00,0x7c,0x60,0x1a,0x00,0x07,0x00,0xfa,0x00,0x3c,0x00,
    0x00,0x00,0x00,0x00,0x00,0x00,0x00,0x00,0x48,0x00,0xa0,0x00,0xa3,0x00,0xf0,0x00,
    0xab,0x00,0xa0,0x00,0xa3,0x00,0x04,0x01,0xab,0x00,0x00,0x00,0x69,0x00,0x98,0x00,
    0x08,0x00,0x11,0x01,0x39,0x00,0x07,0x00,0x7c,0x60,0x1a,0x00,0x07,0x00,0xfa,0x00,
    0x3c,0x00,0x00,0x00,0x00,0x00,0x00,0x00,0x00,0x00,0x48,0x00,0x00,0x00,0x0b,0x00,
    0xc8,0x00,0xc8,0x00,0x84,0x00,0xb0,0x00,0x9c,0x62,0x00,0x00,0x00,0x00,0x06,0x00,
    0x0f,0x00,0x00,0x00,0x00,0x00,0x01,0x00,0x00,0x00,0x00,0x00,0x00,0x00,0x00,0x00,
    0xaa,0x62,0x00,0x00,0x00,0x00,0x00,0x00,0x0f,0x00,0x00,0x00,0x00,0x00,0x03,0x00,
    0x00,0x00,0x00,0x00,0x00,0x00,0x00,0x00,0xc2,0x62,0xa0,0x00,0x82,0x00,0xf0,0x00,
    0x8a,0x00,0xa0,0x00,0x82,0x00,0x04,0x01,0x8a,0x00,0x00,0x00,0x69,0x00,0x98,0x00,
    0x08,0x00,0x11,0x01,0x39,0x00,0x07,0x00,0xc2,0x62,0x1a,0x00,0x07,0x00,0xfa,0x00,
    0x3c,0x00,0x00,0x00,0x00,0x00,0x00,0x00,0x00,0x00,0x48,0x00,0xa0,0x00,0x8d,0x00,
    0xf0,0x00,0x95,0x00,0xa0,0x00,0x8d,0x00,0x04,0x01,0x95,0x00,0x00,0x00,0x69,0x00,
    0x98,0x00,0x08,0x00,0x11,0x01,0x39,0x00,0x07,0x00,0xc2,0x62,0x1a,0x00,0x07,0x00,
    0xfa,0x00,0x3c,0x00,0x00,0x00,0x00,0x00,0x00,0x00,0x00,0x00,0x48,0x00,0xa0,0x00,
    0x98,0x00,0xf0,0x00,0xa0,0x00,0xa0,0x00,0x98,0x00,0x04,0x01,0xa0,0x00,0x00,0x00,
    0x69,0x00,0x98,0x00,0x08,0x00,0x11,0x01,0x39,0x00,0x07,0x00,0xc2,0x62,0x1a,0x00,
    0x07,0x00,0xfa,0x00,0x3c,0x00,0x00,0x00,0x00,0x00,0x00,0x00,0x00,0x00,0x48,0x00,
    0xa0,0x00,0xa3,0x00,0xf0,0x00,0xab,0x00,0xa0,0x00,0xa3,0x00,0x04,0x01,0xab,0x00,
    0x00,0x00,0x69,0x00,0x98,0x00,0x08,0x00,0x11,0x01,0x39,0x00,0x07,0x00,0xc2,0x62,
    0x1a,0x00,0x07,0x00,0xfa,0x00,0x3c,0x00,0x00,0x00,0x00,0x00,0x00,0x00,0x00,0x00,
    0x48,0x00,0x00,0x00,0x0b,0x00,0xc8,0x00,0xc8,0x00,0x84,0x00,0xb0,0x00,0xa2,0x63,
    0x00,0x00,0x00,0x00,0x02,0x00,0x0f,0x00,0x00,0x00,0x00,0x00,0x01,0x00,0x00,0x00,
    0x00,0x00,0x00,0x00,0x00,0x00,0xb0,0x63,0x00,0x00,0x00,0x00,0x00,0x00,0x0f,0x00,
    0x00,0x00,0x00,0x00,0x03,0x00,0x00,0x00,0x00,0x00,0x00,0x00,0x00,0x00,0xa0,0x00,
    0x82,0x00,0xf0,0x00,0x8a,0x00,0xa0,0x00,0x82,0x00,0x04,0x01,0x8a,0x00,0x00,0x00,
    0x69,0x00,0x98,0x00,0x08,0x00,0x1b,0x01,0x39,0x00,0x07,0x00,0xc8,0x63,0x1a,0x00,
    0x07,0x00,0xfa,0x00,0x3c,0x00,0x00,0x00,0x00,0x00,0x00,0x00,0x00,0x00,0x48,0x00,
    0xa0,0x00,0x8d,0x00,0xf0,0x00,0x95,0x00,0xa0,0x00,0x8d,0x00,0x04,0x01,0x95,0x00,
    0x00,0x00,0x69,0x00,0x98,0x00,0x08,0x00,0x1b,0x01,0x39,0x00,0x07,0x00,0xc8,0x63,
    0x1a,0x00,0x07,0x00,0xfa,0x00,0x3c,0x00,0x00,0x00,0x00,0x00,0x00,0x00,0x00,0x00,
    0x48,0x00,0xa0,0x00,0x98,0x00,0xf0,0x00,0xa0,0x00,0xa0,0x00,0x98,0x00,0x04,0x01,
    0xa0,0x00,0x00,0x00,0x69,0x00,0x98,0x00,0x08,0x00,0x1b,0x01,0x39,0x00,0x07,0x00,
    0xc8,0x63,0x1a,0x00,0x07,0x00,0xfa,0x00,0x3c,0x00,0x00,0x00,0x00,0x00,0x00,0x00,
    0x00,0x00,0x48,0x00,0x00,0x00,0x0b,0x00,0xc8,0x00,0xc8,0x00,0x84,0x00,0xb0,0x00,
    0x74,0x64,0x4d,0x69,0x73,0x73,0x69,0x6f,0x6e,0x20,0x54,0x61,0x72,0x67,0x65,0x74,
    0x73,0x00,0x52,0x61,0x64,0x61,0x72,0x20,0x53,0x69,0x74,0x65,0x73,0x00,0x4d,0x69,
    0x73,0x73,0x69,0x6c,0x65,0x20,0x52,0x61,0x6e,0x67,0x65,0x73,0x00,0x41,0x69,0x72,
    0x20,0x42,0x61,0x73,0x65,0x73,0x00,0x46,0x6c,0x69,0x67,0x68,0x74,0x20,0x50,0x6c,
    0x61,0x6e,0x00,0x53,0x70,0x65,0x63,0x69,0x61,0x6c,0x20,0x45,0x76,0x65,0x6e,0x74,
    0x73,0x00,0x45,0x78,0x69,0x74,0x20,0x42,0x72,0x69,0x65,0x66,0x69,0x6e,0x67,0x20,
    0x52,0x6d,0x00,0x43,0x4c,0x41,0x53,0x53,0x49,0x46,0x49,0x45,0x44,0x20,0x20,0x20,
    0x20,0x20,0x20,0x20,0x20,0x20,0x20,0x20,0x20,0x20,0x20,0x20,0x20,0x20,0x20,0x20,
    0x20,0x20,0x20,0x20,0x20,0x20,0x20,0x20,0x20,0x20,0x43,0x4c,0x41,0x53,0x53,0x49,
    0x46,0x49,0x45,0x44,0x00,0x49,0x6e,0x74,0x65,0x6c,0x6c,0x69,0x67,0x65,0x6e,0x63,
    0x65,0x20,0x42,0x72,0x69,0x65,0x66,0x69,0x6e,0x67,0x00,0x44,0x65,0x63,0x6f,0x64,
    0x69,0x6e,0x67,0x20,0x4d,0x69,0x73,0x73,0x69,0x6f,0x6e,0x00,0x08,0x00,0x0a,0x00,
    0xe8,0x00,0xb2,0x00,0x00,0x00,0x00,0x00,0x02,0x00,0x0f,0x00,0x00,0x00,0x00,0x00,
    0x01,0x00,0x00,0x00,0x00,0x00,0x00,0x00,0x00,0x00,0x44,0x65,0x00,0x00,0x00,0x00,
    0x00,0x00,0x0f,0x00,0x00,0x00,0x00,0x00,0x03,0x00,0x00,0x00,0x00,0x00,0x00,0x00,
    0x00,0x00,0x5c,0x65,0x00,0x00,0x00,0x00,0x00,0x00,0x00,0x00,0x08,0x00,0x0a,0x00,
    0xe0,0x00,0xa8,0x00,0x00,0x00,0xc7,0x00,0x00,0x00,0x36,0x01,0x09,0x00,0x00,0x00,
    0x00,0x00,0x74,0x65,0x00,0x00,0x00,0x00,0xb2,0x00,0x00,0x00,0x00,0x00,0xb2,0x00,
    0x40,0x01,0x16,0x00,0x00,0x00,0xc7,0x00,0x00,0x00,0x36,0x01,0x09,0x00,0x00,0x00,
    0x00,0x00,0x94,0x65,0x00,0x00,0x2d,0x01,0x00,0x00,0x00,0x00,0x00,0x00,0x00,0x00,
    0x05,0x00,0x05,0x00,0x00,0x00,0xc7,0x00,0x00,0x00,0x36,0x01,0x09,0x00,0x00,0x00,
    0x00,0x00,0xb4,0x65,0x00,0x00,0x2d,0x01,0x05,0x00,0x00,0x00,0x00,0x00,0x00,0x00,
    0x05,0x00,0x05,0x00,0x00,0x00,0xc7,0x00,0x00,0x00,0x36,0x01,0x09,0x00,0x00,0x00,
    0x00,0x00,0xd4,0x65,0x00,0x00,0x29,0x01,0x00,0x00,0x00,0x00,0x00,0x00,0x00,0x00,
    0x03,0x00,0x05,0x00,0x00,0x00,0xc7,0x00,0x00,0x00,0x36,0x01,0x09,0x00,0x00,0x00,
    0x00,0x00,0xf4,0x65,0x00,0x00,0x29,0x01,0x05,0x00,0x00,0x00,0x00,0x00,0x00,0x00,
    0x03,0x00,0x05,0x00,0x00,0x00,0xc7,0x00,0x00,0x00,0x36,0x01,0x09,0x00,0x00,0x00,
    0x00,0x00,0x14,0x66,0x00,0x00,0x32,0x01,0x00,0x00,0x00,0x00,0x00,0x00,0x00,0x00,
    0x0e,0x00,0x0a,0x00,0x00,0x00,0xc7,0x00,0x00,0x00,0x36,0x01,0x09,0x00,0x00,0x00,
    0x00,0x00,0x34,0x66,0x00,0x00,0x32,0x01,0x0a,0x00,0x00,0x00,0x00,0x00,0x00,0x00,
    0x0e,0x00,0x0a,0x00,0x00,0x00,0xc7,0x00,0x00,0x00,0x36,0x01,0x09,0x00,0x00,0x00,
    0x00,0x00,0x54,0x66,0x00,0x00,0x1e,0x01,0x00,0x00,0x00,0x00,0x00,0x00,0x00,0x00,
    0x05,0x00,0x05,0x00,0x00,0x00,0xc7,0x00,0x00,0x00,0x36,0x01,0x09,0x00,0x00,0x00,
    0x00,0x00,0x74,0x66,0x00,0x00,0x1e,0x01,0x05,0x00,0x00,0x00,0x00,0x00,0x00,0x00,
    0x05,0x00,0x05,0x00,0x00,0x00,0xc7,0x00,0x00,0x00,0x36,0x01,0x09,0x00,0x00,0x00,
    0x00,0x00,0x94,0x66,0xec,0x00,0x6e,0x00,0x3c,0x01,0x77,0x00,0xec,0x00,0x6e,0x00,
    0x3c,0x01,0x77,0x00,0x00,0x00,0x69,0x00,0x98,0x00,0x08,0x00,0x11,0x01,0x39,0x00,
    0x07,0x00,0x5c,0x65,0x1a,0x00,0x07,0x00,0xfa,0x00,0x3c,0x00,0x00,0x00,0x00,0x00,
    0x00,0x00,0x00,0x00,0x19,0x00,0xec,0x00,0x78,0x00,0x3c,0x01,0x81,0x00,0xec,0x00,
    0x78,0x00,0x3c,0x01,0x81,0x00,0x00,0x00,0x69,0x00,0x98,0x00,0x08,0x00,0x11,0x01,
    0x39,0x00,0x07,0x00,0x5c,0x65,0x1a,0x00,0x07,0x00,0xfa,0x00,0x3c,0x00,0xb4,0x65,
    0xd4,0x65,0x00,0x00,0x00,0x00,0x1a,0x00,0xec,0x00,0x82,0x00,0x3c,0x01,0x8b,0x00,
    0xec,0x00,0x82,0x00,0x3c,0x01,0x8b,0x00,0x00,0x00,0x69,0x00,0x98,0x00,0x08,0x00,
    0x11,0x01,0x39,0x00,0x07,0x00,0x5c,0x65,0x1a,0x00,0x07,0x00,0xfa,0x00,0x3c,0x00,
    0xb4,0x65,0xd4,0x65,0x00,0x00,0x00,0x00,0x1b,0x00,0xec,0x00,0x8c,0x00,0x3c,0x01,
    0x95,0x00,0xec,0x00,0x8c,0x00,0x3c,0x01,0x95,0x00,0x00,0x00,0x69,0x00,0x98,0x00,
    0x08,0x00,0x11,0x01,0x39,0x00,0x07,0x00,0x5c,0x65,0x1a,0x00,0x07,0x00,0xfa,0x00,
    0x3c,0x00,0xf4,0x65,0x14,0x66,0x00,0x00,0x00,0x00,0x1c,0x00,0xec,0x00,0x96,0x00,
    0x3c,0x01,0x9f,0x00,0xec,0x00,0x96,0x00,0x3c,0x01,0x9f,0x00,0x00,0x00,0x69,0x00,
    0x98,0x00,0x08,0x00,0x11,0x01,0x39,0x00,0x07,0x00,0x5c,0x65,0x1a,0x00,0x07,0x00,
    0xfa,0x00,0x3c,0x00,0x00,0x00,0x00,0x00,0x00,0x00,0x00,0x00,0x1d,0x00,0xec,0x00,
    0xa0,0x00,0x3c,0x01,0xa9,0x00,0xec,0x00,0xa0,0x00,0x3c,0x01,0xa9,0x00,0x00,0x00,
    0x69,0x00,0x98,0x00,0x08,0x00,0x11,0x01,0x39,0x00,0x07,0x00,0x5c,0x65,0x1a,0x00,
    0x07,0x00,0xfa,0x00,0x3c,0x00,0x34,0x66,0x54,0x66,0x00,0x00,0x00,0x00,0x1e,0x00,
    0xec,0x00,0xaa,0x00,0x3c,0x01,0xb3,0x00,0xec,0x00,0xaa,0x00,0x3c,0x01,0xb3,0x00,
    0x00,0x00,0x69,0x00,0x98,0x00,0x08,0x00,0x11,0x01,0x39,0x00,0x07,0x00,0x5c,0x65,
    0x1a,0x00,0x07,0x00,0xfa,0x00,0x3c,0x00,0x00,0x00,0x00,0x00,0x00,0x00,0x00,0x00,
    0x1f,0x00,0x00,0x00,0x0a,0x00,0xfa,0x00,0xfa,0x00,0x6f,0x00,0xab,0x00,0x12,0x68,
    0x82,0x64,0x92,0x64,0x9e,0x64,0xad,0x64,0xb7,0x64,0xc3,0x64,0xd2,0x64,0x54,0x2c,
    0x4c,0x00,0x54,0x00,0x4c,0x00,0x50,0x00,0x53,0x00,0x62,0x72,0x69,0x65,0x66,0x69,
    0x6e,0x67,0x2e,0x74,0x78,0x74,0x00,0x43,0x4c,0x41,0x53,0x53,0x49,0x46,0x49,0x45,
    0x44,0x20,0x20,0x20,0x20,0x20,0x20,0x20,0x20,0x20,0x20,0x20,0x20,0x20,0x20,0x20,
    0x20,0x20,0x20,0x20,0x20,0x20,0x20,0x20,0x20,0x43,0x4c,0x41,0x53,0x53,0x49,0x46,
    0x49,0x45,0x44,0x00,0x4d,0x69,0x73,0x73,0x69,0x6f,0x6e,0x20,0x42,0x72,0x69,0x65,
    0x66,0x69,0x6e,0x67,0x00,0x89,0x50,0x52,0x49,0x4d,0x41,0x52,0x59,0x20,0x4d,0x49,
    0x53,0x53,0x49,0x4f,0x4e,0x20,0x00,0x59,0x6f,0x75,0x72,0x20,0x89,0x70,0x72,0x69,
    0x6d,0x61,0x72,0x79,0x80,0x20,0x6f,0x62,0x6a,0x65,0x63,0x74,0x69,0x76,0x65,0x20,
    0x69,0x73,0x20,0x00,0x89,0x53,0x45,0x43,0x4f,0x4e,0x44,0x41,0x52,0x59,0x20,0x4d,
    0x49,0x53,0x53,0x49,0x4f,0x4e,0x20,0x00,0x59,0x6f,0x75,0x72,0x20,0x89,0x73,0x65,
    0x63,0x6f,0x6e,0x64,0x61,0x72,0x79,0x80,0x20,0x6f,0x62,0x6a,0x65,0x63,0x74,0x69,
    0x76,0x65,0x20,0x69,0x73,0x20,0x00,0x89,0x46,0x4c,0x49,0x47,0x48,0x54,0x20,0x50,
    0x4c,0x41,0x4e,0x00,0x89,0x54,0x41,0x4b,0x45,0x4f,0x46,0x46,0x3a,0x80,0x20,0x59,
    0x6f,0x75,0x20,0x77,0x69,0x6c,0x6c,0x20,0x64,0x65,0x70,0x61,0x72,0x74,0x20,0x66,
    0x72,0x6f,0x6d,0x20,0x00,0x2c,0x20,0x4f,0x4e,0x43,0x20,0x00,0x89,0x52,0x45,0x54,
    0x55,0x52,0x4e,0x3a,0x80,0x20,0x59,0x6f,0x75,0x20,0x61,0x72,0x65,0x20,0x73,0x63,
    0x68,0x65,0x64,0x75,0x6c,0x65,0x64,0x20,0x74,0x6f,0x20,0x6c,0x61,0x6e,0x64,0x20,
    0x61,0x74,0x20,0x00,0x2c,0x20,0x4f,0x4e,0x43,0x20,0x00,0x89,0x46,0x55,0x45,0x4c,
    0x20,0x45,0x53,0x54,0x49,0x4d,0x41,0x54,0x45,0x3a,0x20,0x80,0x00,0x20,0x6c,0x62,
    0x73,0x2e,0x00,0x89,0x4d,0x49,0x53,0x53,0x49,0x4f,0x4e,0x20,0x42,0x45,0x47,0x49,
    0x4e,0x53,0x20,0x41,0x54,0x3a,0x20,0x80,0x00,0x89,0x52,0x55,0x4c,0x45,0x53,0x20,
    0x4f,0x46,0x20,0x45,0x4e,0x47,0x41,0x47,0x45,0x4d,0x45,0x4e,0x54,0x00,0x50,0x72,
    0x65,0x73,0x73,0x20,0x53,0x65,0x6c,0x65,0x63,0x74,0x6f,0x72,0x20,0x74,0x6f,0x20,
    0x63,0x6f,0x6e,0x74,0x69,0x6e,0x75,0x65,0x00,0x00,0x00,0x00,0x00,0x00,0x02,0x00,
    0x0f,0x00,0x00,0x00,0x00,0x00,0x01,0x00,0x00,0x00,0x00,0x00,0x00,0x00,0x00,0x00,
    0xaa,0x69,0x00,0x00,0x00,0x00,0x00,0x00,0x0f,0x00,0x00,0x00,0x00,0x00,0x04,0x00,
    0x00,0x00,0x00,0x00,0x00,0x00,0x00,0x00,0xc2,0x69,0x74,0x6f,0x20,0x89,0x70,0x68,
    0x6f,0x74,0x6f,0x67,0x72,0x61,0x70,0x68,0x20,0x74,0x68,0x65,0x20,0x00,0x20,0x61,
    0x74,0x20,0x00,0x80,0x2c,0x20,0x4f,0x4e,0x43,0x20,0x00,0x2c,0x20,0x89,0x62,0x65,
    0x66,0x6f,0x72,0x65,0x20,0x00,0x20,0x68,0x6f,0x75,0x72,0x73,0x80,0x2c,0x20,0x77,
    0x68,0x69,0x6c,0x65,0x20,0x74,0x68,0x65,0x20,0x63,0x61,0x72,0x67,0x6f,0x20,0x69,
    0x73,0x20,0x73,0x74,0x69,0x6c,0x6c,0x20,0x62,0x65,0x69,0x6e,0x67,0x20,0x75,0x6e,
    0x6c,0x6f,0x61,0x64,0x65,0x64,0x2e,0x00,0x2e,0x00,0x74,0x6f,0x20,0x89,0x64,0x65,
    0x73,0x74,0x72,0x6f,0x79,0x20,0x74,0x68,0x65,0x20,0x00,0x20,0x61,0x74,0x20,0x00,
    0x80,0x2c,0x20,0x4f,0x4e,0x43,0x20,0x00,0x2c,0x20,0x89,0x62,0x65,0x66,0x6f,0x72,
    0x65,0x20,0x00,0x20,0x68,0x6f,0x75,0x72,0x73,0x80,0x2c,0x20,0x77,0x68,0x69,0x6c,
    0x65,0x20,0x74,0x68,0x65,0x20,0x63,0x61,0x72,0x67,0x6f,0x20,0x69,0x73,0x20,0x73,
    0x74,0x69,0x6c,0x6c,0x20,0x62,0x65,0x69,0x6e,0x67,0x20,0x75,0x6e,0x6c,0x6f,0x61,
    0x64,0x65,0x64,0x2e,0x00,0x2c,0x20,0x89,0x62,0x65,0x66,0x6f,0x72,0x65,0x20,0x00,
    0x20,0x68,0x6f,0x75,0x72,0x73,0x80,0x2e,0x00,0x2e,0x00,0x74,0x6f,0x20,0x89,0x72,
    0x65,0x61,0x63,0x68,0x20,0x74,0x68,0x65,0x20,0x62,0x65,0x61,0x63,0x6f,0x6e,0x80,
    0x20,0x61,0x74,0x20,0x4f,0x4e,0x43,0x20,0x00,0x20,0x61,0x6e,0x64,0x20,0x89,0x64,
    0x72,0x6f,0x70,0x20,0x74,0x68,0x65,0x20,0x73,0x75,0x70,0x70,0x6c,0x69,0x65,0x73,
    0x20,0x62,0x65,0x66,0x6f,0x72,0x65,0x20,0x00,0x20,0x68,0x6f,0x75,0x72,0x73,0x80,
    0x2e,0x20,0x20,0x54,0x6f,0x20,0x6d,0x69,0x6e,0x69,0x6d,0x69,0x7a,0x65,0x20,0x74,
    0x68,0x65,0x20,0x63,0x68,0x61,0x6e,0x63,0x65,0x20,0x6f,0x66,0x20,0x65,0x6e,0x65,
    0x6d,0x79,0x20,0x64,0x65,0x74,0x65,0x63,0x74,0x69,0x6f,0x6e,0x2c,0x20,0x00,0x74,
    0x68,0x65,0x20,0x62,0x65,0x61,0x63,0x6f,0x6e,0x20,0x77,0x69,0x6c,0x6c,0x20,0x62,
    0x65,0x20,0x6f,0x6e,0x20,0x4f,0x4e,0x4c,0x59,0x20,0x64,0x75,0x72,0x69,0x6e,0x67,
    0x20,0x74,0x68,0x69,0x73,0x20,0x70,0x65,0x72,0x69,0x6f,0x64,0x2e,0x00,0x74,0x6f,
    0x20,0x89,0x72,0x65,0x61,0x63,0x68,0x20,0x74,0x68,0x65,0x20,0x73,0x65,0x63,0x72,
    0x65,0x74,0x20,0x61,0x69,0x72,0x73,0x74,0x72,0x69,0x70,0x80,0x20,0x61,0x74,0x20,
    0x4f,0x4e,0x43,0x20,0x00,0x20,0x89,0x62,0x65,0x66,0x6f,0x72,0x65,0x20,0x00,0x20,
    0x68,0x6f,0x75,0x72,0x73,0x80,0x2e,0x20,0x20,0x54,0x68,0x65,0x20,0x61,0x69,0x72,
    0x73,0x74,0x72,0x69,0x70,0x20,0x77,0x69,0x6c,0x6c,0x20,0x62,0x65,0x20,0x6c,0x69,
    0x67,0x68,0x74,0x65,0x64,0x20,0x4f,0x4e,0x4c,0x59,0x20,0x64,0x75,0x72,0x69,0x6e,
    0x67,0x20,0x74,0x68,0x69,0x73,0x20,0x70,0x65,0x72,0x69,0x6f,0x64,0x2e,0x00,0x74,
    0x6f,0x20,0x89,0x69,0x6e,0x74,0x65,0x72,0x63,0x65,0x70,0x74,0x20,0x61,0x6e,0x64,
    0x20,0x64,0x65,0x73,0x74,0x72,0x6f,0x79,0x80,0x20,0x74,0x68,0x65,0x20,0x89,0x41,
    0x4e,0x2d,0x37,0x32,0x20,0x43,0x6f,0x61,0x6c,0x65,0x72,0x20,0x74,0x72,0x61,0x6e,
    0x73,0x70,0x6f,0x72,0x74,0x80,0x20,0x64,0x65,0x70,0x61,0x72,0x74,0x69,0x6e,0x67,
    0x20,0x66,0x72,0x6f,0x6d,0x20,0x00,0x20,0x61,0x69,0x72,0x62,0x61,0x73,0x65,0x2c,
    0x20,0x4f,0x4e,0x43,0x20,0x00,0x2c,0x20,0x61,0x74,0x20,0x00,0x20,0x68,0x6f,0x75,
    0x72,0x73,0x2e,0x20,0x20,0x49,0x74,0x20,0x69,0x73,0x20,0x65,0x78,0x70,0x65,0x63,
    0x74,0x65,0x64,0x20,0x74,0x6f,0x20,0x61,0x72,0x72,0x69,0x76,0x65,0x20,0x61,0x74,
    0x20,0x00,0x20,0x61,0x69,0x72,0x62,0x61,0x73,0x65,0x2c,0x20,0x4f,0x4e,0x43,0x20,
    0x00,0x2c,0x20,0x61,0x74,0x20,0x00,0x20,0x68,0x6f,0x75,0x72,0x73,0x2e,0x00,0x74,
    0x6f,0x20,0x89,0x69,0x6e,0x74,0x65,0x72,0x63,0x65,0x70,0x74,0x20,0x61,0x6e,0x64,
    0x20,0x64,0x65,0x73,0x74,0x72,0x6f,0x79,0x80,0x20,0x74,0x68,0x65,0x20,0x89,0x41,
    0x4e,0x2d,0x37,0x32,0x20,0x43,0x6f,0x61,0x6c,0x65,0x72,0x20,0x74,0x72,0x61,0x6e,
    0x73,0x70,0x6f,0x72,0x74,0x80,0x20,0x6c,0x65,0x61,0x76,0x69,0x6e,0x67,0x20,0x66,
    0x72,0x6f,0x6d,0x20,0x00,0x20,0x61,0x69,0x72,0x62,0x61,0x73,0x65,0x2c,0x20,0x4f,
    0x4e,0x43,0x20,0x00,0x2c,0x20,0x61,0x74,0x20,0x00,0x20,0x68,0x6f,0x75,0x72,0x73,
    0x2e,0x20,0x20,0x54,0x68,0x65,0x20,0x75,0x6c,0x74,0x69,0x6d,0x61,0x74,0x65,0x20,
    0x64,0x65,0x73,0x74,0x69,0x6e,0x61,0x74,0x69,0x6f,0x6e,0x20,0x69,0x73,0x20,0x75,
    0x6e,0x6b,0x6e,0x6f,0x77,0x6e,0x2e,0x00,0x74,0x6f,0x20,0x89,0x69,0x6e,0x74,0x65,
    0x72,0x63,0x65,0x70,0x74,0x20,0x61,0x6e,0x64,0x20,0x64,0x65,0x73,0x74,0x72,0x6f,
    0x79,0x20,0x74,0x68,0x65,0x20,0x54,0x75,0x2d,0x39,0x35,0x80,0x2c,0x20,0x6c,0x61,
    0x73,0x74,0x20,0x73,0x65,0x65,0x6e,0x20,0x69,0x6e,0x20,0x67,0x72,0x69,0x64,0x20,
    0x4f,0x4e,0x43,0x20,0x00,0x20,0x61,0x74,0x20,0x00,0x20,0x68,0x6f,0x75,0x72,0x73,
    0x2e,0x20,0x20,0x42,0x61,0x73,0x65,0x64,0x20,0x6f,0x6e,0x20,0x70,0x61,0x73,0x74,
    0x20,0x65,0x78,0x70,0x65,0x72,0x69,0x65,0x6e,0x63,0x65,0x20,0x69,0x74,0x20,0x69,
    0x73,0x20,0x70,0x72,0x6f,0x62,0x61,0x62,0x6c,0x79,0x20,0x68,0x65,0x61,0x64,0x69,
    0x6e,0x67,0x20,0x66,0x6f,0x72,0x20,0x00,0x20,0x61,0x69,0x72,0x62,0x61,0x73,0x65,
    0x2e,0x20,0x20,0x49,0x66,0x20,0x73,0x6f,0x2c,0x20,0x69,0x74,0x73,0x20,0x65,0x73,
    0x74,0x69,0x6d,0x61,0x74,0x65,0x64,0x20,0x61,0x72,0x72,0x69,0x76,0x61,0x6c,0x20,
    0x74,0x69,0x6d,0x65,0x20,0x69,0x73,0x20,0x00,0x20,0x68,0x6f,0x75,0x72,0x73,0x2e,
    0x00,0x74,0x6f,0x20,0x89,0x69,0x6e,0x74,0x65,0x72,0x63,0x65,0x70,0x74,0x20,0x61,
    0x6e,0x64,0x20,0x64,0x65,0x73,0x74,0x72,0x6f,0x79,0x20,0x74,0x68,0x65,0x20,0x00,
    0x20,0x66,0x69,0x67,0x68,0x74,0x65,0x72,0x20,0x70,0x61,0x74,0x72,0x6f,0x6c,0x00,
    0x80,0x20,0x61,0x74,0x2c,0x20,0x4f,0x4e,0x43,0x20,0x00,0x2e,0x20,0x20,0x00,0x00,
    0x4e,0x6f,0x74,0x65,0x63,0x2e,0x70,0x61,0x6b,0x00,0x4e,0x6f,0x74,0x65,0x2e,0x70,
    0x69,0x63,0x00,0x6e,0x6f,0x74,0x65,0x2e,0x70,0x69,0x63,0x00,0x6e,0x6f,0x74,0x65,
    0x2e,0x70,0x69,0x63,0x00,0x53,0x65,0x6c,0x65,0x63,0x74,0x20,0x61,0x6e,0x20,0x6f,
    0x70,0x74,0x69,0x6f,0x6e,0x2c,0x20,0x70,0x72,0x65,0x73,0x73,0x20,0x53,0x65,0x6c,
    0x65,0x63,0x74,0x6f,0x72,0x00,0x00,0x00,0x00,0x00,0x06,0x00,0x0f,0x00,0x00,0x00,
    0x00,0x00,0x01,0x00,0x00,0x00,0x00,0x00,0x00,0x00,0x00,0x00,0x26,0x6e,0x00,0x00,
    0x00,0x00,0x0f,0x00,0x0f,0x00,0x00,0x00,0x00,0x00,0x04,0x00,0x00,0x00,0x00,0x00,
    0x00,0x00,0x00,0x00,0x3e,0x6e,0x76,0x00,0x5b,0x00,0xdc,0x00,0x63,0x00,0x76,0x00,
    0x5b,0x00,0x04,0x01,0x63,0x00,0x00,0x00,0x69,0x00,0x0a,0x00,0x0a,0x00,0xfa,0x00,
    0x3c,0x00,0x09,0x00,0x3e,0x6e,0x0a,0x00,0x0a,0x00,0xfa,0x00,0x3c,0x00,0x00,0x00,
    0x00,0x00,0x00,0x00,0x00,0x00,0x08,0x00,0x76,0x00,0x6c,0x00,0xdc,0x00,0x74,0x00,
    0x76,0x00,0x6c,0x00,0x04,0x01,0x74,0x00,0x00,0x00,0x69,0x00,0x0a,0x00,0x0a,0x00,
    0xfa,0x00,0x3c,0x00,0x09,0x00,0x3e,0x6e,0x0a,0x00,0x0a,0x00,0xfa,0x00,0x3c,0x00,
    0x00,0x00,0x00,0x00,0x00,0x00,0x00,0x00,0x08,0x00,0x76,0x00,0x7d,0x00,0xdc,0x00,
    0x85,0x00,0x76,0x00,0x7d,0x00,0x04,0x01,0x85,0x00,0x00,0x00,0x69,0x00,0x0a,0x00,
    0x0a,0x00,0xfa,0x00,0x3c,0x00,0x09,0x00,0x3e,0x6e,0x0a,0x00,0x0a,0x00,0xfa,0x00,
    0x3c,0x00,0x00,0x00,0x00,0x00,0x00,0x00,0x00,0x00,0x08,0x00,0x76,0x00,0x8e,0x00,
    0xdc,0x00,0x96,0x00,0x76,0x00,0x8e,0x00,0x04,0x01,0x96,0x00,0x00,0x00,0x69,0x00,
    0x0a,0x00,0x0a,0x00,0xfa,0x00,0x3c,0x00,0x09,0x00,0x3e,0x6e,0x0a,0x00,0x0a,0x00,
    0xfa,0x00,0x3c,0x00,0x00,0x00,0x00,0x00,0x00,0x00,0x00,0x00,0x08,0x00,0x00,0x00,
    0x11,0x00,0x96,0x00,0x96,0x00,0x5e,0x00,0x91,0x00,0x1e,0x6f,0x00,0x04,0x06,0x0c,
    0x53,0x49,0x44,0x45,0x57,0x49,0x4e,0x44,0x45,0x52,0x00,0x41,0x4d,0x52,0x41,0x41,
    0x4d,0x00,0x48,0x41,0x52,0x4d,0x00,0x50,0x45,0x4e,0x47,0x55,0x49,0x4e,0x00,0x48,
    0x41,0x52,0x50,0x4f,0x4f,0x4e,0x00,0x4d,0x41,0x56,0x45,0x52,0x49,0x43,0x4b,0x00,
    0x50,0x41,0x56,0x45,0x57,0x41,0x59,0x00,0x52,0x4f,0x43,0x4b,0x45,0x59,0x45,0x00,
    0x44,0x55,0x52,0x41,0x4e,0x44,0x41,0x4c,0x00,0x53,0x4c,0x49,0x43,0x4b,0x00,0x53,
    0x4e,0x41,0x4b,0x45,0x59,0x45,0x00,0x52,0x4f,0x43,0x4b,0x45,0x59,0x45,0x00,0x46,
    0x49,0x52,0x45,0x59,0x45,0x00,0x46,0x41,0x45,0x00,0x49,0x4e,0x20,0x43,0x4c,0x55,
    0x53,0x54,0x45,0x52,0x00,0x4d,0x49,0x4e,0x45,0x4c,0x45,0x54,0x53,0x00,0x43,0x41,
    0x4d,0x45,0x52,0x41,0x00,0x46,0x55,0x45,0x4c,0x20,0x54,0x41,0x4e,0x4b,0x00,0x53,
    0x50,0x20,0x45,0x51,0x55,0x49,0x50,0x00,0x61,0x72,0x6d,0x69,0x6e,0x67,0x2e,0x70,
    0x69,0x63,0x00,0x61,0x72,0x6d,0x69,0x6e,0x67,0x2e,0x73,0x70,0x72,0x00,0x61,0x72,
    0x6d,0x69,0x6e,0x67,0x2e,0x70,0x69,0x63,0x00,0x61,0x72,0x6d,0x69,0x6e,0x67,0x2e,
    0x73,0x70,0x72,0x00,0x61,0x72,0x6d,0x69,0x6e,0x67,0x2e,0x70,0x69,0x63,0x00,0x41,
    0x72,0x6d,0x69,0x6e,0x67,0x20,0x43,0x6f,0x6d,0x70,0x6c,0x65,0x74,0x65,0x00,0x46,
    0x75,0x65,0x6c,0x20,0x45,0x73,0x74,0x2e,0x3a,0x20,0x00,0x20,0x6c,0x62,0x73,0x00,
    0x43,0x68,0x6f,0x6f,0x73,0x65,0x20,0x6f,0x70,0x74,0x69,0x6f,0x6e,0x2c,0x20,0x74,
    0x68,0x65,0x6e,0x20,0x70,0x72,0x65,0x73,0x73,0x20,0x53,0x65,0x6c,0x65,0x63,0x74,
    0x6f,0x72,0x2e,0x00,0x50,0x6c,0x61,0x63,0x65,0x20,0x00,0x20,0x69,0x6e,0x74,0x6f,
    0x20,0x77,0x68,0x69,0x63,0x68,0x20,0x62,0x61,0x79,0x3f,0x00,0x53,0x65,0x6c,0x65,
    0x63,0x74,0x6f,0x72,0x20,0x61,0x63,0x63,0x65,0x70,0x74,0x73,0x20,0x62,0x61,0x79,
    0x2c,0x20,0x45,0x53,0x43,0x20,0x61,0x62,0x6f,0x72,0x74,0x73,0x00,0x00,0x00,0x00,
    0x00,0x00,0x00,0x00,0x0f,0x00,0x00,0x00,0x00,0x00,0x04,0x00,0x00,0x00,0x00,0x00,
    0x00,0x00,0x00,0x00,0x7e,0x70,0x00,0x00,0x00,0x00,0x00,0x00,0x0f,0x00,0x00,0x00,
    0x00,0x00,0x03,0x00,0x00,0x00,0x00,0x00,0x00,0x00,0x00,0x00,0x96,0x70,0x00,0x00,
    0x00,0x00,0x00,0x00,0x00,0x00,0x12,0x00,0x02,0x00,0x31,0x00,0x22,0x00,0x00,0x00,
    0xc7,0x00,0x00,0x00,0x36,0x01,0x09,0x00,0x00,0x00,0x00,0x00,0x00,0x00,0x00,0x00,
    0x00,0x00,0x00,0x00,0x6d,0x00,0x02,0x00,0x31,0x00,0x22,0x00,0x00,0x00,0xc7,0x00,
    0x00,0x00,0x36,0x01,0x09,0x00,0x00,0x00,0x00,0x00,0x00,0x00,0x00,0x00,0x00,0x00,
    0x00,0x00,0x12,0x00,0x47,0x00,0x31,0x00,0x22,0x00,0x00,0x00,0xc7,0x00,0x00,0x00,
    0x36,0x01,0x09,0x00,0x00,0x00,0x00,0x00,0x00,0x00,0x00,0x00,0x00,0x00,0x00,0x00,
    0x6d,0x00,0x47,0x00,0x31,0x00,0x22,0x00,0x00,0x00,0xc7,0x00,0x00,0x00,0x36,0x01,
    0x09,0x00,0x00,0x00,0x00,0x00,0x10,0x00,0x6b,0x00,0x10,0x00,0x6b,0x00,0x1d,0x00,
    0x1d,0x00,0x62,0x00,0x62,0x00,0x10,0x00,0x6b,0x00,0x10,0x00,0x6b,0x00,0x02,0x00,
    0x02,0x00,0x47,0x00,0x47,0x00,0x44,0x00,0x9f,0x00,0x44,0x00,0x9f,0x00,0x23,0x00,
    0x23,0x00,0x68,0x00,0x68,0x00,0x04,0x00,0x03,0x00,0x01,0x00,0x02,0x00,0x01,0x00,
    0x02,0x00,0x02,0x00,0x02,0x00,0x02,0x00,0x03,0x00,0x03,0x00,0x02,0x00,0x02,0x00,
    0x02,0x00,0x02,0x00,0x01,0x00,0x01,0x00,0x01,0x00,0x01,0x00,0x01,0x00,0x30,0x6f,
    0x3b,0x6f,0x42,0x6f,0x47,0x6f,0x4f,0x6f,0x57,0x6f,0x60,0x6f,0x68,0x6f,0x70,0x6f,
    0x79,0x6f,0x7f,0x6f,0x87,0x6f,0x8f,0x6f,0x96,0x6f,0x9a,0x6f,0xa5,0x6f,0xae,0x6f,
    0xb5,0x6f,0xbf,0x6f,0x00,0x00,0x01,0x00,0x01,0x00,0x00,0x00,0xe8,0x00,0x02,0x00,
    0x31,0x00,0x21,0x00,0x00,0x00,0xc7,0x00,0x00,0x00,0x36,0x01,0x09,0x00,0x00,0x00,
    0x00,0x00,0x00,0x00,0x34,0x00,0x01,0x00,0x00,0x00,0xe8,0x00,0x02,0x00,0x31,0x00,
    0x21,0x00,0x00,0x00,0xc7,0x00,0x00,0x00,0x36,0x01,0x09,0x00,0x00,0x00,0x00,0x00,
    0x00,0x00,0x67,0x00,0x01,0x00,0x00,0x00,0xe8,0x00,0x02,0x00,0x31,0x00,0x21,0x00,
    0x00,0x00,0xc7,0x00,0x00,0x00,0x36,0x01,0x09,0x00,0x00,0x00,0x00,0x00,0x00,0x00,
    0x9a,0x00,0x01,0x00,0x00,0x00,0xe8,0x00,0x02,0x00,0x31,0x00,0x21,0x00,0x00,0x00,
    0xc7,0x00,0x00,0x00,0x36,0x01,0x09,0x00,0x00,0x00,0x00,0x00,0x00,0x00,0xcd,0x00,
    0x01,0x00,0x00,0x00,0xe8,0x00,0x02,0x00,0x31,0x00,0x21,0x00,0x00,0x00,0xc7,0x00,
    0x00,0x00,0x36,0x01,0x09,0x00,0x00,0x00,0x00,0x00,0x00,0x00,0x00,0x01,0x01,0x00,
    0x00,0x00,0xe8,0x00,0x02,0x00,0x31,0x00,0x21,0x00,0x00,0x00,0xc7,0x00,0x00,0x00,
    0x36,0x01,0x09,0x00,0x00,0x00,0x00,0x00,0x00,0x00,0x01,0x00,0x24,0x00,0x00,0x00,
    0xe8,0x00,0x02,0x00,0x31,0x00,0x21,0x00,0x00,0x00,0xc7,0x00,0x00,0x00,0x36,0x01,
    0x09,0x00,0x00,0x00,0x00,0x00,0x00,0x00,0x34,0x00,0x24,0x00,0x00,0x00,0xe8,0x00,
    0x02,0x00,0x31,0x00,0x21,0x00,0x00,0x00,0xc7,0x00,0x00,0x00,0x36,0x01,0x09,0x00,
    0x00,0x00,0x00,0x00,0x00,0x00,0x67,0x00,0x24,0x00,0x00,0x00,0xe8,0x00,0x02,0x00,
    0x31,0x00,0x21,0x00,0x00,0x00,0xc7,0x00,0x00,0x00,0x36,0x01,0x09,0x00,0x00,0x00,
    0x00,0x00,0x00,0x00,0x9a,0x00,0x24,0x00,0x00,0x00,0xe8,0x00,0x02,0x00,0x31,0x00,
    0x21,0x00,0x00,0x00,0xc7,0x00,0x00,0x00,0x36,0x01,0x09,0x00,0x00,0x00,0x00,0x00,
    0x00,0x00,0xcd,0x00,0x24,0x00,0x00,0x00,0xe8,0x00,0x02,0x00,0x31,0x00,0x21,0x00,
    0x00,0x00,0xc7,0x00,0x00,0x00,0x36,0x01,0x09,0x00,0x00,0x00,0x00,0x00,0x00,0x00,
    0x00,0x01,0x24,0x00,0x00,0x00,0xe8,0x00,0x02,0x00,0x31,0x00,0x21,0x00,0x00,0x00,
    0xc7,0x00,0x00,0x00,0x36,0x01,0x09,0x00,0x00,0x00,0x00,0x00,0x00,0x00,0x01,0x00,
    0x47,0x00,0x00,0x00,0xe8,0x00,0x02,0x00,0x31,0x00,0x21,0x00,0x00,0x00,0xc7,0x00,
    0x00,0x00,0x36,0x01,0x09,0x00,0x00,0x00,0x00,0x00,0x00,0x00,0x34,0x00,0x47,0x00,
    0x00,0x00,0xe8,0x00,0x02,0x00,0x31,0x00,0x21,0x00,0x00,0x00,0xc7,0x00,0x00,0x00,
    0x36,0x01,0x09,0x00,0x00,0x00,0x00,0x00,0x00,0x00,0x67,0x00,0x47,0x00,0x00,0x00,
    0xe8,0x00,0x02,0x00,0x31,0x00,0x21,0x00,0x00,0x00,0xc7,0x00,0x00,0x00,0x36,0x01,
    0x09,0x00,0x00,0x00,0x00,0x00,0x00,0x00,0x9a,0x00,0x47,0x00,0x00,0x00,0xe8,0x00,
    0x02,0x00,0x31,0x00,0x21,0x00,0x00,0x00,0xc7,0x00,0x00,0x00,0x36,0x01,0x09,0x00,
    0x00,0x00,0x00,0x00,0x00,0x00,0xcd,0x00,0x47,0x00,0x00,0x00,0xe8,0x00,0x02,0x00,
    0x31,0x00,0x21,0x00,0x00,0x00,0xc7,0x00,0x00,0x00,0x36,0x01,0x09,0x00,0x00,0x00,
    0x00,0x00,0x00,0x00,0x00,0x01,0x47,0x00,0x00,0x00,0xe8,0x00,0x02,0x00,0x31,0x00,
    0x21,0x00,0x00,0x00,0xc7,0x00,0x00,0x00,0x36,0x01,0x09,0x00,0x00,0x00,0x00,0x00,
    0x00,0x00,0x00,0x00,0x00,0x00,0x00,0x00,0xe8,0x00,0x02,0x00,0x31,0x00,0x21,0x00,
    0x00,0x00,0xc7,0x00,0x00,0x00,0x36,0x01,0x09,0x00,0x00,0x00,0x00,0x00,0x00,0x00,
    0x00,0x00,0xa4,0x00,0x00,0x00,0xe8,0x00,0x02,0x00,0x31,0x00,0x21,0x00,0x00,0x00,
    0xc7,0x00,0x00,0x00,0x36,0x01,0x09,0x00,0x00,0x00,0x00,0x00,0x00,0x00,0x00,0x00,
    0x6a,0x00,0x00,0x00,0xb4,0x00,0x00,0x00,0x8c,0x00,0x39,0x00,0x00,0x00,0xc7,0x00,
    0x00,0x00,0x36,0x01,0x09,0x00,0x00,0x00,0x00,0x00,0xfc,0x73,0x00,0x00,0x8c,0x00,
    0x6a,0x00,0x00,0x00,0xb4,0x00,0x00,0x00,0x8c,0x00,0x39,0x00,0x00,0x00,0xc7,0x00,
    0x00,0x00,0x36,0x01,0x09,0x00,0x00,0x00,0x00,0x00,0x1c,0x74,0x12,0x00,0x8d,0x00,
    0x73,0x00,0x92,0x00,0x12,0x00,0x8d,0x00,0x73,0x00,0x92,0x00,0x00,0x00,0x69,0x00,
    0xd6,0x00,0x2a,0x00,0x34,0x01,0x64,0x00,0x08,0x00,0x7e,0x70,0xe8,0x00,0x02,0x00,
    0x19,0x01,0x27,0x00,0xa4,0x71,0x00,0x00,0x00,0x00,0x00,0x00,0xc8,0x00,0x12,0x00,
    0x93,0x00,0x73,0x00,0x98,0x00,0x12,0x00,0x93,0x00,0x73,0x00,0x98,0x00,0x00,0x00,
    0x69,0x00,0xd6,0x00,0x2a,0x00,0x34,0x01,0x64,0x00,0x08,0x00,0x7e,0x70,0xe8,0x00,
    0x02,0x00,0x19,0x01,0x27,0x00,0xc2,0x71,0x00,0x00,0x00,0x00,0x00,0x00,0xc8,0x00,
    0x12,0x00,0x99,0x00,0x73,0x00,0x9e,0x00,0x12,0x00,0x99,0x00,0x73,0x00,0x9e,0x00,
    0x00,0x00,0x69,0x00,0xd6,0x00,0x2a,0x00,0x34,0x01,0x64,0x00,0x08,0x00,0x7e,0x70,
    0xe8,0x00,0x02,0x00,0x19,0x01,0x27,0x00,0xe0,0x71,0x00,0x00,0x00,0x00,0x00,0x00,
    0xc8,0x00,0x12,0x00,0x9f,0x00,0x73,0x00,0xa4,0x00,0x12,0x00,0x9f,0x00,0x73,0x00,
    0xa4,0x00,0x00,0x00,0x69,0x00,0xd6,0x00,0x2a,0x00,0x34,0x01,0x64,0x00,0x08,0x00,
    0x7e,0x70,0xe8,0x00,0x02,0x00,0x19,0x01,0x27,0x00,0xfe,0x71,0x00,0x00,0x00,0x00,
    0x00,0x00,0xc8,0x00,0x12,0x00,0xa5,0x00,0x73,0x00,0xaa,0x00,0x12,0x00,0xa5,0x00,
    0x73,0x00,0xaa,0x00,0x00,0x00,0x69,0x00,0xd6,0x00,0x2a,0x00,0x34,0x01,0x64,0x00,
    0x08,0x00,0x7e,0x70,0xe8,0x00,0x02,0x00,0x19,0x01,0x27,0x00,0x1c,0x72,0x00,0x00,
    0x00,0x00,0x00,0x00,0xc8,0x00,0x12,0x00,0xab,0x00,0x73,0x00,0xb0,0x00,0x12,0x00,
    0xab,0x00,0x73,0x00,0xb0,0x00,0x00,0x00,0x69,0x00,0xd6,0x00,0x2a,0x00,0x34,0x01,
    0x64,0x00,0x08,0x00,0x7e,0x70,0xe8,0x00,0x02,0x00,0x19,0x01,0x27,0x00,0x3a,0x72,
    0x00,0x00,0x00,0x00,0x00,0x00,0xc8,0x00,0x7a,0x00,0x8d,0x00,0xd7,0x00,0x92,0x00,
    0x7a,0x00,0x8d,0x00,0xd7,0x00,0x92,0x00,0x00,0x00,0x69,0x00,0xd6,0x00,0x2a,0x00,
    0x34,0x01,0x64,0x00,0x08,0x00,0x7e,0x70,0xe8,0x00,0x02,0x00,0x19,0x01,0x27,0x00,
    0x58,0x72,0x00,0x00,0x00,0x00,0x00,0x00,0xc8,0x00,0x7a,0x00,0x93,0x00,0xd7,0x00,
    0x98,0x00,0x7a,0x00,0x93,0x00,0xd7,0x00,0x98,0x00,0x00,0x00,0x69,0x00,0xd6,0x00,
    0x2a,0x00,0x34,0x01,0x64,0x00,0x08,0x00,0x7e,0x70,0xe8,0x00,0x02,0x00,0x19,0x01,
    0x27,0x00,0x76,0x72,0x00,0x00,0x00,0x00,0x00,0x00,0xc8,0x00,0x7a,0x00,0x99,0x00,
    0xd7,0x00,0x9e,0x00,0x7a,0x00,0x99,0x00,0xd7,0x00,0x9e,0x00,0x00,0x00,0x69,0x00,
    0xd6,0x00,0x2a,0x00,0x34,0x01,0x64,0x00,0x08,0x00,0x7e,0x70,0xe8,0x00,0x02,0x00,
    0x19,0x01,0x27,0x00,0x94,0x72,0x00,0x00,0x00,0x00,0x00,0x00,0xc8,0x00,0x7a,0x00,
    0x9f,0x00,0xd7,0x00,0xa4,0x00,0x7a,0x00,0x9f,0x00,0xd7,0x00,0xa4,0x00,0x00,0x00,
    0x69,0x00,0xd6,0x00,0x2a,0x00,0x34,0x01,0x64,0x00,0x08,0x00,0x7e,0x70,0xe8,0x00,
    0x02,0x00,0x19,0x01,0x27,0x00,0xb2,0x72,0x00,0x00,0x00,0x00,0x00,0x00,0xc8,0x00,
    0x7a,0x00,0xa5,0x00,0xd7,0x00,0xaa,0x00,0x7a,0x00,0xa5,0x00,0xd7,0x00,0xaa,0x00,
    0x00,0x00,0x69,0x00,0xd6,0x00,0x2a,0x00,0x34,0x01,0x64,0x00,0x08,0x00,0x7e,0x70,
    0xe8,0x00,0x02,0x00,0x19,0x01,0x27,0x00,0xd0,0x72,0x00,0x00,0x00,0x00,0x00,0x00,
    0xc8,0x00,0x7a,0x00,0xab,0x00,0xd7,0x00,0xb0,0x00,0x7a,0x00,0xab,0x00,0xd7,0x00,
    0xb0,0x00,0x00,0x00,0x69,0x00,0xd6,0x00,0x2a,0x00,0x34,0x01,0x64,0x00,0x08,0x00,
    0x7e,0x70,0xe8,0x00,0x02,0x00,0x19,0x01,0x27,0x00,0xee,0x72,0x00,0x00,0x00,0x00,
    0x00,0x00,0xc8,0x00,0xdc,0x00,0x8d,0x00,0x31,0x01,0x92,0x00,0xdc,0x00,0x8d,0x00,
    0x31,0x01,0x92,0x00,0x00,0x00,0x69,0x00,0xd6,0x00,0x02,0x00,0x34,0x01,0x64,0x00,
    0x08,0x00,0x7e,0x70,0xe8,0x00,0x02,0x00,0x19,0x01,0x27,0x00,0x0c,0x73,0x00,0x00,
    0x00,0x00,0x00,0x00,0xc8,0x00,0xdc,0x00,0x93,0x00,0x31,0x01,0x98,0x00,0xdc,0x00,
    0x93,0x00,0x31,0x01,0x98,0x00,0x00,0x00,0x69,0x00,0xd6,0x00,0x2a,0x00,0x34,0x01,
    0x64,0x00,0x08,0x00,0x7e,0x70,0xe8,0x00,0x02,0x00,0x19,0x01,0x27,0x00,0x2a,0x73,
    0x00,0x00,0x00,0x00,0x00,0x00,0xc8,0x00,0xdc,0x00,0x99,0x00,0x31,0x01,0x9e,0x00,
    0xdc,0x00,0x99,0x00,0x31,0x01,0x9e,0x00,0x00,0x00,0x69,0x00,0xd6,0x00,0x2a,0x00,
    0x34,0x01,0x64,0x00,0x08,0x00,0x7e,0x70,0xe8,0x00,0x02,0x00,0x19,0x01,0x27,0x00,
    0x48,0x73,0x00,0x00,0x00,0x00,0x00,0x00,0xc8,0x00,0xdc,0x00,0x9f,0x00,0x31,0x01,
    0xa4,0x00,0xdc,0x00,0x9f,0x00,0x31,0x01,0xa4,0x00,0x00,0x00,0x69,0x00,0xd6,0x00,
    0x2a,0x00,0x34,0x01,0x64,0x00,0x08,0x00,0x7e,0x70,0xe8,0x00,0x02,0x00,0x19,0x01,
    0x27,0x00,0x66,0x73,0x00,0x00,0x00,0x00,0x00,0x00,0xc8,0x00,0xdc,0x00,0xa5,0x00,
    0x31,0x01,0xaa,0x00,0xdc,0x00,0xa5,0x00,0x31,0x01,0xaa,0x00,0x00,0x00,0x69,0x00,
    0xd6,0x00,0x2a,0x00,0x34,0x01,0x64,0x00,0x08,0x00,0x7e,0x70,0xe8,0x00,0x02,0x00,
    0x19,0x01,0x27,0x00,0x84,0x73,0x00,0x00,0x00,0x00,0x00,0x00,0xc8,0x00,0xdc,0x00,
    0xab,0x00,0x31,0x01,0xb0,0x00,0xdc,0x00,0xab,0x00,0x31,0x01,0xb0,0x00,0x00,0x00,
    0x69,0x00,0xd6,0x00,0x2a,0x00,0x34,0x01,0x64,0x00,0x08,0x00,0x7e,0x70,0xe8,0x00,
    0x02,0x00,0x19,0x01,0x27,0x00,0xa2,0x73,0x00,0x00,0x00,0x00,0x00,0x00,0xc8,0x00,
    0xdc,0x00,0x7d,0x00,0x31,0x01,0x8c,0x00,0xdc,0x00,0x7d,0x00,0x31,0x01,0x85,0x00,
    0x00,0x00,0x69,0x00,0xd6,0x00,0x02,0x00,0x34,0x01,0x64,0x00,0x08,0x00,0x7e,0x70,
    0xe8,0x00,0x02,0x00,0x19,0x01,0x27,0x00,0xc0,0x73,0x00,0x00,0x00,0x00,0x00,0x00,
    0x48,0x00,0x10,0x00,0x02,0x00,0x44,0x00,0x23,0x00,0x10,0x00,0x02,0x00,0x44,0x00,
    0x23,0x00,0x00,0x00,0x59,0x00,0xd5,0x00,0x02,0x00,0x35,0x01,0x39,0x00,0x08,0x00,
    0x7e,0x70,0x1a,0x00,0x07,0x00,0xfa,0x00,0x3c,0x00,0xae,0x70,0xae,0x70,0x00,0x00,
    0x00,0x00,0x08,0x02,0x6b,0x00,0x02,0x00,0x9f,0x00,0x23,0x00,0x6b,0x00,0x02,0x00,
    0x9f,0x00,0x23,0x00,0x00,0x00,0x59,0x00,0xd5,0x00,0x02,0x00,0x35,0x01,0x39,0x00,
    0x08,0x00,0x7e,0x70,0x1a,0x00,0x07,0x00,0xfa,0x00,0x3c,0x00,0xae,0x70,0xae,0x70,
    0x00,0x00,0x00,0x00,0x08,0x02,0x10,0x00,0x47,0x00,0x44,0x00,0x68,0x00,0x10,0x00,
    0x47,0x00,0x44,0x00,0x68,0x00,0x00,0x00,0x59,0x00,0xd5,0x00,0x02,0x00,0x35,0x01,
    0x39,0x00,0x08,0x00,0x7e,0x70,0x1a,0x00,0x07,0x00,0xfa,0x00,0x3c,0x00,0xae,0x70,
    0xae,0x70,0x00,0x00,0x00,0x00,0x08,0x02,0x6b,0x00,0x47,0x00,0x9f,0x00,0x68,0x00,
    0x6b,0x00,0x47,0x00,0x9f,0x00,0x68,0x00,0x00,0x00,0x59,0x00,0xd5,0x00,0x02,0x00,
    0x35,0x01,0x39,0x00,0x08,0x00,0x7e,0x70,0x1a,0x00,0x07,0x00,0xfa,0x00,0x3c,0x00,
    0xae,0x70,0xae,0x70,0x00,0x00,0x00,0x00,0x08,0x02,0x64,0x00,0x5a,0x00,0x14,0x00,
    0x78,0x00,0x0a,0x00,0x64,0x00,0xba,0x78,0x64,0x00,0x06,0x00,0x32,0x00,0xfa,0x00,
    0x8e,0x00,0xac,0x00,0xc8,0x78,0x32,0x00,0x32,0x00,0x32,0x00,0x32,0x00,0x32,0x00,
    0x32,0x00,0x96,0x00,0x96,0x00,0x96,0x00,0x96,0x00,0x96,0x00,0x96,0x00,0xfa,0x00,
    0xfa,0x00,0xfa,0x00,0xfa,0x00,0xfa,0x00,0xfa,0x00,0xfa,0x00,0x8e,0x00,0x94,0x00,
    0x9a,0x00,0xa0,0x00,0xa6,0x00,0xac,0x00,0x8e,0x00,0x94,0x00,0x9a,0x00,0xa0,0x00,
    0xa6,0x00,0xac,0x00,0x8e,0x00,0x94,0x00,0x9a,0x00,0xa0,0x00,0xa6,0x00,0xac,0x00,
    0x88,0x00,0x14,0x00,0x78,0x00,0x14,0x00,0x78,0x00,0x0a,0x00,0x0a,0x00,0x64,0x00,
    0x64,0x00,0x01,0x00,0x00,0x00,0x0c,0x00,0x04,0x00,0x03,0x00,0x09,0x00,0x0b,0x00,
    0x05,0x00,0x0f,0x00,0x0c,0x00,0x07,0x00,0x06,0x00,0x09,0x00,0xff,0x00,0x09,0x00,
    0x08,0x00,0xff,0x00,0xff,0x00,0x46,0x75,0x65,0x6c,0x20,0x4c,0x6f,0x61,0x64,0x65,
    0x64,0x3a,0x20,0x00,0x20,0x6c,0x62,0x73,0x00,0x61,0x72,0x6d,0x69,0x6e,0x67,0x2e,
    0x73,0x70,0x72,0x00,0x66,0x31,0x39,0x2e,0x73,0x70,0x72,0x00,0x61,0x72,0x6d,0x69,
    0x6e,0x67,0x2e,0x73,0x70,0x72,0x00,0x66,0x31,0x39,0x2e,0x73,0x70,0x72,0x00,0x00,
    0xa5,0x00,0xa5,0x00,0xa5,0x00,0x0e,0x01,0x01,0x00,0x18,0x00,0x2f,0x00,0x4a,0x00,
    0x00,0x00,0x00,0x00,0xc3,0xdc,0x00,0x00,0x00,0x10,0x00,0x00,0x00,0x00,0x00,0x00,
    0x00,0x00,0x00,0x00,0x00,0x00,0x00,0x00,0x00,0x00,0x00,0x00,0x00,0x00,0x00,0x00,
    0x00,0x00,0x00,0x00,0x00,0x00,0x00,0x00,0x00,0x00,0x00,0x00,0x00,0x00,0x00,0x00,
    0x00,0x00,0x00,0x00,0x00,0x00,0x00,0x00,0x00,0x00,0x00,0x00,0x00,0x00,0x00,0x00,
    0x00,0x00,0x00,0x00,0x00,0x00,0x00,0x00,0x00,0x00,0x00,0x00,0x00,0x00,0x00,0x00,
    0x00,0x00,0x00,0x00,0x00,0x00,0xa6,0x79,0x3b,0x43,0x5f,0x46,0x49,0x4c,0x45,0x5f,
    0x49,0x4e,0x46,0x4f,0x00,0x00,0x00,0x00,0x00,0x00,0x00,0x00,0x00,0x00,0x00,0x00,
    0x00,0x00,0x00,0x00,0x00,0x00,0x00,0x00,0x00,0x00,0x00,0x00,0x00,0x00,0x14,0x00,
    0x81,0x81,0x81,0x01,0x01,0x00,0x00,0x00,0x00,0x00,0x00,0x00,0x00,0x00,0x00,0x00,
    0x00,0x00,0x00,0x00,0x00,0x00,0x00,0x00,0x00,0x00,0x3e,0x7a,0x00,0x10,0x43,0x00,
    0x00,0x00,0x00,0x00,0x00,0x00,0x00,0x00,0x00,0xd4,0x5c,0x00,0x5c,0x00,0xff,0xff,
    0x01,0x00,0x00,0x00,0x00,0x00,0x00,0x16,0x02,0x02,0x18,0x0d,0x09,0x0c,0x0c,0x0c,
    0x07,0x08,0x16,0x16,0xff,0x12,0x0d,0x12,0x02,0xff,0x44,0xbf,0x00,0x00,0x44,0xbf,
    0x01,0x00,0x00,0x00,0x00,0x00,0x00,0x00,0x02,0x01,0x00,0x00,0x00,0x00,0x00,0x00,
    0x02,0x02,0x00,0x00,0x00,0x00,0x00,0x00,0x84,0x03,0x00,0x00,0x00,0x00,0x00,0x00,
    0x02,0x04,0x00,0x00,0x00,0x00,0x00,0x00,0x00,0x00,0x00,0x00,0x00,0x00,0x00,0x00,
    0x00,0x00,0x00,0x00,0x00,0x00,0x00,0x00,0x00,0x00,0x00,0x00,0x00,0x00,0x00,0x00,
    0x00,0x00,0x00,0x00,0x00,0x00,0x00,0x00,0x00,0x00,0x00,0x00,0x00,0x00,0x00,0x00,
    0x00,0x00,0x00,0x00,0x00,0x00,0x00,0x00,0x00,0x00,0x00,0x00,0x00,0x00,0x00,0x00,
    0x00,0x00,0x00,0x00,0x00,0x00,0x00,0x00,0x00,0x00,0x00,0x00,0x00,0x00,0x00,0x00,
    0x00,0x00,0x00,0x00,0x00,0x00,0x00,0x00,0x00,0x00,0x00,0x00,0x00,0x00,0x00,0x00,
    0x00,0x00,0x00,0x00,0x00,0x00,0x00,0x00,0x00,0x00,0x00,0x00,0x00,0x00,0x00,0x00,
    0x00,0x00,0x00,0x00,0x00,0x00,0x00,0x00,0x00,0x00,0x01,0x00,0x00,0x02,0x00,0x00,
    0x00,0x00,0x00,0x00,0x00,0x00,0x00,0x00,0x00,0x00,0x00,0x00,0x00,0x00,0x00,0x00,
    0x00,0x00,0x00,0x00,0x00,0x00,0x00,0x00,0x00,0x00,0x00,0x00,0x00,0x00,0x00,0x00,
    0x00,0x00,0x00,0x00,0x00,0x00,0x00,0x00,0x00,0x00,0x00,0x00,0x00,0x00,0x00,0x00,
    0x00,0x00,0x00,0x00,0x00,0x00,0x00,0x00,0x00,0x00,0x00,0x00,0x00,0x00,0x00,0x00,
    0x00,0x00,0x00,0x00,0x00,0x00,0x00,0x00,0x00,0x00,0x00,0x00,0x00,0x00,0x00,0x00,
    0x00,0x00,0x00,0x00,0x00,0x00,0x00,0x00,0x00,0x00,0x00,0x00,0x00,0x00,0x00,0x00,
    0x00,0x00,0x00,0x00,0x00,0x00,0x00,0x00,0x00,0x00,0x00,0x00,0x00,0x00,0x00,0x00,
    0x00,0x00,0x02,0x7b,0x00,0x00,0x00,0x00,0x00,0x00,0x00,0x00,0x00,0x00,0x00,0x00,
    0xff,0xff,0x1e,0x00,0x3b,0x00,0x5a,0x00,0x78,0x00,0x97,0x00,0xb5,0x00,0xd4,0x00,
    0xf3,0x00,0x11,0x01,0x30,0x01,0x4e,0x01,0x6d,0x01,0xff,0xff,0x1e,0x00,0x3a,0x00,
    0x59,0x00,0x77,0x00,0x96,0x00,0xb4,0x00,0xd3,0x00,0xf2,0x00,0x10,0x01,0x2f,0x01,
    0x4d,0x01,0x6c,0x01,0x54,0x5a,0x00,0x00,0x50,0x53,0x54,0x00,0x50,0x44,0x54,0x00,
    0x80,0x70,0x00,0x00,0x01,0x00,0xc8,0x7b,0xcc,0x7b,0x53,0x75,0x6e,0x4d,0x6f,0x6e,
    0x54,0x75,0x65,0x57,0x65,0x64,0x54,0x68,0x75,0x46,0x72,0x69,0x53,0x61,0x74,0x00,
    0x4a,0x61,0x6e,0x46,0x65,0x62,0x4d,0x61,0x72,0x41,0x70,0x72,0x4d,0x61,0x79,0x4a,
    0x75,0x6e,0x4a,0x75,0x6c,0x41,0x75,0x67,0x53,0x65,0x70,0x4f,0x63,0x74,0x4e,0x6f,
    0x76,0x44,0x65,0x63,0x00,0x00,0x00,0x00,0x00,0x00,0x00,0x00,0x00,0x00,0x00,0x20,
    0x00,0x00,0x00,0x00,0x00,0x20,0x20,0x20,0x20,0x20,0x20,0x20,0x20,0x20,0x28,0x28,
    0x28,0x28,0x28,0x20,0x20,0x20,0x20,0x20,0x20,0x20,0x20,0x20,0x20,0x20,0x20,0x20,
    0x20,0x20,0x20,0x20,0x20,0x48,0x10,0x10,0x10,0x10,0x10,0x10,0x10,0x10,0x10,0x10,
    0x10,0x10,0x10,0x10,0x10,0x84,0x84,0x84,0x84,0x84,0x84,0x84,0x84,0x84,0x84,0x10,
    0x10,0x10,0x10,0x10,0x10,0x10,0x81,0x81,0x81,0x81,0x81,0x81,0x01,0x01,0x01,0x01,
    0x01,0x01,0x01,0x01,0x01,0x01,0x01,0x01,0x01,0x01,0x01,0x01,0x01,0x01,0x01,0x01,
    0x10,0x10,0x10,0x10,0x10,0x10,0x82,0x82,0x82,0x82,0x82,0x82,0x02,0x02,0x02,0x02,
    0x02,0x02,0x02,0x02,0x02,0x02,0x02,0x02,0x02,0x02,0x02,0x02,0x02,0x02,0x02,0x02,
    0x10,0x10,0x10,0x10,0x20,0x00,0x00,0x00,0x00,0x00,0x00,0x00,0x00,0x00,0x00,0x00,
    0x00,0x00,0x00,0x00,0x00,0x00,0x00,0x00,0x00,0x00,0x00,0x00,0x00,0x00,0x00,0x00,
    0x00,0x00,0x00,0x00,0x00,0x00,0x00,0x00,0x00,0x00,0x00,0x00,0x00,0x00,0x00,0x00,
    0x00,0x00,0x00,0x00,0x00,0x00,0x00,0x00,0x00,0x00,0x00,0x00,0x00,0x00,0x00,0x00,
    0x00,0x00,0x00,0x00,0x00,0x00,0x00,0x00,0x00,0x00,0x00,0x00,0x00,0x00,0x00,0x00,
    0x00,0x00,0x00,0x00,0x00,0x00,0x00,0x00,0x00,0x00,0x00,0x00,0x00,0x00,0x00,0x00,
    0x00,0x00,0x00,0x00,0x00,0x00,0x00,0x00,0x00,0x00,0x00,0x00,0x00,0x00,0x00,0x00,
    0x00,0x00,0x00,0x00,0x00,0x00,0x00,0x00,0x00,0x00,0x00,0x00,0x00,0x00,0x00,0x00,
    0x00,0x00,0x00,0x00,0x00,0x00,0x00,0x00,0x00,0x00,0x00,0x00,0x00,0x00,0x00,0x00,
    0x00,0x00,0x00,0x00,0xc8,0xf0,0x00,0x00,0x55,0xaa,0xff,0x00,0x55,0xaa,0xff,0x00,
    0x55,0xaa,0xff,0x00,0x55,0xaa,0xff,0x00,0x55,0xaa,0xff,0x00,0x55,0xaa,0xff,0x00,
    0x55,0xaa,0xff,0x00,0x55,0xaa,0xff,0x00,0x55,0xaa,0xff,0x00,0x55,0xaa,0xff,0x00,
    0x55,0xaa,0xff,0x00,0x55,0xaa,0xff,0x00,0x55,0xaa,0xff,0x00,0x55,0xaa,0xff,0x00,
    0x55,0xaa,0xff,0x00,0x55,0xaa,0xff,0x3c,0x3c,0x4e,0x4d,0x53,0x47,0x3e,0x3e,0x00,
    0x00,0x52,0x36,0x30,0x30,0x30,0x0d,0x0a,0x2d,0x20,0x73,0x74,0x61,0x63,0x6b,0x20,
    0x6f,0x76,0x65,0x72,0x66,0x6c,0x6f,0x77,0x0d,0x0a,0x00,0x03,0x00,0x52,0x36,0x30,
    0x30,0x33,0x0d,0x0a,0x2d,0x20,0x69,0x6e,0x74,0x65,0x67,0x65,0x72,0x20,0x64,0x69,
    0x76,0x69,0x64,0x65,0x20,0x62,0x79,0x20,0x30,0x0d,0x0a,0x00,0x09,0x00,0x52,0x36,
    0x30,0x30,0x39,0x0d,0x0a,0x2d,0x20,0x6e,0x6f,0x74,0x20,0x65,0x6e,0x6f,0x75,0x67,
    0x68,0x20,0x73,0x70,0x61,0x63,0x65,0x20,0x66,0x6f,0x72,0x20,0x65,0x6e,0x76,0x69,
    0x72,0x6f,0x6e,0x6d,0x65,0x6e,0x74,0x0d,0x0a,0x00,0xfc,0x00,0x0d,0x0a,0x00,0xff,
    0x00,0x72,0x75,0x6e,0x2d,0x74,0x69,0x6d,0x65,0x20,0x65,0x72,0x72,0x6f,0x72,0x20,
    0x00,0x02,0x00,0x52,0x36,0x30,0x30,0x32,0x0d,0x0a,0x2d,0x20,0x66,0x6c,0x6f,0x61,
    0x74,0x69,0x6e,0x67,0x20,0x70,0x6f,0x69,0x6e,0x74,0x20,0x6e,0x6f,0x74,0x20,0x6c,
    0x6f,0x61,0x64,0x65,0x64,0x0d,0x0a,0x00,0x01,0x00,0x52,0x36,0x30,0x30,0x31,0x0d,
    0x0a,0x2d,0x20,0x6e,0x75,0x6c,0x6c,0x20,0x70,0x6f,0x69,0x6e,0x74,0x65,0x72,0x20,
    0x61,0x73,0x73,0x69,0x67,0x6e,0x6d,0x65,0x6e,0x74,0x0d,0x0a,0x00,0xff,0xff,0xff,
    0x00,0x00,0x00,0x00,0x00,0x00,0x00,0x00,0x00,0x00,0x00,0x00,0x00,0x00,0x00,0x00,
    0x00,0x00,0x00,0x00,0x00,0x00,0x00,0x00,0x00,0x00,0x00,0x00,0x00,0x00,0x00,0x00,
    0x00,0x00,0x00,0x00,0x00,0x00,0x00,0x00,0x00,0x00,0x00,0x00,0x00,0x00,0x00,0x00,
    0x00,0x00,0x00,0x00,0x00,0x00,0x00,0x00,0x00,0x00,0x00,0x00,0x00,0x00,0x00,0x00,
    0x00,0x00,0x00,0x00,0x00,0x00,0x00,0x00,0x00,0x00,0x00,0x00,0x00,0x00,0x00,0x00,
    0x00,0x00,0x00,0x00,0x00,0x00,0x00,0x00,0x00,0x00,0x00,0x00,0x00,0x00,0x00,0x00,
    0x00,0x00,0x00,0x00,0x00,0x00,0x00,0x00,0x00,0x00,0x00,0x00,0x00,0x00,0x00,0x00,
    0x00,0x00,0x00,0x00,0x00,0x00,0x00,0x00,0x00,0x00,0x00,0x00,0x00,0x00,0x00,0x00,
    0x00,0x00,0x00,0x00,0x00,0x00,0x00,0x00,0x00,0x00,0x00,0x00,0x00,0x00,0x00,0x00,
    0x00,0x00,0x00,0x00,0x00,0x00,0x00,0x00,0x00,0x00,0x00,0x00,0x00,0x00,0x00,0x00,
    0x00,0x00,0x00,0x00,0x00,0x00,0x00,0x00,0x00,0x00,0x00,0x00,0x00,0x00,0x00,0x00,
    0x00,0x00,0x00,0x00,0x00,0x00,0x00,0x00,0x00,0x00,0x00,0x00,0x00,0x00,0x00,0x00,
    0x00,0x00,0x00,0x00,0x00,0x00,0x00,0x00,0x00,0x00,0x00,0x00,0x00,0x00,0x00,0x00,
    0x00,0x00,0x00,0x00,0x00,0x00,0x00,0x00,0x00,0x00,0x00,0x00,0x00,0x00,0x00,0x00,
    0x00,0x00,0x00,0x00,0x00,0x00,0x00,0x00,0x00,0x00,0x00,0x00,0x00,0x00,0x00,0x00,
    0x00,0x00,0x00,0x00,0x00,0x00,0x00,0x00,0x00,0x00,0x00,0x00,0x00,0x00,0x00,0x00,
    0x00,0x00,0x00,0x00,0x00,0x00,0x00,0x00,0x00,0x00,0x00,0x00,0x00,0x00,0x00,0x00,
    0x00,0x00,0x00,0x00,0x00,0x00,0x00,0x00,0x00,0x00,0x00,0x00,0x00,0x00,0x00,0x00,
    0x00,0x00,0x00,0x00,0x00,0x00,0x00,0x00,0x00,0x00,0x00,0x00,0x00,0x00,0x00,0x00,
    0x00,0x00,0x00,0x00,0x00,0x00,0x00,0x00,0x00,0x00,0x00,0x00,0x00,0x00,0x00,0x00,
    0x00,0x00,0x00,0x00,0x00,0x00,0x00,0x00,0x00,0x00,0x00,0x00,0x00,0x00,0x00,0x00,
    0x00,0x00,0x00,0x00,0x00,0x00,0x00,0x00,0x00,0x00,0x00,0x00,0x00,0x00,0x00,0x00,
    0x00,0x00,0x00,0x00,0x00,0x00,0x00,0x00,0x00,0x00,0x00,0x00,0x00,0x00,0x00,0x00,
    0x00,0x00,0x00,0x00,0x00,0x00,0x00,0x00,0x00,0x00,0x00,0x00,0x00,0x00,0x00,0x00,
    0x00,0x00,0x00,0x00,0x00,0x00,0x00,0x00,0x00,0x00,0x00,0x00,0x00,0x00,0x00,0x00,
    0x00,0x00,0x00,0x00,0x00,0x00,0x00,0x00,0x00,0x00,0x00,0x00,0x00,0x00,0x00,0x00,
    0x00,0x00,0x00,0x00,0x00,0x00,0x00,0x00,0x00,0x00,0x00,0x00,0x00,0x00,0x00,0x00,
    0x00,0x00,0x00,0x00,0x00,0x00,0x00,0x00,0x00,0x00,0x00,0x00,0x00,0x00,0x00,0x00,
    0x00,0x00,0x00,0x00,0x00,0x00,0x00,0x00,0x00,0x00,0x00,0x00,0x00,0x00,0x00,0x00,
    0x00,0x00,0x00,0x00,0x00,0x00,0x00,0x00,0x00,0x00,0x00,0x00,0x00,0x00,0x00,0x00,
    0x00,0x00,0x00,0x00,0x00,0x00,0x00,0x00,0x00,0x00,0x00,0x00,0x00,0x00,0x00,0x00,
    0x00,0x00,0x00,0x00,0x00,0x00,0x00,0x00,0x00,0x00,0x00,0x00,0x00,0x00,0x00,0x00,
    0x00,0x00,0x00,0x00,0x00,0x00,0x00,0x00,0x00,0x00,0x00,0x00,0x00,0x00,0x00,0x00,
    0x00,0x00,0x00,0x00,0x00,0x00,0x00,0x00,0x00,0x00,0x00,0x00,0x00,0x00,0x00,0x00,
    0x00,0x00,0x00,0x00,0x00,0x00,0x00,0x00,0x00,0x00,0x00,0x00,0x00,0x00,0x00,0x00,
    0x00,0x00,0x00,0x00,0x00,0x00,0x00,0x00,0x00,0x00,0x00,0x00,0x00,0x00,0x00,0x00,
    0x00,0x00,0x00,0x00,0x00,0x00,0x00,0x00,0x00,0x00,0x00,0x00,0x00,0x00,0x00,0x00,
    0x00,0x00,0x00,0x00,0x00,0x00,0x00,0x00,0x00,0x00,0x00,0x00,0x00,0x00,0x00,0x00,
    0x00,0x00,0x00,0x00,0x00,0x00,0x00,0x00,0x00,0x00,0x00,0x00,0x00,0x00,0x00,0x00,
    0x00,0x00,0x00,0x00,0x00,0x00,0x00,0x00,0x00,0x00,0x00,0x00,0x00,0x00,0x00,0x00,
    0x00,0x00,0x00,0x00,0x00,0x00,0x00,0x00,0x00,0x00,0x00,0x00,0x00,0x00,0x00,0x00,
    0x00,0x00,0x00,0x00,0x00,0x00,0x00,0x00,0x00,0x00,0x00,0x00,0x00,0x00,0x00,0x00,
    0x00,0x00,0x00,0x00,0x00,0x00,0x00,0x00,0x00,0x00,0x00,0x00,0x00,0x00,0x00,0x00,
    0x00,0x00,0x00,0x00,0x00,0x00,0x00,0x00,0x00,0x00,0x00,0x00,0x00,0x00,0x00,0x00,
    0x00,0x00,0x00,0x00,0x00,0x00,0x00,0x00,0x00,0x00,0x00,0x00,0x00,0x00,0x00,0x00,
    0x00,0x00,0x00,0x00,0x00,0x00,0x00,0x00,0x00,0x00,0x00,0x00,0x00,0x00,0x00,0x00,
    0x00,0x00,0x00,0x00,0x00,0x00,0x00,0x00,0x00,0x00,0x00,0x00,0x00,0x00,0x00,0x00,
    0x00,0x00,0x00,0x00,0x00,0x00,0x00,0x00,0x00,0x00,0x00,0x00,0x00,0x00,0x00,0x00,
    0x00,0x00,0x00,0x00,0x00,0x00,0x00,0x00,0x00,0x00,0x00,0x00,0x00,0x00,0x00,0x00,
    0x00,0x00,0x00,0x00,0x00,0x00,0x00,0x00,0x00,0x00,0x00,0x00,0x00,0x00,0x00,0x00,
    0x00,0x00,0x00,0x00,0x00,0x00,0x00,0x00,0x00,0x00,0x00,0x00,0x00,0x00,0x00,0x00,
    0x00,0x00,0x00,0x00,0x00,0x00,0x00,0x00,0x00,0x00,0x00,0x00,0x00,0x00,0x00,0x00,
    0x00,0x00,0x00,0x00,0x00,0x00,0x00,0x00,0x00,0x00,0x00,0x00,0x00,0x00,0x00,0x00,
    0x00,0x00,0x00,0x00,0x00,0x00,0x00,0x00,0x00,0x00,0x00,0x00,0x00,0x00,0x00,0x00,
    0x00,0x00,0x00,0x00,0x00,0x00,0x00,0x00,0x00,0x00,0x00,0x00,0x00,0x00,0x00,0x00,
    0x00,0x00,0x00,0x00,0x00,0x00,0x00,0x00,0x00,0x00,0x00,0x00,0x00,0x00,0x00,0x00,
    0x00,0x00,0x00,0x00,0x00,0x00,0x00,0x00,0x00,0x00,0x00,0x00,0x00,0x00,0x00,0x00,
    0x00,0x00,0x00,0x00,0x00,0x00,0x00,0x00,0x00,0x00,0x00,0x00,0x00,0x00,0x00,0x00,
    0x00,0x00,0x00,0x00,0x00,0x00,0x00,0x00,0x00,0x00,0x00,0x00,0x00,0x00,0x00,0x00,
    0x00,0x00,0x00,0x00,0x00,0x00,0x00,0x00,0x00,0x00,0x00,0x00,0x00,0x00,0x00,0x00,
    0x00,0x00,0x00,0x00,0x00,0x00,0x00,0x00,0x00,0x00,0x00,0x00,0x00,0x00,0x00,0x00,
    0x00,0x00,0x00,0x00,0x00,0x00,0x00,0x00,0x00,0x00,0x00,0x00,0x00,0x00,0x00,0x00,
    0x00,0x00,0x00,0x00,0x00,0x00,0x00,0x00,0x00,0x00,0x00,0x00,0x00,0x00,0x00,0x00,
    0x00,0x00,0x00,0x00,0x00,0x00,0x00,0x00,0x00,0x00,0x00,0x00,0x00,0x00,0x00,0x00,
    0x00,0x00,0x00,0x00,0x00,0x00,0x00,0x00,0x00,0x00,0x00,0x00,0x00,0x00,0x00,0x00,
    0x00,0x00,0x00,0x00,0x00,0x00,0x00,0x00,0x00,0x00,0x00,0x00,0x00,0x00,0x00,0x00,
    0x00,0x00,0x00,0x00,0x00,0x00,0x00,0x00,0x00,0x00,0x00,0x00,0x00,0x00,0x00,0x00,
    0x00,0x00,0x00,0x00,0x00,0x00,0x00,0x00,0x00,0x00,0x00,0x00,0x00,0x00,0x00,0x00,
    0x00,0x00,0x00,0x00,0x00,0x00,0x00,0x00,0x00,0x00,0x00,0x00,0x00,0x00,0x00,0x00,
    0x00,0x00,0x00,0x00,0x00,0x00,0x00,0x00,0x00,0x00,0x00,0x00,0x00,0x00,0x00,0x00,
    0x00,0x00,0x00,0x00,0x00,0x00,0x00,0x00,0x00,0x00,0x00,0x00,0x00,0x00,0x00,0x00,
    0x00,0x00,0x00,0x00,0x00,0x00,0x00,0x00,0x00,0x00,0x00,0x00,0x00,0x00,0x00,0x00,
    0x00,0x00,0x00,0x00,0x00,0x00,0x00,0x00,0x00,0x00,0x00,0x00,0x00,0x00,0x00,0x00,
    0x00,0x00,0x00,0x00,0x00,0x00,0x00,0x00,0x00,0x00,0x00,0x00,0x00,0x00,0x00,0x00,
    0x00,0x00,0x00,0x00,0x00,0x00,0x00,0x00,0x00,0x00,0x00,0x00,0x00,0x00,0x00,0x00,
    0x00,0x00,0x00,0x00,0x00,0x00,0x00,0x00,0x00,0x00,0x00,0x00,0x00,0x00,0x00,0x00,
    0x00,0x00,0x00,0x00,0x00,0x00,0x00,0x00,0x00,0x00,0x00,0x00,0x00,0x00,0x00,0x00,
    0x00,0x00,0x00,0x00,0x00,0x00,0x00,0x00,0x00,0x00,0x00,0x00,0x00,0x00,0x00,0x00,
    0x00,0x00,0x00,0x00,0x00,0x00,0x00,0x00,0x00,0x00,0x00,0x00,0x00,0x00,0x00,0x00,
    0x00,0x00,0x00,0x00,0x00,0x00,0x00,0x00,0x00,0x00,0x00,0x00,0x00,0x00,0x00,0x00,
    0x00,0x00,0x00,0x00,0x00,0x00,0x00,0x00,0x00,0x00,0x00,0x00,0x00,0x00,0x00,0x00,
    0x00,0x00,0x00,0x00,0x00,0x00,0x00,0x00,0x00,0x00,0x00,0x00,0x00,0x00,0x00,0x00,
    0x00,0x00,0x00,0x00,0x00,0x00,0x00,0x00,0x00,0x00,0x00,0x00,0x00,0x00,0x00,0x00,
    0x00,0x00,0x00,0x00,0x00,0x00,0x00,0x00,0x00,0x00,0x00,0x00,0x00,0x00,0x00,0x00,
    0x00,0x00,0x00,0x00,0x00,0x00,0x00,0x00,0x00,0x00,0x00,0x00,0x00,0x00,0x00,0x00,
    0x00,0x00,0x00,0x00,0x00,0x00,0x00,0x00,0x00,0x00,0x00,0x00,0x00,0x00,0x00,0x00,
    0x00,0x00,0x00,0x00,0x00,0x00,0x00,0x00,0x00,0x00,0x00,0x00,0x00,0x00,0x00,0x00,
    0x00,0x00,0x00,0x00,0x00,0x00,0x00,0x00,0x00,0x00,0x00,0x00,0x00,0x00,0x00,0x00,
    0x00,0x00,0x00,0x00,0x00,0x00,0x00,0x00,0x00,0x00,0x00,0x00,0x00,0x00,0x00,0x00,
    0x00,0x00,0x00,0x00,0x00,0x00,0x00,0x00,0x00,0x00,0x00,0x00,0x00,0x00,0x00,0x00,
    0x00,0x00,0x00,0x00,0x00,0x00,0x00,0x00,0x00,0x00,0x00,0x00,0x00,0x00,0x00,0x00,
    0x00,0x00,0x00,0x00,0x00,0x00,0x00,0x00,0x00,0x00,0x00,0x00,0x00,0x00,0x00,0x00,
    0x00,0x00,0x00,0x00,0x00,0x00,0x00,0x00,0x00,0x00,0x00,0x00,0x00,0x00,0x00,0x00,
    0x00,0x00,0x00,0x00,0x00,0x00,0x00,0x00,0x00,0x00,0x00,0x00,0x00,0x00,0x00,0x00,
    0x00,0x00,0x00,0x00,0x00,0x00,0x00,0x00,0x00,0x00,0x00,0x00,0x00,0x00,0x00,0x00,
    0x00,0x00,0x00,0x00,0x00,0x00,0x00,0x00,0x00,0x00,0x00,0x00,0x00,0x00,0x00,0x00,
    0x00,0x00,0x00,0x00,0x00,0x00,0x00,0x00,0x00,0x00,0x00,0x00,0x00,0x00,0x00,0x00,
    0x00,0x00,0x00,0x00,0x00,0x00,0x00,0x00,0x00,0x00,0x00,0x00,0x00,0x00,0x00,0x00,
    0x00,0x00,0x00,0x00,0x00,0x00,0x00,0x00,0x00,0x00,0x00,0x00,0x00,0x00,0x00,0x00,
    0x00,0x00,0x00,0x00,0x00,0x00,0x00,0x00,0x00,0x00,0x00,0x00,0x00,0x00,0x00,0x00,
    0x00,0x00,0x00,0x00,0x00,0x00,0x00,0x00,0x00,0x00,0x00,0x00,0x00,0x00,0x00,0x00,
    0x00,0x00,0x00,0x00,0x00,0x00,0x00,0x00,0x00,0x00,0x00,0x00,0x00,0x00,0x00,0x00,
    0x00,0x00,0x00,0x00,0x00,0x00,0x00,0x00,0x00,0x00,0x00,0x00,0x00,0x00,0x00,0x00,
    0x00,0x00,0x00,0x00,0x00,0x00,0x00,0x00,0x00,0x00,0x00,0x00,0x00,0x00,0x00,0x00,
    0x00,0x00,0x00,0x00,0x00,0x00,0x00,0x00,0x00,0x00,0x00,0x00,0x00,0x00,0x00,0x00,
    0x00,0x00,0x00,0x00,0x00,0x00,0x00,0x00,0x00,0x00,0x00,0x00,0x00,0x00,0x00,0x00,
    0x00,0x00,0x00,0x00,0x00,0x00,0x00,0x00,0x00,0x00,0x00,0x00,0x00,0x00,0x00,0x00,
    0x00,0x00,0x00,0x00,0x00,0x00,0x00,0x00,0x00,0x00,0x00,0x00,0x00,0x00,0x00,0x00,
    0x00,0x00,0x00,0x00,0x00,0x00,0x00,0x00,0x00,0x00,0x00,0x00,0x00,0x00,0x00,0x00,
    0x00,0x00,0x00,0x00,0x00,0x00,0x00,0x00,0x00,0x00,0x00,0x00,0x00,0x00,0x00,0x00,
    0x00,0x00,0x00,0x00,0x00,0x00,0x00,0x00,0x00,0x00,0x00,0x00,0x00,0x00,0x00,0x00,
    0x00,0x00,0x00,0x00,0x00,0x00,0x00,0x00,0x00,0x00,0x00,0x00,0x00,0x00,0x00,0x00,
    0x00,0x00,0x00,0x00,0x00,0x00,0x00,0x00,0x00,0x00,0x00,0x00,0x00,0x00,0x00,0x00,
    0x00,0x00,0x00,0x00,0x00,0x00,0x00,0x00,0x00,0x00,0x00,0x00,0x00,0x00,0x00,0x00,
    0x00,0x00,0x00,0x00,0x00,0x00,0x00,0x00,0x00,0x00,0x00,0x00,0x00,0x00,0x00,0x00,
    0x00,0x00,0x00,0x00,0x00,0x00,0x00,0x00,0x00,0x00,0x00,0x00,0x00,0x00,0x00,0x00,
    0x00,0x00,0x00,0x00,0x00,0x00,0x00,0x00,0x00,0x00,0x00,0x00,0x00,0x00,0x00,0x00,
    0x00,0x00,0x00,0x00,0x00,0x00,0x00,0x00,0x00,0x00,0x00,0x00,0x00,0x00,0x00,0x00,
    0x00,0x00,0x00,0x00,0x00,0x00,0x00,0x00,0x00,0x00,0x00,0x00,0x00,0x00,0x00,0x00,
    0x00,0x00,0x00,0x00,0x00,0x00,0x00,0x00,0x00,0x00,0x00,0x00,0x00,0x00,0x00,0x00,
    0x00,0x00,0x00,0x00,0x00,0x00,0x00,0x00,0x00,0x00,0x00,0x00,0x00,0x00,0x00,0x00,
    0x00,0x00,0x00,0x00,0x00,0x00,0x00,0x00,0x00,0x00,0x00,0x00,0x00,0x00,0x00,0x00,
    0x00,0x00,0x00,0x00,0x00,0x00,0x00,0x00,0x00,0x00,0x00,0x00,0x00,0x00,0x00,0x00,
    0x00,0x00,0x00,0x00,0x00,0x00,0x00,0x00,0x00,0x00,0x00,0x00,0x00,0x00,0x00,0x00,
    0x00,0x00,0x00,0x00,0x00,0x00,0x00,0x00,0x00,0x00,0x00,0x00,0x00,0x00,0x00,0x00,
    0x00,0x00,0x00,0x00,0x00,0x00,0x00,0x00,0x00,0x00,0x00,0x00,0x00,0x00,0x00,0x00,
    0x00,0x00,0x00,0x00,0x00,0x00,0x00,0x00,0x00,0x00,0x00,0x00,0x00,0x00,0x00,0x00,
    0x00,0x00,0x00,0x00,0x00,0x00,0x00,0x00,0x00,0x00,0x00,0x00,0x00,0x00,0x00,0x00,
    0x00,0x00,0x00,0x00,0x00,0x00,0x00,0x00,0x00,0x00,0x00,0x00,0x00,0x00,0x00,0x00,
    0x00,0x00,0x00,0x00,0x00,0x00,0x00,0x00,0x00,0x00,0x00,0x00,0x00,0x00,0x00,0x00,
    0x00,0x00,0x00,0x00,0x00,0x00,0x00,0x00,0x00,0x00,0x00,0x00,0x00,0x00,0x00,0x00,
    0x00,0x00,0x00,0x00,0x00,0x00,0x00,0x00,0x00,0x00,0x00,0x00,0x00,0x00,0x00,0x00,
    0x00,0x00,0x00,0x00,0x00,0x00,0x00,0x00,0x00,0x00,0x00,0x00,0x00,0x00,0x00,0x00,
    0x00,0x00,0x00,0x00,0x00,0x00,0x00,0x00,0x00,0x00,0x00,0x00,0x00,0x00,0x00,0x00,
    0x00,0x00,0x00,0x00,0x00,0x00,0x00,0x00,0x00,0x00,0x00,0x00,0x00,0x00,0x00,0x00,
    0x00,0x00,0x00,0x00,0x00,0x00,0x00,0x00,0x00,0x00,0x00,0x00,0x00,0x00,0x00,0x00,
    0x00,0x00,0x00,0x00,0x00,0x00,0x00,0x00,0x00,0x00,0x00,0x00,0x00,0x00,0x00,0x00,
    0x00,0x00,0x00,0x00,0x00,0x00,0x00,0x00,0x00,0x00,0x00,0x00,0x00,0x00,0x00,0x00,
    0x00,0x00,0x00,0x00,0x00,0x00,0x00,0x00,0x00,0x00,0x00,0x00,0x00,0x00,0x00,0x00,
    0x00,0x00,0x00,0x00,0x00,0x00,0x00,0x00,0x00,0x00,0x00,0x00,0x00,0x00,0x00,0x00,
    0x00,0x00,0x00,0x00,0x00,0x00,0x00,0x00,0x00,0x00,0x00,0x00,0x00,0x00,0x00,0x00,
    0x00,0x00,0x00,0x00,0x00,0x00,0x00,0x00,0x00,0x00,0x00,0x00,0x00,0x00,0x00,0x00,
    0x00,0x00,0x00,0x00,0x00,0x00,0x00,0x00,0x00,0x00,0x00,0x00,0x00,0x00,0x00,0x00,
    0x00,0x00,0x00,0x00,0x00,0x00,0x00,0x00,0x00,0x00,0x00,0x00,0x00,0x00,0x00,0x00,
    0x00,0x00,0x00,0x00,0x00,0x00,0x00,0x00,0x00,0x00,0x00,0x00,0x00,0x00,0x00,0x00,
    0x00,0x00,0x00,0x00,0x00,0x00,0x00,0x00,0x00,0x00,0x00,0x00,0x00,0x00,0x00,0x00,
    0x00,0x00,0x00,0x00,0x00,0x00,0x00,0x00,0x00,0x00,0x00,0x00,0x00,0x00,0x00,0x00,
    0x00,0x00,0x00,0x00,0x00,0x00,0x00,0x00,0x00,0x00,0x00,0x00,0x00,0x00,0x00,0x00,
    0x00,0x00,0x00,0x00,0x00,0x00,0x00,0x00,0x00,0x00,0x00,0x00,0x00,0x00,0x00,0x00,
    0x00,0x00,0x00,0x00,0x00,0x00,0x00,0x00,0x00,0x00,0x00,0x00,0x00,0x00,0x00,0x00,
    0x00,0x00,0x00,0x00,0x00,0x00,0x00,0x00,0x00,0x00,0x00,0x00,0x00,0x00,0x00,0x00,
    0x00,0x00,0x00,0x00,0x00,0x00,0x00,0x00,0x00,0x00,0x00,0x00,0x00,0x00,0x00,0x00,
    0x00,0x00,0x00,0x00,0x00,0x00,0x00,0x00,0x00,0x00,0x00,0x00,0x00,0x00,0x00,0x00,
    0x00,0x00,0x00,0x00,0x00,0x00,0x00,0x00,0x00,0x00,0x00,0x00,0x00,0x00,0x00,0x00,
    0x00,0x00,0x00,0x00,0x00,0x00,0x00,0x00,0x00,0x00,0x00,0x00,0x00,0x00,0x00,0x00,
    0x00,0x00,0x00,0x00,0x00,0x00,0x00,0x00,0x00,0x00,0x00,0x00,0x00,0x00,0x00,0x00,
    0x00,0x00,0x00,0x00,0x00,0x00,0x00,0x00,0x00,0x00,0x00,0x00,0x00,0x00,0x00,0x00,
    0x00,0x00,0x00,0x00,0x00,0x00,0x00,0x00,0x00,0x00,0x00,0x00,0x00,0x00,0x00,0x00,
    0x00,0x00,0x00,0x00,0x00,0x00,0x00,0x00,0x00,0x00,0x00,0x00,0x00,0x00,0x00,0x00,
    0x00,0x00,0x00,0x00,0x00,0x00,0x00,0x00,0x00,0x00,0x00,0x00,0x00,0x00,0x00,0x00,
    0x00,0x00,0x00,0x00,0x00,0x00,0x00,0x00,0x00,0x00,0x00,0x00,0x00,0x00,0x00,0x00,
    0x00,0x00,0x00,0x00,0x00,0x00,0x00,0x00,0x00,0x00,0x00,0x00,0x00,0x00,0x00,0x00,
    0x00,0x00,0x00,0x00,0x00,0x00,0x00,0x00,0x00,0x00,0x00,0x00,0x00,0x00,0x00,0x00,
    0x00,0x00,0x00,0x00,0x00,0x00,0x00,0x00,0x00,0x00,0x00,0x00,0x00,0x00,0x00,0x00,
    0x00,0x00,0x00,0x00,0x00,0x00,0x00,0x00,0x00,0x00,0x00,0x00,0x00,0x00,0x00,0x00,
    0x00,0x00,0x00,0x00,0x00,0x00,0x00,0x00,0x00,0x00,0x00,0x00,0x00,0x00,0x00,0x00,
    0x00,0x00,0x00,0x00,0x00,0x00,0x00,0x00,0x00,0x00,0x00,0x00,0x00,0x00,0x00,0x00,
    0x00,0x00,0x00,0x00,0x00,0x00,0x00,0x00,0x00,0x00,0x00,0x00,0x00,0x00,0x00,0x00,
    0x00,0x00,0x00,0x00,0x00,0x00,0x00,0x00,0x00,0x00,0x00,0x00,0x00,0x00,0x00,0x00,
    0x00,0x00,0x00,0x00,0x00,0x00,0x00,0x00,0x00,0x00,0x00,0x00,0x00,0x00,0x00,0x00,
    0x00,0x00,0x00,0x00,0x00,0x00,0x00,0x00,0x00,0x00,0x00,0x00,0x00,0x00,0x00,0x00,
    0x00,0x00,0x00,0x00,0x00,0x00,0x00,0x00,0x00,0x00,0x00,0x00,0x00,0x00,0x00,0x00,
    0x00,0x00,0x00,0x00,0x00,0x00,0x00,0x00,0x00,0x00,0x00,0x00,0x00,0x00,0x00,0x00,
    0x00,0x00,0x00,0x00,0x00,0x00,0x00,0x00,0x00,0x00,0x00,0x00,0x00,0x00,0x00,0x00,
    0x00,0x00,0x00,0x00,0x00,0x00,0x00,0x00,0x00,0x00,0x00,0x00,0x00,0x00,0x00,0x00,
    0x00,0x00,0x00,0x00,0x00,0x00,0x00,0x00,0x00,0x00,0x00,0x00,0x00,0x00,0x00,0x00,
    0x00,0x00,0x00,0x00,0x00,0x00,0x00,0x00,0x00,0x00,0x00,0x00,0x00,0x00,0x00,0x00,
    0x00,0x00,0x00,0x00,0x00,0x00,0x00,0x00,0x00,0x00,0x00,0x00,0x00,0x00,0x00,0x00,
    0x00,0x00,0x00,0x00,0x00,0x00,0x00,0x00,0x00,0x00,0x00,0x00,0x00,0x00,0x00,0x00,
    0x00,0x00,0x00,0x00,0x00,0x00,0x00,0x00,0x00,0x00,0x00,0x00,0x00,0x00,0x00,0x00,
    0x00,0x00,0x00,0x00,0x00,0x00,0x00,0x00,0x00,0x00,0x00,0x00,0x00,0x00,0x00,0x00,
    0x00,0x00,0x00,0x00,0x00,0x00,0x00,0x00,0x00,0x00,0x00,0x00,0x00,0x00,0x00,0x00,
    0x00,0x00,0x00,0x00,0x00,0x00,0x00,0x00,0x00,0x00,0x00,0x00,0x00,0x00,0x00,0x00,
    0x00,0x00,0x00,0x00,0x00,0x00,0x00,0x00,0x00,0x00,0x00,0x00,0x00,0x00,0x00,0x00,
    0x00,0x00,0x00,0x00,0x00,0x00,0x00,0x00,0x00,0x00,0x00,0x00,0x00,0x00,0x00,0x00,
    0x00,0x00,0x00,0x00,0x00,0x00,0x00,0x00,0x00,0x00,0x00,0x00,0x00,0x00,0x00,0x00,
    0x00,0x00,0x00,0x00,0x00,0x00,0x00,0x00,0x00,0x00,0x00,0x00,0x00,0x00,0x00,0x00,
    0x00,0x00,0x00,0x00,0x00,0x00,0x00,0x00,0x00,0x00,0x00,0x00,0x00,0x00,0x00,0x00,
    0x00,0x00,0x00,0x00,0x00,0x00,0x00,0x00,0x00,0x00,0x00,0x00,0x00,0x00,0x00,0x00,
    0x00,0x00,0x00,0x00,0x00,0x00,0x00,0x00,0x00,0x00,0x00,0x00,0x00,0x00,0x00,0x00,
    0x00,0x00,0x00,0x00,0x00,0x00,0x00,0x00,0x00,0x00,0x00,0x00,0x00,0x00,0x00,0x00,
    0x00,0x00,0x00,0x00,0x00,0x00,0x00,0x00,0x00,0x00,0x00,0x00,0x00,0x00,0x00,0x00,
    0x00,0x00,0x00,0x00,0x00,0x00,0x00,0x00,0x00,0x00,0x00,0x00,0x00,0x00,0x00,0x00,
    0x00,0x00,0x00,0x00,0x00,0x00,0x00,0x00,0x00,0x00,0x00,0x00,0x00,0x00,0x00,0x00,
    0x00,0x00,0x00,0x00,0x00,0x00,0x00,0x00,0x00,0x00,0x00,0x00,0x00,0x00,0x00,0x00,
    0x00,0x00,0x00,0x00,0x00,0x00,0x00,0x00,0x00,0x00,0x00,0x00,0x00,0x00,0x00,0x00,
    0x00,0x00,0x00,0x00,0x00,0x00,0x00,0x00,0x00,0x00,0x00,0x00,0x00,0x00,0x00,0x00,
    0x00,0x00,0x00,0x00,0x00,0x00,0x00,0x00,0x00,0x00,0x00,0x00,0x00,0x00,0x00,0x00,
    0x00,0x00,0x00,0x00,0x00,0x00,0x00,0x00,0x00,0x00,0x00,0x00,0x00,0x00,0x00,0x00,
    0x00,0x00,0x00,0x00,0x00,0x00,0x00,0x00,0x00,0x00,0x00,0x00,0x00,0x00,0x00,0x00,
    0x00,0x00,0x00,0x00,0x00,0x00,0x00,0x00,0x00,0x00,0x00,0x00,0x00,0x00,0x00,0x00,
    0x00,0x00,0x00,0x00,0x00,0x00,0x00,0x00,0x00,0x00,0x00,0x00,0x00,0x00,0x00,0x00,
    0x00,0x00,0x00,0x00,0x00,0x00,0x00,0x00,0x00,0x00,0x00,0x00,0x00,0x00,0x00,0x00,
    0x00,0x00,0x00,0x00,0x00,0x00,0x00,0x00,0x00,0x00,0x00,0x00,0x00,0x00,0x00,0x00,
    0x00,0x00,0x00,0x00,0x00,0x00,0x00,0x00,0x00,0x00,0x00,0x00,0x00,0x00,0x00,0x00,
    0x00,0x00,0x00,0x00,0x00,0x00,0x00,0x00,0x00,0x00,0x00,0x00,0x00,0x00,0x00,0x00,
    0x00,0x00,0x00,0x00,0x00,0x00,0x00,0x00,0x00,0x00,0x00,0x00,0x00,0x00,0x00,0x00,
    0x00,0x00,0x00,0x00,0x00,0x00,0x00,0x00,0x00,0x00,0x00,0x00,0x00,0x00,0x00,0x00,
    0x00,0x00,0x00,0x00,0x00,0x00,0x00,0x00,0x00,0x00,0x00,0x00,0x00,0x00,0x00,0x00,
    0x00,0x00,0x00,0x00,0x00,0x00,0x00,0x00,0x00,0x00,0x00,0x00,0x00,0x00,0x00,0x00,
    0x00,0x00,0x00,0x00,0x00,0x00,0x00,0x00,0x00,0x00,0x00,0x00,0x00,0x00,0x00,0x00,
    0x00,0x00,0x00,0x00,0x00,0x00,0x00,0x00,0x00,0x00,0x00,0x00,0x00,0x00,0x00,0x00,
    0x00,0x00,0x00,0x00,0x00,0x00,0x00,0x00,0x00,0x00,0x00,0x00,0x00,0x00,0x00,0x00,
    0x00,0x00,0x00,0x00,0x00,0x00,0x00,0x00,0x00,0x00,0x00,0x00,0x00,0x00,0x00,0x00,
    0x00,0x00,0x00,0x00,0x00,0x00,0x00,0x00,0x00,0x00,0x00,0x00,0x00,0x00,0x00,0x00,
    0x00,0x00,0x00,0x00,0x00,0x00,0x00,0x00,0x00,0x00,0x00,0x00,0x00,0x00,0x00,0x00,
    0x00,0x00,0x00,0x00,0x00,0x00,0x00,0x00,0x00,0x00,0x00,0x00,0x00,0x00,0x00,0x00,
    0x00,0x00,0x00,0x00,0x00,0x00,0x00,0x00,0x00,0x00,0x00,0x00,0x00,0x00,0x00,0x00,
    0x00,0x00,0x00,0x00,0x00,0x00,0x00,0x00,0x00,0x00,0x00,0x00,0x00,0x00,0x00,0x00,
    0x00,0x00,0x00,0x00,0x00,0x00,0x00,0x00,0x00,0x00,0x00,0x00,0x00,0x00,0x00,0x00,
    0x00,0x00,0x00,0x00,0x00,0x00,0x00,0x00,0x00,0x00,0x00,0x00,0x00,0x00,0x00,0x00,
    0x00,0x00,0x00,0x00,0x00,0x00,0x00,0x00,0x00,0x00,0x00,0x00,0x00,0x00,0x00,0x00,
    0x00,0x00,0x00,0x00,0x00,0x00,0x00,0x00,0x00,0x00,0x00,0x00,0x00,0x00,0x00,0x00,
    0x00,0x00,0x00,0x00,0x00,0x00,0x00,0x00,0x00,0x00,0x00,0x00,0x00,0x00,0x00,0x00,
    0x00,0x00,0x00,0x00,0x00,0x00,0x00,0x00,0x00,0x00,0x00,0x00,0x00,0x00,0x00,0x00,
    0x00,0x00,0x00,0x00,0x00,0x00,0x00,0x00,0x00,0x00,0x00,0x00,0x00,0x00,0x00,0x00,
    0x00,0x00,0x00,0x00,0x00,0x00,0x00,0x00,0x00,0x00,0x00,0x00,0x00,0x00,0x00,0x00,
    0x00,0x00,0x00,0x00,0x00,0x00,0x00,0x00,0x00,0x00,0x00,0x00,0x00,0x00,0x00,0x00,
    0x00,0x00,0x00,0x00,0x00,0x00,0x00,0x00,0x00,0x00,0x00,0x00,0x00,0x00,0x00,0x00,
    0x00,0x00,0x00,0x00,0x00,0x00,0x00,0x00,0x00,0x00,0x00,0x00,0x00,0x00,0x00,0x00,
    0x00,0x00,0x00,0x00,0x00,0x00,0x00,0x00,0x00,0x00,0x00,0x00,0x00,0x00,0x00,0x00,
    0x00,0x00,0x00,0x00,0x00,0x00,0x00,0x00,0x00,0x00,0x00,0x00,0x00,0x00,0x00,0x00,
    0x00,0x00,0x00,0x00,0x00,0x00,0x00,0x00,0x00,0x00,0x00,0x00,0x00,0x00,0x00,0x00,
    0x00,0x00,0x00,0x00,0x00,0x00,0x00,0x00,0x00,0x00,0x00,0x00,0x00,0x00,0x00,0x00,
    0x00,0x00,0x00,0x00,0x00,0x00,0x00,0x00,0x00,0x00,0x00,0x00,0x00,0x00,0x00,0x00,
    0x00,0x00,0x00,0x00,0x00,0x00,0x00,0x00,0x00,0x00,0x00,0x00,0x00,0x00,0x00,0x00,
    0x00,0x00,0x00,0x00,0x00,0x00,0x00,0x00,0x00,0x00,0x00,0x00,0x00,0x00,0x00,0x00,
    0x00,0x00,0x00,0x00,0x00,0x00,0x00,0x00,0x00,0x00,0x00,0x00,0x00,0x00,0x00,0x00,
    0x00,0x00,0x00,0x00,0x00,0x00,0x00,0x00,0x00,0x00,0x00,0x00,0x00,0x00,0x00,0x00,
    0x00,0x00,0x00,0x00,0x00,0x00,0x00,0x00,0x00,0x00,0x00,0x00,0x00,0x00,0x00,0x00,
    0x00,0x00,0x00,0x00,0x00,0x00,0x00,0x00,0x00,0x00,0x00,0x00,0x00,0x00,0x00,0x00,
    0x00,0x00,0x00,0x00,0x00,0x00,0x00,0x00,0x00,0x00,0x00,0x00,0x00,0x00,0x00,0x00,
    0x00,0x00,0x00,0x00,0x00,0x00,0x00,0x00,0x00,0x00,0x00,0x00,0x00,0x00,0x00,0x00,
    0x00,0x00,0x00,0x00,0x00,0x00,0x00,0x00,0x00,0x00,0x00,0x00,0x00,0x00,0x00,0x00,
    0x00,0x00,0x00,0x00,0x00,0x00,0x00,0x00,0x00,0x00,0x00,0x00,0x00,0x00,0x00,0x00,
    0x00,0x00,0x00,0x00,0x00,0x00,0x00,0x00,0x00,0x00,0x00,0x00,0x00,0x00,0x00,0x00,
    0x00,0x00,0x00,0x00,0x00,0x00,0x00,0x00,0x00,0x00,0x00,0x00,0x00,0x00,0x00,0x00,
    0x00,0x00,0x00,0x00,0x00,0x00,0x00,0x00,0x00,0x00,0x00,0x00,0x00,0x00,0x00,0x00,
    0x00,0x00,0x00,0x00,0x00,0x00,0x00,0x00,0x00,0x00,0x00,0x00,0x00,0x00,0x00,0x00,
    0x00,0x00,0x00,0x00,0x00,0x00,0x00,0x00,0x00,0x00,0x00,0x00,0x00,0x00,0x00,0x00,
    0x00,0x00,0x00,0x00,0x00,0x00,0x00,0x00,0x00,0x00,0x00,0x00,0x00,0x00,0x00,0x00,
    0x00,0x00,0x00,0x00,0x00,0x00,0x00,0x00,0x00,0x00,0x00,0x00,0x00,0x00,0x00,0x00,
    0x00,0x00,0x00,0x00,0x00,0x00,0x00,0x00,0x00,0x00,0x00,0x00,0x00,0x00,0x00,0x00,
    0x00,0x00,0x00,0x00,0x00,0x00,0x00,0x00,0x00,0x00,0x00,0x00,0x00,0x00,0x00,0x00,
    0x00,0x00,0x00,0x00,0x00,0x00,0x00,0x00,0x00,0x00,0x00,0x00,0x00,0x00,0x00,0x00,
    0x00,0x00,0x00,0x00,0x00,0x00,0x00,0x00,0x00,0x00,0x00,0x00,0x00,0x00,0x00,0x00,
    0x00,0x00,0x00,0x00,0x00,0x00,0x00,0x00,0x00,0x00,0x00,0x00,0x00,0x00,0x00,0x00,
    0x00,0x00,0x00,0x00,0x00,0x00,0x00,0x00,0x00,0x00,0x00,0x00,0x00,0x00,0x00,0x00,
    0x00,0x00,0x00,0x00,0x00,0x00,0x00,0x00,0x00,0x00,0x00,0x00,0x00,0x00,0x00,0x00,
    0x00,0x00,0x00,0x00,0x00,0x00,0x00,0x00,0x00,0x00,0x00,0x00,0x00,0x00,0x00,0x00,
    0x00,0x00,0x00,0x00,0x00,0x00,0x00,0x00,0x00,0x00,0x00,0x00,0x00,0x00,0x00,0x00,
    0x00,0x00,0x00,0x00,0x00,0x00,0x00,0x00,0x00,0x00,0x00,0x00,0x00,0x00,0x00,0x00,
    0x00,0x00,0x00,0x00,0x00,0x00,0x00,0x00,0x00,0x00,0x00,0x00,0x00,0x00,0x00,0x00,
    0x00,0x00,0x00,0x00,0x00,0x00,0x00,0x00,0x00,0x00,0x00,0x00,0x00,0x00,0x00,0x00,
    0x00,0x00,0x00,0x00,0x00,0x00,0x00,0x00,0x00,0x00,0x00,0x00,0x00,0x00,0x00,0x00,
    0x00,0x00,0x00,0x00,0x00,0x00,0x00,0x00,0x00,0x00,0x00,0x00,0x00,0x00,0x00,0x00,
    0x00,0x00,0x00,0x00,0x00,0x00,0x00,0x00,0x00,0x00,0x00,0x00,0x00,0x00,0x00,0x00,
    0x00,0x00,0x00,0x00,0x00,0x00,0x00,0x00,0x00,0x00,0x00,0x00,0x00,0x00,0x00,0x00,
    0x00,0x00,0x00,0x00,0x00,0x00,0x00,0x00,0x00,0x00,0x00,0x00,0x00,0x00,0x00,0x00,
    0x00,0x00,0x00,0x00,0x00,0x00,0x00,0x00,0x00,0x00,0x00,0x00,0x00,0x00,0x00,0x00,
    0x00,0x00,0x00,0x00,0x00,0x00,0x00,0x00,0x00,0x00,0x00,0x00,0x00,0x00,0x00,0x00,
    0x00,0x00,0x00,0x00,0x00,0x00,0x00,0x00,0x00,0x00,0x00,0x00,0x00,0x00,0x00,0x00,
    0x00,0x00,0x00,0x00,0x00,0x00,0x00,0x00,0x00,0x00,0x00,0x00,0x00,0x00,0x00,0x00,
    0x00,0x00,0x00,0x00,0x00,0x00,0x00,0x00,0x00,0x00,0x00,0x00,0x00,0x00,0x00,0x00,
    0x00,0x00,0x00,0x00,0x00,0x00,0x00,0x00,0x00,0x00,0x00,0x00,0x00,0x00,0x00,0x00,
    0x00,0x00,0x00,0x00,0x00,0x00,0x00,0x00,0x00,0x00,0x00,0x00,0x00,0x00,0x00,0x00,
    0x00,0x00,0x00,0x00,0x00,0x00,0x00,0x00,0x00,0x00,0x00,0x00,0x00,0x00,0x00,0x00,
    0x00,0x00,0x00,0x00,0x00,0x00,0x00,0x00,0x00,0x00,0x00,0x00,0x00,0x00,0x00,0x00,
    0x00,0x00,0x00,0x00,0x00,0x00,0x00,0x00,0x00,0x00,0x00,0x00,0x00,0x00,0x00,0x00,
    0x00,0x00,0x00,0x00,0x00,0x00,0x00,0x00,0x00,0x00,0x00,0x00,0x00,0x00,0x00,0x00,
    0x00,0x00,0x00,0x00,0x00,0x00,0x00,0x00,0x00,0x00,0x00,0x00,0x00,0x00,0x00,0x00,
    0x00,0x00,0x00,0x00,0x00,0x00,0x00,0x00,0x00,0x00,0x00,0x00,0x00,0x00,0x00,0x00,
    0x00,0x00,0x00,0x00,0x00,0x00,0x00,0x00,0x00,0x00,0x00,0x00,0x00,0x00,0x00,0x00,
    0x00,0x00,0x00,0x00,0x00,0x00,0x00,0x00,0x00,0x00,0x00,0x00,0x00,0x00,0x00,0x00,
    0x00,0x00,0x00,0x00,0x00,0x00,0x00,0x00,0x00,0x00,0x00,0x00,0x00,0x00,0x00,0x00,
    0x00,0x00,0x00,0x00,0x00,0x00,0x00,0x00,0x00,0x00,0x00,0x00,0x00,0x00,0x00,0x00,
    0x00,0x00,0x00,0x00,0x00,0x00,0x00,0x00,0x00,0x00,0x00,0x00,0x00,0x00,0x00,0x00,
    0x00,0x00,0x00,0x00,0x00,0x00,0x00,0x00,0x00,0x00,0x00,0x00,0x00,0x00,0x00,0x00,
    0x00,0x00,0x00,0x00,0x00,0x00,0x00,0x00,0x00,0x00,0x00,0x00,0x00,0x00,0x00,0x00,
    0x00,0x00,0x00,0x00,0x00,0x00,0x00,0x00,0x00,0x00,0x00,0x00,0x00,0x00,0x00,0x00,
    0x00,0x00,0x00,0x00,0x00,0x00,0x00,0x00,0x00,0x00,0x00,0x00,0x00,0x00,0x00,0x00,
    0x00,0x00,0x00,0x00,0x00,0x00,0x00,0x00,0x00,0x00,0x00,0x00,0x00,0x00,0x00,0x00,
    0x00,0x00,0x00,0x00,0x00,0x00,0x00,0x00,0x00,0x00,0x00,0x00,0x00,0x00,0x00,0x00,
    0x00,0x00,0x00,0x00,0x00,0x00,0x00,0x00,0x00,0x00,0x00,0x00,0x00,0x00,0x00,0x00,
    0x00,0x00,0x00,0x00,0x00,0x00,0x00,0x00,0x00,0x00,0x00,0x00,0x00,0x00,0x00,0x00,
    0x00,0x00,0x00,0x00,0x00,0x00,0x00,0x00,0x00,0x00,0x00,0x00,0x00,0x00,0x00,0x00,
    0x00,0x00,0x00,0x00,0x00,0x00,0x00,0x00,0x00,0x00,0x00,0x00,0x00,0x00,0x00,0x00,
    0x00,0x00,0x00,0x00,0x00,0x00,0x00,0x00,0x00,0x00,0x00,0x00,0x00,0x00,0x00,0x00,
    0x00,0x00,0x00,0x00,0x00,0x00,0x00,0x00,0x00,0x00,0x00,0x00,0x00,0x00,0x00,0x00,
    0x00,0x00,0x00,0x00,0x00,0x00,0x00,0x00,0x00,0x00,0x00,0x00,0x00,0x00,0x00,0x00,
    0x00,0x00,0x00,0x00,0x00,0x00,0x00,0x00,0x00,0x00,0x00,0x00,0x00,0x00,0x00,0x00,
    0x00,0x00,0x00,0x00,0x00,0x00,0x00,0x00,0x00,0x00,0x00,0x00,0x00,0x00,0x00,0x00,
    0x00,0x00,0x00,0x00,0x00,0x00,0x00,0x00,0x00,0x00,0x00,0x00,0x00,0x00,0x00,0x00,
    0x00,0x00,0x00,0x00,0x00,0x00,0x00,0x00,0x00,0x00,0x00,0x00,0x00,0x00,0x00,0x00,
    0x00,0x00,0x00,0x00,0x00,0x00,0x00,0x00,0x00,0x00,0x00,0x00,0x00,0x00,0x00,0x00,
    0x00,0x00,0x00,0x00,0x00,0x00,0x00,0x00,0x00,0x00,0x00,0x00,0x00,0x00,0x00,0x00,
    0x00,0x00,0x00,0x00,0x00,0x00,0x00,0x00,0x00,0x00,0x00,0x00,0x00,0x00,0x00,0x00,
    0x00,0x00,0x00,0x00,0x00,0x00,0x00,0x00,0x00,0x00,0x00,0x00,0x00,0x00,0x00,0x00,
    0x00,0x00,0x00,0x00,0x00,0x00,0x00,0x00,0x00,0x00,0x00,0x00,0x00,0x00,0x00,0x00,
    0x00,0x00,0x00,0x00,0x00,0x00,0x00,0x00,0x00,0x00,0x00,0x00,0x00,0x00,0x00,0x00,
    0x00,0x00,0x00,0x00,0x00,0x00,0x00,0x00,0x00,0x00,0x00,0x00,0x00,0x00,0x00,0x00,
    0x00,0x00,0x00,0x00,0x00,0x00,0x00,0x00,0x00,0x00,0x00,0x00,0x00,0x00,0x00,0x00,
    0x00,0x00,0x00,0x00,0x00,0x00,0x00,0x00,0x00,0x00,0x00,0x00,0x00,0x00,0x00,0x00,
    0x00,0x00,0x00,0x00,0x00,0x00,0x00,0x00,0x00,0x00,0x00,0x00,0x00,0x00,0x00,0x00,
    0x00,0x00,0x00,0x00,0x00,0x00,0x00,0x00,0x00,0x00,0x00,0x00,0x00,0x00,0x00,0x00,
    0x00,0x00,0x00,0x00,0x00,0x00,0x00,0x00,0x00,0x00,0x00,0x00,0x00,0x00,0x00,0x00,
    0x00,0x00,0x00,0x00,0x00,0x00,0x00,0x00,0x00,0x00,0x00,0x00,0x00,0x00,0x00,0x00,
    0x00,0x00,0x00,0x00,0x00,0x00,0x00,0x00,0x00,0x00,0x00,0x00,0x00,0x00,0x00,0x00,
    0x00,0x00,0x00,0x00,0x00,0x00,0x00,0x00,0x00,0x00,0x00,0x00,0x00,0x00,0x00,0x00,
    0x00,0x00,0x00,0x00,0x00,0x00,0x00,0x00,0x00,0x00,0x00,0x00,0x00,0x00,0x00,0x00,
    0x00,0x00,0x00,0x00,0x00,0x00,0x00,0x00,0x00,0x00,0x00,0x00,0x00,0x00,0x00,0x00,
    0x00,0x00,0x00,0x00,0x00,0x00,0x00,0x00,0x00,0x00,0x00,0x00,0x00,0x00,0x00,0x00,
    0x00,0x00,0x00,0x00,0x00,0x00,0x00,0x00,0x00,0x00,0x00,0x00,0x00,0x00,0x00,0x00,
    0x00,0x00,0x00,0x00,0x00,0x00,0x00,0x00,0x00,0x00,0x00,0x00,0x00,0x00,0x00,0x00,
    0x00,0x00,0x00,0x00,0x00,0x00,0x00,0x00,0x00,0x00,0x00,0x00,0x00,0x00,0x00,0x00,
    0x00,0x00,0x00,0x00,0x00,0x00,0x00,0x00,0x00,0x00,0x00,0x00,0x00,0x00,0x00,0x00,
    0x00,0x00,0x00,0x00,0x00,0x00,0x00,0x00,0x00,0x00,0x00,0x00,0x00,0x00,0x00,0x00,
    0x00,0x00,0x00,0x00,0x00,0x00,0x00,0x00,0x00,0x00,0x00,0x00,0x00,0x00,0x00,0x00,
    0x00,0x00,0x00,0x00,0x00,0x00,0x00,0x00,0x00,0x00,0x00,0x00,0x00,0x00,0x00,0x00,
    0x00,0x00,0x00,0x00,0x00,0x00,0x00,0x00,0x00,0x00,0x00,0x00,0x00,0x00,0x00,0x00,
    0x00,0x00,0x00,0x00,0x00,0x00,0x00,0x00,0x00,0x00,0x00,0x00,0x00,0x00,0x00,0x00,
    0x00,0x00,0x00,0x00,0x00,0x00,0x00,0x00,0x00,0x00,0x00,0x00,0x00,0x00,0x00,0x00,
    0x00,0x00,0x00,0x00,0x00,0x00,0x00,0x00,0x00,0x00,0x00,0x00,0x00,0x00,0x00,0x00,
    0x00,0x00,0x00,0x00,0x00,0x00,0x00,0x00,0x00,0x00,0x00,0x00,0x00,0x00,0x00,0x00,
    0x00,0x00,0x00,0x00,0x00,0x00,0x00,0x00,0x00,0x00,0x00,0x00,0x00,0x00,0x00,0x00,
    0x00,0x00,0x00,0x00,0x00,0x00,0x00,0x00,0x00,0x00,0x00,0x00,0x00,0x00,0x00,0x00,
    0x00,0x00,0x00,0x00,0x00,0x00,0x00,0x00,0x00,0x00,0x00,0x00,0x00,0x00,0x00,0x00,
    0x00,0x00,0x00,0x00,0x00,0x00,0x00,0x00,0x00,0x00,0x00,0x00,0x00,0x00,0x00,0x00,
    0x00,0x00,0x00,0x00,0x00,0x00,0x00,0x00,0x00,0x00,0x00,0x00,0x00,0x00,0x00,0x00,
    0x00,0x00,0x00,0x00,0x00,0x00,0x00,0x00,0x00,0x00,0x00,0x00,0x00,0x00,0x00,0x00,
    0x00,0x00,0x00,0x00,0x00,0x00,0x00,0x00,0x00,0x00,0x00,0x00,0x00,0x00,0x00,0x00,
    0x00,0x00,0x00,0x00,0x00,0x00,0x00,0x00,0x00,0x00,0x00,0x00,0x00,0x00,0x00,0x00,
    0x00,0x00,0x00,0x00,0x00,0x00,0x00,0x00,0x00,0x00,0x00,0x00,0x00,0x00,0x00,0x00,
    0x00,0x00,0x00,0x00,0x00,0x00,0x00,0x00,0x00,0x00,0x00,0x00,0x00,0x00,0x00,0x00,
    0x00,0x00,0x00,0x00,0x00,0x00,0x00,0x00,0x00,0x00,0x00,0x00,0x00,0x00,0x00,0x00,
    0x00,0x00,0x00,0x00,0x00,0x00,0x00,0x00,0x00,0x00,0x00,0x00,0x00,0x00,0x00,0x00,
    0x00,0x00,0x00,0x00,0x00,0x00,0x00,0x00,0x00,0x00,0x00,0x00,0x00,0x00,0x00,0x00,
    0x00,0x00,0x00,0x00,0x00,0x00,0x00,0x00,0x00,0x00,0x00,0x00,0x00,0x00,0x00,0x00,
    0x00,0x00,0x00,0x00,0x00,0x00,0x00,0x00,0x00,0x00,0x00,0x00,0x00,0x00,0x00,0x00,
    0x00,0x00,0x00,0x00,0x00,0x00,0x00,0x00,0x00,0x00,0x00,0x00,0x00,0x00,0x00,0x00,
    0x00,0x00,0x00,0x00,0x00,0x00,0x00,0x00,0x00,0x00,0x00,0x00,0x00,0x00,0x00,0x00,
    0x00,0x00,0x00,0x00,0x00,0x00,0x00,0x00,0x00,0x00,0x00,0x00,0x00,0x00,0x00,0x00,
    0x00,0x00,0x00,0x00,0x00,0x00,0x00,0x00,0x00,0x00,0x00,0x00,0x00,0x00,0x00,0x00,
    0x00,0x00,0x00,0x00,0x00,0x00,0x00,0x00,0x00,0x00,0x00,0x00,0x00,0x00,0x00,0x00,
    0x00,0x00,0x00,0x00,0x00,0x00,0x00,0x00,0x00,0x00,0x00,0x00,0x00,0x00,0x00,0x00,
    0x00,0x00,0x00,0x00,0x00,0x00,0x00,0x00,0x00,0x00,0x00,0x00,0x00,0x00,0x00,0x00,
    0x00,0x00,0x00,0x00,0x00,0x00,0x00,0x00,0x00,0x00,0x00,0x00,0x00,0x00,0x00,0x00,
    0x00,0x00,0x00,0x00,0x00,0x00,0x00,0x00,0x00,0x00,0x00,0x00,0x00,0x00,0x00,0x00,
    0x00,0x00,0x00,0x00,0x00,0x00,0x00,0x00,0x00,0x00,0x00,0x00,0x00,0x00,0x00,0x00,
    0x00,0x00,0x00,0x00,0x00,0x00,0x00,0x00,0x00,0x00,0x00,0x00,0x00,0x00,0x00,0x00,
    0x00,0x00,0x00,0x00,0x00,0x00,0x00,0x00,0x00,0x00,0x00,0x00,0x00,0x00,0x00,0x00,
    0x00,0x00,0x00,0x00,0x00,0x00,0x00,0x00,0x00,0x00,0x00,0x00,0x00,0x00,0x00,0x00,
    0x00,0x00,0x00,0x00,0x00,0x00,0x00,0x00,0x00,0x00,0x00,0x00,0x00,0x00,0x00,0x00,
    0x00,0x00,0x00,0x00,0x00,0x00,0x00,0x00,0x00,0x00,0x00,0x00,0x00,0x00,0x00,0x00,
    0x00,0x00,0x00,0x00,0x00,0x00,0x00,0x00,0x00,0x00,0x00,0x00,0x00,0x00,0x00,0x00,
    0x00,0x00,0x00,0x00,0x00,0x00,0x00,0x00,0x00,0x00,0x00,0x00,0x00,0x00,0x00,0x00,
    0x00,0x00,0x00,0x00,0x00,0x00,0x00,0x00,0x00,0x00,0x00,0x00,0x00,0x00,0x00,0x00,
    0x00,0x00,0x00,0x00,0x00,0x00,0x00,0x00,0x00,0x00,0x00,0x00,0x00,0x00,0x00,0x00,
    0x00,0x00,0x00,0x00,0x00,0x00,0x00,0x00,0x00,0x00,0x00,0x00,0x00,0x00,0x00,0x00,
    0x00,0x00,0x00,0x00,0x00,0x00,0x00,0x00,0x00,0x00,0x00,0x00,0x00,0x00,0x00,0x00,
    0x00,0x00,0x00,0x00,0x00,0x00,0x00,0x00,0x00,0x00,0x00,0x00,0x00,0x00,0x00,0x00,
    0x00,0x00,0x00,0x00,0x00,0x00,0x00,0x00,0x00,0x00,0x00,0x00,0x00,0x00,0x00,0x00,
    0x00,0x00,0x00,0x00,0x00,0x00,0x00,0x00,0x00,0x00,0x00,0x00,0x00,0x00,0x00,0x00,
    0x00,0x00,0x00,0x00,0x00,0x00,0x00,0x00,0x00,0x00,0x00,0x00,0x00,0x00,0x00,0x00,
    0x00,0x00,0x00,0x00,0x00,0x00,0x00,0x00,0x00,0x00,0x00,0x00,0x00,0x00,0x00,0x00,
    0x00,0x00,0x00,0x00,0x00,0x00,0x00,0x00,0x00,0x00,0x00,0x00,0x00,0x00,0x00,0x00,
    0x00,0x00,0x00,0x00,0x00,0x00,0x00,0x00,0x00,0x00,0x00,0x00,0x00,0x00,0x00,0x00,
    0x00,0x00,0x00,0x00,0x00,0x00,0x00,0x00,0x00,0x00,0x00,0x00,0x00,0x00,0x00,0x00,
    0x00,0x00,0x00,0x00,0x00,0x00,0x00,0x00,0x00,0x00,0x00,0x00,0x00,0x00,0x00,0x00,
    0x00,0x00,0x00,0x00,0x00,0x00,0x00,0x00,0x00,0x00,0x00,0x00,0x00,0x00,0x00,0x00,
    0x00,0x00,0x00,0x00,0x00,0x00,0x00,0x00,0x00,0x00,0x00,0x00,0x00,0x00,0x00,0x00,
    0x00,0x00,0x00,0x00,0x00,0x00,0x00,0x00,0x00,0x00,0x00,0x00,0x00,0x00,0x00,0x00,
    0x00,0x00,0x00,0x00,0x00,0x00,0x00,0x00,0x00,0x00,0x00,0x00,0x00,0x00,0x00,0x00,
    0x00,0x00,0x00,0x00,0x00,0x00,0x00,0x00,0x00,0x00,0x00,0x00,0x00,0x00,0x00,0x00,
    0x00,0x00,0x00,0x00,0x00,0x00,0x00,0x00,0x00,0x00,0x00,0x00,0x00,0x00,0x00,0x00,
    0x00,0x00,0x00,0x00,0x00,0x00,0x00,0x00,0x00,0x00,0x00,0x00,0x00,0x00,0x00,0x00,
    0x00,0x00,0x00,0x00,0x00,0x00,0x00,0x00,0x00,0x00,0x00,0x00,0x00,0x00,0x00,0x00,
    0x00,0x00,0x00,0x00,0x00,0x00,0x00,0x00,0x00,0x00,0x00,0x00,0x00,0x00,0x00,0x00,
    0x00,0x00,0x00,0x00,0x00,0x00,0x00,0x00,0x00,0x00,0x00,0x00,0x00,0x00,0x00,0x00,
    0x00,0x00,0x00,0x00,0x00,0x00,0x00,0x00,0x00,0x00,0x00,0x00,0x00,0x00,0x00,0x00,
    0x00,0x00,0x00,0x00,0x00,0x00,0x00,0x00,0x00,0x00,0x00,0x00,0x00,0x00,0x00,0x00,
    0x00,0x00,0x00,0x00,0x00,0x00,0x00,0x00,0x00,0x00,0x00,0x00,0x00,0x00,0x00,0x00,
    0x00,0x00,0x00,0x00,0x00,0x00,0x00,0x00,0x00,0x00,0x00,0x00,0x00,0x00,0x00,0x00,
    0x00,0x00,0x00,0x00,0x00,0x00,0x00,0x00,0x00,0x00,0x00,0x00,0x00,0x00,0x00,0x00,
    0x00,0x00,0x00,0x00,0x00,0x00,0x00,0x00,0x00,0x00,0x00,0x00,0x00,0x00,0x00,0x00,
    0x00,0x00,0x00,0x00,0x00,0x00,0x00,0x00,0x00,0x00,0x00,0x00,0x00,0x00,0x00,0x00,
    0x00,0x00,0x00,0x00,0x00,0x00,0x00,0x00,0x00,0x00,0x00,0x00,0x00,0x00,0x00,0x00,
    0x00,0x00,0x00,0x00,0x00,0x00,0x00,0x00,0x00,0x00,0x00,0x00,0x00,0x00,0x00,0x00,
    0x00,0x00,0x00,0x00,0x00,0x00,0x00,0x00,0x00,0x00,0x00,0x00,0x00,0x00,0x00,0x00,
    0x00,0x00,0x00,0x00,0x00,0x00,0x00,0x00,0x00,0x00,0x00,0x00,0x00,0x00,0x00,0x00,
    0x00,0x00,0x00,0x00,0x00,0x00,0x00,0x00,0x00,0x00,0x00,0x00,0x00,0x00,0x00,0x00,
    0x00,0x00,0x00,0x00,0x00,0x00,0x00,0x00,0x00,0x00,0x00,0x00,0x00,0x00,0x00,0x00,
    0x00,0x00,0x00,0x00,0x00,0x00,0x00,0x00,0x00,0x00,0x00,0x00,0x00,0x00,0x00,0x00,
    0x00,0x00,0x00,0x00,0x00,0x00,0x00,0x00,0x00,0x00,0x00,0x00,0x00,0x00,0x00,0x00,
    0x00,0x00,0x00,0x00,0x00,0x00,0x00,0x00,0x00,0x00,0x00,0x00,0x00,0x00,0x00,0x00,
    0x00,0x00,0x00,0x00,0x00,0x00,0x00,0x00,0x00,0x00,0x00,0x00,0x00,0x00,0x00,0x00,
    0x00,0x00,0x00,0x00,0x00,0x00,0x00,0x00,0x00,0x00,0x00,0x00,0x00,0x00,0x00,0x00,
    0x00,0x00,0x00,0x00,0x00,0x00,0x00,0x00,0x00,0x00,0x00,0x00,0x00,0x00,0x00,0x00,
    0x00,0x00,0x00,0x00,0x00,0x00,0x00,0x00,0x00,0x00,0x00,0x00,0x00,0x00,0x00,0x00,
    0x00,0x00,0x00,0x00,0x00,0x00,0x00,0x00,0x00,0x00,0x00,0x00,0x00,0x00,0x00,0x00,
    0x00,0x00,0x00,0x00,0x00,0x00,0x00,0x00,0x00,0x00,0x00,0x00,0x00,0x00,0x00,0x00,
    0x00,0x00,0x00,0x00,0x00,0x00,0x00,0x00,0x00,0x00,0x00,0x00,0x00,0x00,0x00,0x00,
    0x00,0x00,0x00,0x00,0x00,0x00,0x00,0x00,0x00,0x00,0x00,0x00,0x00,0x00,0x00,0x00,
    0x00,0x00,0x00,0x00,0x00,0x00,0x00,0x00,0x00,0x00,0x00,0x00,0x00,0x00,0x00,0x00,
    0x00,0x00,0x00,0x00,0x00,0x00,0x00,0x00,0x00,0x00,0x00,0x00,0x00,0x00,0x00,0x00,
    0x00,0x00,0x00,0x00,0x00,0x00,0x00,0x00,0x00,0x00,0x00,0x00,0x00,0x00,0x00,0x00,
    0x00,0x00,0x00,0x00,0x00,0x00,0x00,0x00,0x00,0x00,0x00,0x00,0x00,0x00,0x00,0x00,
    0x00,0x00,0x00,0x00,0x00,0x00,0x00,0x00,0x00,0x00,0x00,0x00,0x00,0x00,0x00,0x00,
    0x00,0x00,0x00,0x00,0x00,0x00,0x00,0x00,0x00,0x00,0x00,0x00,0x00,0x00,0x00,0x00,
    0x00,0x00,0x00,0x00,0x00,0x00,0x00,0x00,0x00,0x00,0x00,0x00,0x00,0x00,0x00,0x00,
    0x00,0x00,0x00,0x00,0x00,0x00,0x00,0x00,0x00,0x00,0x00,0x00,0x00,0x00,0x00,0x00,
    0x00,0x00,0x00,0x00,0x00,0x00,0x00,0x00,0x00,0x00,0x00,0x00,0x00,0x00,0x00,0x00,
    0x00,0x00,0x00,0x00,0x00,0x00,0x00,0x00,0x00,0x00,0x00,0x00,0x00,0x00,0x00,0x00,
    0x00,0x00,0x00,0x00,0x00,0x00,0x00,0x00,0x00,0x00,0x00,0x00,0x00,0x00,0x00,0x00,
    0x00,0x00,0x00,0x00,0x00,0x00,0x00,0x00,0x00,0x00,0x00,0x00,0x00,0x00,0x00,0x00,
};
